ISO-10303-21;
HEADER;
/****************************************************************
 * Generated by software with PDElib inside                    *
 * PDElib Version v51a, created Wed 11/30/2011                  *
 * ITI Transcendata (http://www.transcendata.com/)              *
 ****************************************************************/
FILE_DESCRIPTION((''),'2;1');
FILE_NAME('C:\\Users\\Bandvov\\Desktop\\forma_1.stp','2012-07-16T12:57:53',('Bandvov'),(''),'Autodesk Inventor 2013','Autodesk Inventor 2013','');
FILE_SCHEMA(('AUTOMOTIVE_DESIGN { 1 0 10303 214 1 1 1 1 }'));
ENDSEC;
DATA;
#5=APPLICATION_CONTEXT('automotive design');
#6=APPLICATION_PROTOCOL_DEFINITION('International Standard','automotive_design',2001,#5);
#7=PRODUCT_CONTEXT('',#5,'mechanical');
#8=PRODUCT('forma_1','forma_1',$,(#7));
#9=PRODUCT_RELATED_PRODUCT_CATEGORY('part',$,(#8));
#10=PRODUCT_DEFINITION_FORMATION('',$,#8);
#11=PRODUCT_DEFINITION_CONTEXT('part definition',#5,'design');
#12=PRODUCT_DEFINITION('',$,#10,#11);
#18=(NAMED_UNIT(*)PLANE_ANGLE_UNIT()SI_UNIT($,.RADIAN.));
#19=DIMENSIONAL_EXPONENTS(0.0,0.0,0.0,0.0,0.0,0.0,0.0);
#20=PLANE_ANGLE_MEASURE_WITH_UNIT(PLANE_ANGLE_MEASURE(0.0174532925),#18);
#24=(CONVERSION_BASED_UNIT('DEGREE',#20)NAMED_UNIT(#19)PLANE_ANGLE_UNIT());
#28=(NAMED_UNIT(*)SI_UNIT($,.STERADIAN.)SOLID_ANGLE_UNIT());
#32=(LENGTH_UNIT()NAMED_UNIT(*)SI_UNIT(.MILLI.,.METRE.));
#34=UNCERTAINTY_MEASURE_WITH_UNIT(LENGTH_MEASURE(0.01),#32,'DISTANCE_ACCURACY_VALUE','');
#36=(GEOMETRIC_REPRESENTATION_CONTEXT(3)GLOBAL_UNCERTAINTY_ASSIGNED_CONTEXT((#34))GLOBAL_UNIT_ASSIGNED_CONTEXT((#24,#28,#32))REPRESENTATION_CONTEXT('None','None'));
#37=AXIS2_PLACEMENT_3D('',#38,#39,#40);
#38=CARTESIAN_POINT('',(0.0,0.0,0.0));
#39=DIRECTION('',(0.0,0.0,1.0));
#40=DIRECTION('',(1.0,0.0,0.0));
#41=SHAPE_REPRESENTATION('',(#37),#36);
#42=PRODUCT_DEFINITION_SHAPE('','',#12);
#43=SHAPE_DEFINITION_REPRESENTATION(#42,#41);
#49=(NAMED_UNIT(*)PLANE_ANGLE_UNIT()SI_UNIT($,.RADIAN.));
#50=DIMENSIONAL_EXPONENTS(0.0,0.0,0.0,0.0,0.0,0.0,0.0);
#51=PLANE_ANGLE_MEASURE_WITH_UNIT(PLANE_ANGLE_MEASURE(0.0174532925),#49);
#55=(CONVERSION_BASED_UNIT('DEGREE',#51)NAMED_UNIT(#50)PLANE_ANGLE_UNIT());
#59=(NAMED_UNIT(*)SI_UNIT($,.STERADIAN.)SOLID_ANGLE_UNIT());
#63=(LENGTH_UNIT()NAMED_UNIT(*)SI_UNIT(.MILLI.,.METRE.));
#65=UNCERTAINTY_MEASURE_WITH_UNIT(LENGTH_MEASURE(0.000001),#63,'DISTANCE_ACCURACY_VALUE','');
#67=(GEOMETRIC_REPRESENTATION_CONTEXT(3)GLOBAL_UNCERTAINTY_ASSIGNED_CONTEXT((#65))GLOBAL_UNIT_ASSIGNED_CONTEXT((#55,#59,#63))REPRESENTATION_CONTEXT('','3D'));
#68=CARTESIAN_POINT('',(288.42397808278463,770.44096994779807,0.0));
#69=CARTESIAN_POINT('',(291.00651117620208,742.87256811210284,0.0));
#70=CARTESIAN_POINT('',(296.14645184524011,708.92817117640493,0.0));
#71=CARTESIAN_POINT('',(315.25983306762225,662.5857373662227,0.0));
#72=CARTESIAN_POINT('',(335.18049331938573,649.10698027594765,0.0));
#73=CARTESIAN_POINT('',(350.09980105719865,644.99317679772946,0.0));
#74=B_SPLINE_CURVE_WITH_KNOTS('',3,(#68,#69,#70,#71,#72,#73),.UNSPECIFIED.,.F.,.U.,(4,1,1,4),(0.0,0.558859228942544,0.684863864953562,1.0),.UNSPECIFIED.);
#75=CARTESIAN_POINT('',(118.85551844828268,499.27337266807967,0.0));
#76=DIRECTION('',(1.0,0.0,0.0));
#77=AXIS1_PLACEMENT('',#75,#76);
#78=SURFACE_OF_REVOLUTION('',#74,#77);
#79=CARTESIAN_POINT('',(289.93102199215309,499.27337266807967,256.83128570709539));
#80=VERTEX_POINT('',#79);
#81=CARTESIAN_POINT('',(311.85807070965836,499.27337266807973,173.81897504548584));
#82=VERTEX_POINT('',#81);
#83=CARTESIAN_POINT('',(289.93102199215309,499.27337266807967,256.83128570709539));
#84=CARTESIAN_POINT('',(292.61923965752271,499.27337266807962,234.04276202283225));
#85=CARTESIAN_POINT('',(297.91272163269053,499.27337266807962,205.62218623025035));
#86=CARTESIAN_POINT('',(308.88326432727405,499.27337266807973,178.77698003633714));
#87=CARTESIAN_POINT('',(311.85807070965836,499.27337266807973,173.81897504548584));
#88=B_SPLINE_CURVE_WITH_KNOTS('',3,(#83,#84,#85,#86,#87),.UNSPECIFIED.,.F.,.U.,(4,1,4),(0.096850618492851,0.558859228942544,0.675584735621635),.UNSPECIFIED.);
#89=EDGE_CURVE('',#80,#82,#88,.T.);
#90=ORIENTED_EDGE('',*,*,#89,.F.);
#91=CARTESIAN_POINT('',(288.42397808285864,515.13756234861046,270.70314608405909));
#92=VERTEX_POINT('',#91);
#93=CARTESIAN_POINT('',(289.93102199215298,499.27337266807967,256.8312857070955));
#94=CARTESIAN_POINT('',(289.39081534978828,504.44934996795803,261.41071840054502));
#95=CARTESIAN_POINT('',(288.89253568839069,509.71792170786182,266.01034777871729));
#96=CARTESIAN_POINT('',(288.42397808282283,515.13756234825871,270.70314608446171));
#97=B_SPLINE_CURVE_WITH_KNOTS('',3,(#93,#94,#95,#96),.UNSPECIFIED.,.F.,.U.,(4,4),(30.391547466704779,32.45334872604618),.UNSPECIFIED.);
#98=EDGE_CURVE('',#80,#92,#97,.T.);
#99=ORIENTED_EDGE('',*,*,#98,.T.);
#100=CARTESIAN_POINT('',(288.42397808278474,728.74312602986777,144.48355652646347));
#101=VERTEX_POINT('',#100);
#102=CARTESIAN_POINT('',(288.42397808278463,499.27337266807967,0.0));
#103=DIRECTION('',(-1.0,0.0,0.0));
#104=DIRECTION('',(0.0,0.0,1.0));
#105=AXIS2_PLACEMENT_3D('',#102,#103,#104);
#106=CIRCLE('',#105,271.16759727971845);
#107=EDGE_CURVE('',#92,#101,#106,.T.);
#108=ORIENTED_EDGE('',*,*,#107,.T.);
#109=CARTESIAN_POINT('',(288.42397808278457,728.74312602986765,144.4835565264635));
#110=CARTESIAN_POINT('',(289.65084386385195,709.58921058610144,150.32391991919698));
#111=CARTESIAN_POINT('',(291.10540645392268,691.15341337528184,155.63520050391205));
#112=CARTESIAN_POINT('',(295.14405728783822,648.60361645255921,166.39292294314805));
#113=CARTESIAN_POINT('',(297.91426750904338,624.35328049409986,171.49365074947917));
#114=CARTESIAN_POINT('',(301.76449284516542,591.67910852179284,175.55259537115359));
#115=CARTESIAN_POINT('',(302.76394772150365,583.29307701443929,176.33026285717102));
#116=CARTESIAN_POINT('',(305.72385537884298,557.99764747446,177.86186403566799));
#117=CARTESIAN_POINT('',(307.61743806896004,541.13080990312005,177.80728994770817));
#118=CARTESIAN_POINT('',(310.22761396294334,516.23179578786164,176.03636619945337));
#119=CARTESIAN_POINT('',(311.07768338508595,507.73125742564798,175.1196191051946));
#120=CARTESIAN_POINT('',(311.85807070965831,499.27337266807979,173.81897504548587));
#121=B_SPLINE_CURVE_WITH_KNOTS('',3,(#109,#110,#111,#112,#113,#114,#115,#116,#117,#118,#119,#120),.UNSPECIFIED.,.F.,.U.,(4,2,2,2,2,4),(0.0,6.018627492442063,13.495468340233796,16.156424703138676,21.416105567177951,24.128489866019798),.UNSPECIFIED.);
#122=EDGE_CURVE('',#101,#82,#121,.T.);
#123=ORIENTED_EDGE('',*,*,#122,.T.);
#124=EDGE_LOOP('',(#90,#99,#108,#123));
#125=FACE_OUTER_BOUND('',#124,.T.);
#126=ADVANCED_FACE('',(#125),#78,.F.);
#127=CARTESIAN_POINT('',(316.69667832656432,578.13845254323974,0.0));
#128=DIRECTION('',(-1.0,0.0,0.0));
#129=DIRECTION('',(0.0,0.0,1.0));
#130=AXIS2_PLACEMENT_3D('',#127,#128,#129);
#131=PLANE('',#130);
#132=CARTESIAN_POINT('',(316.69667832656432,499.27337266807967,78.865079875160063));
#133=VERTEX_POINT('',#132);
#134=CARTESIAN_POINT('',(316.69667832656432,499.27337266807967,0.0));
#135=DIRECTION('',(-1.0,0.0,0.0));
#136=DIRECTION('',(0.0,0.0,1.0));
#137=AXIS2_PLACEMENT_3D('',#134,#135,#136);
#138=CIRCLE('',#137,78.865079875160063);
#139=EDGE_CURVE('',#133,#133,#138,.T.);
#140=ORIENTED_EDGE('',*,*,#139,.F.);
#141=EDGE_LOOP('',(#140));
#142=FACE_OUTER_BOUND('',#141,.T.);
#143=CARTESIAN_POINT('',(316.69667832656432,536.82283475502334,-8.472634852900109));
#144=VERTEX_POINT('',#143);
#145=CARTESIAN_POINT('',(316.69667832656432,544.8016244425163,-8.472634852900118));
#146=VERTEX_POINT('',#145);
#147=CARTESIAN_POINT('',(316.69667832656432,536.82283475502334,-8.472634852900116));
#148=DIRECTION('',(0.0,1.0,0.0));
#149=VECTOR('',#148,7.978789687492849);
#150=LINE('',#147,#149);
#151=EDGE_CURVE('',#144,#146,#150,.T.);
#152=ORIENTED_EDGE('',*,*,#151,.F.);
#153=CARTESIAN_POINT('',(316.69667832656432,536.82283475502334,8.472634852900116));
#154=VERTEX_POINT('',#153);
#155=CARTESIAN_POINT('',(316.69667832656432,499.27337266807967,0.0));
#156=DIRECTION('',(-1.0,0.0,0.0));
#157=DIRECTION('',(0.0,0.0,1.0));
#158=AXIS2_PLACEMENT_3D('',#155,#156,#157);
#159=CIRCLE('',#158,38.493475348030096);
#160=EDGE_CURVE('',#154,#144,#159,.F.);
#161=ORIENTED_EDGE('',*,*,#160,.F.);
#162=CARTESIAN_POINT('',(316.69667832656432,544.8016244425163,8.472634852900118));
#163=VERTEX_POINT('',#162);
#164=CARTESIAN_POINT('',(316.69667832656432,544.8016244425163,8.472634852900118));
#165=DIRECTION('',(0.0,-1.0,0.0));
#166=VECTOR('',#165,7.978789687492849);
#167=LINE('',#164,#166);
#168=EDGE_CURVE('',#163,#154,#167,.T.);
#169=ORIENTED_EDGE('',*,*,#168,.F.);
#170=CARTESIAN_POINT('',(316.69667832656432,544.8016244425163,-8.472634852900118));
#171=DIRECTION('',(0.0,0.0,1.0));
#172=VECTOR('',#171,16.945269705800236);
#173=LINE('',#170,#172);
#174=EDGE_CURVE('',#146,#163,#173,.T.);
#175=ORIENTED_EDGE('',*,*,#174,.F.);
#176=EDGE_LOOP('',(#152,#161,#169,#175));
#177=FACE_BOUND('',#176,.T.);
#178=ADVANCED_FACE('',(#142,#177),#131,.F.);
#179=CARTESIAN_POINT('',(142.45778018179061,499.27337266807967,0.0));
#180=DIRECTION('',(1.0,0.0,0.0));
#181=DIRECTION('',(0.0,0.0,-1.0));
#182=AXIS2_PLACEMENT_3D('',#179,#180,#181);
#183=PLANE('',#182);
#184=CARTESIAN_POINT('',(142.45778018179061,499.27337266807967,74.970328125050713));
#185=VERTEX_POINT('',#184);
#186=CARTESIAN_POINT('',(142.45778018179061,499.27337266807967,0.0));
#187=DIRECTION('',(-1.0,0.0,0.0));
#188=DIRECTION('',(0.0,0.0,1.0));
#189=AXIS2_PLACEMENT_3D('',#186,#187,#188);
#190=CIRCLE('',#189,74.970328125050713);
#191=EDGE_CURVE('',#185,#185,#190,.T.);
#192=ORIENTED_EDGE('',*,*,#191,.T.);
#193=EDGE_LOOP('',(#192));
#194=FACE_OUTER_BOUND('',#193,.T.);
#195=CARTESIAN_POINT('',(142.45778018179064,544.8016244425163,-8.472634852900118));
#196=VERTEX_POINT('',#195);
#197=CARTESIAN_POINT('',(142.45778018179061,536.82283475502334,-8.472634852900109));
#198=VERTEX_POINT('',#197);
#199=CARTESIAN_POINT('',(142.45778018179061,544.8016244425163,-8.472634852900118));
#200=DIRECTION('',(0.0,-1.0,0.0));
#201=VECTOR('',#200,7.978789687492849);
#202=LINE('',#199,#201);
#203=EDGE_CURVE('',#196,#198,#202,.T.);
#204=ORIENTED_EDGE('',*,*,#203,.F.);
#205=CARTESIAN_POINT('',(142.45778018179064,544.8016244425163,8.472634852900118));
#206=VERTEX_POINT('',#205);
#207=CARTESIAN_POINT('',(142.45778018179061,544.8016244425163,8.472634852900118));
#208=DIRECTION('',(0.0,0.0,-1.0));
#209=VECTOR('',#208,16.945269705800236);
#210=LINE('',#207,#209);
#211=EDGE_CURVE('',#206,#196,#210,.T.);
#212=ORIENTED_EDGE('',*,*,#211,.F.);
#213=CARTESIAN_POINT('',(142.45778018179064,536.82283475502334,8.472634852900116));
#214=VERTEX_POINT('',#213);
#215=CARTESIAN_POINT('',(142.45778018179061,536.82283475502334,8.472634852900116));
#216=DIRECTION('',(0.0,1.0,0.0));
#217=VECTOR('',#216,7.978789687492849);
#218=LINE('',#215,#217);
#219=EDGE_CURVE('',#214,#206,#218,.T.);
#220=ORIENTED_EDGE('',*,*,#219,.F.);
#221=CARTESIAN_POINT('',(142.45778018179061,499.27337266807967,0.0));
#222=DIRECTION('',(1.0,0.0,0.0));
#223=DIRECTION('',(0.0,0.0,-1.0));
#224=AXIS2_PLACEMENT_3D('',#221,#222,#223);
#225=CIRCLE('',#224,38.493475348030096);
#226=EDGE_CURVE('',#198,#214,#225,.F.);
#227=ORIENTED_EDGE('',*,*,#226,.F.);
#228=EDGE_LOOP('',(#204,#212,#220,#227));
#229=FACE_BOUND('',#228,.T.);
#230=ADVANCED_FACE('',(#194,#229),#183,.F.);
#231=CARTESIAN_POINT('',(347.57602444861607,517.57325081820409,297.38608158563886));
#232=CARTESIAN_POINT('',(335.85763158939085,517.57325081820409,297.38608158563886));
#233=CARTESIAN_POINT('',(312.42084587094052,517.5732508182042,297.38608158563846));
#234=CARTESIAN_POINT('',(277.2656672932651,517.57325081820409,297.38608158563949));
#235=CARTESIAN_POINT('',(242.11048871558938,517.57325081820386,297.38608158563835));
#236=CARTESIAN_POINT('',(218.67370299713906,517.57325081820409,297.38608158563886));
#237=CARTESIAN_POINT('',(206.9553101379139,517.57325081820409,297.38608158563886));
#238=CARTESIAN_POINT('',(345.4657434515259,466.36535479104651,261.79250348194836));
#239=CARTESIAN_POINT('',(333.92320734205828,468.01742492545532,261.16176323435542));
#240=CARTESIAN_POINT('',(310.83813512312287,471.32156519427298,259.90028273916909));
#241=CARTESIAN_POINT('',(276.21052679472001,476.27777559749916,258.00806199639101));
#242=CARTESIAN_POINT('',(241.58291846631684,481.23398600072534,256.11584125361099));
#243=CARTESIAN_POINT('',(218.4978462473816,484.53812626954311,254.85436075842551));
#244=CARTESIAN_POINT('',(206.95531013791393,486.19019640395175,254.22362051083246));
#245=CARTESIAN_POINT('',(343.2987407080555,409.71516649201754,226.70845691373654));
#246=CARTESIAN_POINT('',(331.93678816054376,413.80456553029364,224.65157513294196));
#247=CARTESIAN_POINT('',(309.21288306552009,421.98336360684584,220.53781157135248));
#248=CARTESIAN_POINT('',(275.12702542298496,434.25156072167391,214.36716622896935));
#249=CARTESIAN_POINT('',(241.0411677804492,446.51975783650198,208.19652088658478));
#250=CARTESIAN_POINT('',(218.31726268542576,454.69855591305424,204.0827573249959));
#251=CARTESIAN_POINT('',(206.95531013791393,458.78795495133011,202.02587554420131));
#252=CARTESIAN_POINT('',(338.92622224025513,325.9562023849349,128.47987392140428));
#253=CARTESIAN_POINT('',(327.9286462317267,336.58710063936314,125.15778239815953));
#254=CARTESIAN_POINT('',(305.93349421466962,357.84889714821952,118.51359935166991));
#255=CARTESIAN_POINT('',(272.9407661890848,389.74159191150386,108.54732478193603));
#256=CARTESIAN_POINT('',(239.94803816349895,421.63428667478843,98.581050212201376));
#257=CARTESIAN_POINT('',(217.95288614644235,442.89608318364481,91.936867165712059));
#258=CARTESIAN_POINT('',(206.95531013791393,453.52698143807299,88.614775642467293));
#259=CARTESIAN_POINT('',(336.66398476954492,299.64476274424266,62.476177446039884));
#260=CARTESIAN_POINT('',(325.85492855024222,314.50266524204432,59.484349200849486));
#261=CARTESIAN_POINT('',(304.23681611163693,344.21847023764803,53.500692710468655));
#262=CARTESIAN_POINT('',(271.80964745372984,388.79217773105319,44.525207974897654));
#263=CARTESIAN_POINT('',(239.38247879582133,433.36588522445874,35.549723239326305));
#264=CARTESIAN_POINT('',(217.76436635721649,463.08169022006234,29.566066748945616));
#265=CARTESIAN_POINT('',(206.95531013791393,477.93959271786423,26.574238503755232));
#266=CARTESIAN_POINT('',(334.45846904521483,301.79085014365648,0.0));
#267=CARTESIAN_POINT('',(323.83320580293969,320.94852174715254,0.0));
#268=CARTESIAN_POINT('',(302.58267931838935,359.26386495414505,0.0));
#269=CARTESIAN_POINT('',(270.70688959156479,416.73687976463327,0.0));
#270=CARTESIAN_POINT('',(238.83109986473869,474.20989457512189,0.0));
#271=CARTESIAN_POINT('',(217.58057338018898,512.52523778211423,0.0));
#272=CARTESIAN_POINT('',(206.9553101379139,531.6829093856104,0.0));
#273=B_SPLINE_SURFACE_WITH_KNOTS('',3,3,((#231,#238,#245,#252,#259,#266),(#232,#239,#246,#253,#260,#267),(#233,#240,#247,#254,#261,#268),(#234,#241,#248,#255,#262,#269),(#235,#242,#249,#256,#263,#270),(#236,#243,#250,#257,#264,#271),(#237,#244,#251,#258,#265,#272)),.UNSPECIFIED.,.F.,.F.,.F.,(4,1,1,1,4),(4,1,1,4),(0.089248257327254,0.316936192995441,0.544624128663627,0.772312064331814,1.0),(0.0,0.482623689901014,0.495596018502453,1.0),.UNSPECIFIED.);
#274=CARTESIAN_POINT('',(288.42397808278463,488.88181896793077,270.96841407468969));
#275=VERTEX_POINT('',#274);
#276=CARTESIAN_POINT('',(316.95781407849688,332.75002696174477,7.264116397112833));
#277=VERTEX_POINT('',#276);
#278=CARTESIAN_POINT('',(288.42397808280458,488.88181896769208,270.96841407446698));
#279=CARTESIAN_POINT('',(289.65084386306927,474.24695818998083,257.30081842356481));
#280=CARTESIAN_POINT('',(291.10540645369082,460.42935566368533,243.99058998520118));
#281=CARTESIAN_POINT('',(295.14405728825989,429.83799627875771,212.52024613920713));
#282=CARTESIAN_POINT('',(297.91426750966258,413.29546844070904,194.06920305096347));
#283=CARTESIAN_POINT('',(301.76449285725516,393.44323324103345,167.80201230777254));
#284=CARTESIAN_POINT('',(302.76394772816548,388.57673772646604,160.92832976844312));
#285=CARTESIAN_POINT('',(305.72385525796494,374.60261803005886,139.7876466882839));
#286=CARTESIAN_POINT('',(307.61743782876317,366.21646226555043,125.15325078644466));
#287=CARTESIAN_POINT('',(311.18913124379532,351.27952191933548,94.435144466022777));
#288=CARTESIAN_POINT('',(312.85423914688391,344.66184526777079,77.735556584945428));
#289=CARTESIAN_POINT('',(315.41569173558128,335.34764530425559,43.044482428049506));
#290=CARTESIAN_POINT('',(316.30155495742861,332.75431104849815,25.294673027259034));
#291=CARTESIAN_POINT('',(316.95781416726516,332.75002704119038,7.264116400324885));
#292=B_SPLINE_CURVE_WITH_KNOTS('',3,(#278,#279,#280,#281,#282,#283,#284,#285,#286,#287,#288,#289,#290,#291),.UNSPECIFIED.,.F.,.U.,(4,2,2,2,2,2,4),(0.0,6.018627295871845,13.49546789785399,16.156424202894076,21.416104655709432,27.065180140309852,32.783741971847114),.UNSPECIFIED.);
#293=EDGE_CURVE('',#275,#277,#292,.T.);
#294=ORIENTED_EDGE('',*,*,#293,.F.);
#295=CARTESIAN_POINT('',(235.98124314167296,496.31048221126514,271.15140992895277));
#296=VERTEX_POINT('',#295);
#297=CARTESIAN_POINT('',(288.42397808278463,488.8818189679306,270.96841407468969));
#298=CARTESIAN_POINT('',(279.72148339896813,490.26342968219245,271.02139841228853));
#299=CARTESIAN_POINT('',(270.95484069051975,491.5679284641144,271.06089155887332));
#300=CARTESIAN_POINT('',(253.50242820391668,494.02949109052099,271.11968557382698));
#301=CARTESIAN_POINT('',(244.72484061401821,495.1994375184513,271.13926944472985));
#302=CARTESIAN_POINT('',(235.98124316848345,496.31048242246959,271.1514099093863));
#303=B_SPLINE_CURVE_WITH_KNOTS('',3,(#297,#298,#299,#300,#301,#302),.UNSPECIFIED.,.F.,.U.,(4,2,4),(0.000000999999997,2.643493187274981,5.288203533568019),.UNSPECIFIED.);
#304=EDGE_CURVE('',#275,#296,#303,.T.);
#305=ORIENTED_EDGE('',*,*,#304,.T.);
#306=CARTESIAN_POINT('',(237.44596369993698,453.49502185307421,203.39192677003513));
#307=VERTEX_POINT('',#306);
#308=CARTESIAN_POINT('',(235.98124316848367,496.31048242246953,271.15140990938625));
#309=CARTESIAN_POINT('',(236.09052972784266,492.23545459359286,265.84028166845798));
#310=CARTESIAN_POINT('',(236.2054733280915,488.25364797177662,260.45674594280206));
#311=CARTESIAN_POINT('',(236.44326792670628,480.52706525404983,249.53413961999871));
#312=CARTESIAN_POINT('',(236.56613863867204,476.78118875173845,243.99390412233083));
#313=CARTESIAN_POINT('',(236.81603369783352,469.56913997135666,232.72528493603693));
#314=CARTESIAN_POINT('',(236.94313489297471,466.10083225876446,226.99282605346554));
#315=CARTESIAN_POINT('',(237.19632313228476,459.51954154794896,215.3438687312572));
#316=CARTESIAN_POINT('',(237.32246860372379,456.40407603406464,209.42407468857127));
#317=CARTESIAN_POINT('',(237.44596369993701,453.49502185307421,203.39192677003513));
#318=B_SPLINE_CURVE_WITH_KNOTS('',3,(#308,#309,#310,#311,#312,#313,#314,#315,#316,#317),.UNSPECIFIED.,.F.,.U.,(4,2,2,2,4),(0.0,0.250000000000001,0.5,0.75,1.0),.UNSPECIFIED.);
#319=EDGE_CURVE('',#296,#307,#318,.T.);
#320=ORIENTED_EDGE('',*,*,#319,.T.);
#321=CARTESIAN_POINT('',(283.16873095989934,391.82058450708467,6.131119612030488));
#322=VERTEX_POINT('',#321);
#323=CARTESIAN_POINT('',(237.44596369993701,453.49502185307421,203.39192677003513));
#324=CARTESIAN_POINT('',(237.52871224664742,451.54579461118232,199.3500539418265));
#325=CARTESIAN_POINT('',(237.74443153172982,449.65208798832452,195.31289895160137));
#326=CARTESIAN_POINT('',(238.08147191055809,447.80078486800795,191.28365850626125));
#327=CARTESIAN_POINT('',(238.41895380001145,445.94705660800673,187.2491399026357));
#328=CARTESIAN_POINT('',(238.8780731771682,444.13584308488817,183.22255607388894));
#329=CARTESIAN_POINT('',(239.44633304076032,442.35595015699909,179.20596686857499));
#330=CARTESIAN_POINT('',(239.45349187474426,442.33352739094369,179.15536661128971));
#331=CARTESIAN_POINT('',(239.46066803033077,442.31110959660413,179.10476793994977));
#332=CARTESIAN_POINT('',(239.46786147965253,442.28869675819573,179.05417085721712));
#333=CARTESIAN_POINT('',(240.03244322632082,440.52961305712051,175.08303155146842));
#334=CARTESIAN_POINT('',(240.70367036756355,438.8007546783316,171.12101954342347));
#335=CARTESIAN_POINT('',(241.46803200348469,437.09480119923342,167.17002547031518));
#336=CARTESIAN_POINT('',(242.24335744759685,435.36437795890089,163.16235934677181));
#337=CARTESIAN_POINT('',(243.11450264506948,433.65751992791115,159.16602579875484));
#338=CARTESIAN_POINT('',(244.06555142028662,431.96767007710355,155.17877516255544));
#339=CARTESIAN_POINT('',(244.0841510713831,431.93462170098479,155.100796542951));
#340=CARTESIAN_POINT('',(244.10278128405457,431.90157983154273,155.02282139802227));
#341=CARTESIAN_POINT('',(244.12144190937403,431.86854441435901,154.94484972887497));
#342=CARTESIAN_POINT('',(245.05897340849887,430.20880666890366,151.02746247021955));
#343=CARTESIAN_POINT('',(246.07321666675887,428.56553483754726,147.11951816761689));
#344=CARTESIAN_POINT('',(247.1454439862178,426.93152241541975,143.22006951218646));
#345=CARTESIAN_POINT('',(247.16742415705363,426.89802590629859,143.14013259390774));
#346=CARTESIAN_POINT('',(247.18942870513882,426.86453329273411,143.06019924531856));
#347=CARTESIAN_POINT('',(247.21145745577763,426.83104458491835,142.98026944004019));
#348=CARTESIAN_POINT('',(248.287813804363,425.194738293451,139.07478452339052));
#349=CARTESIAN_POINT('',(249.4219886273693,423.56770238486695,135.17775767458386));
#350=CARTESIAN_POINT('',(250.59437482336699,421.95040017858844,131.28476817731493));
#351=CARTESIAN_POINT('',(250.61645274054698,421.91994377754315,131.21145692544522));
#352=CARTESIAN_POINT('',(250.6385442193255,421.88949082872955,131.13814710647534));
#353=CARTESIAN_POINT('',(250.66064913166531,421.85904137580167,131.06483866454246));
#354=CARTESIAN_POINT('',(251.83827230289825,420.23686885740466,127.15938459442269));
#355=CARTESIAN_POINT('',(253.05397923940035,418.62464922062173,123.2578554889983));
#356=CARTESIAN_POINT('',(254.28818227239179,417.02941913004616,119.35299718559656));
#357=CARTESIAN_POINT('',(254.30736301967968,417.00462766185535,119.29231178918246));
#358=CARTESIAN_POINT('',(254.3265482376778,416.97984029602543,119.23162558972115));
#359=CARTESIAN_POINT('',(254.34573785540044,416.95505708504538,119.17093856384936));
#360=CARTESIAN_POINT('',(255.58570449842057,415.35365181651338,115.24955311299539));
#361=CARTESIAN_POINT('',(256.8440129893728,413.76958884859891,111.32461345280063));
#362=CARTESIAN_POINT('',(258.10258171071183,412.21582253440539,107.38679712527301));
#363=CARTESIAN_POINT('',(258.11678847565599,412.1982835693654,107.3423469256057));
#364=CARTESIAN_POINT('',(258.13099527433479,412.18074846640894,107.29789508450322));
#365=CARTESIAN_POINT('',(258.14520208450199,412.16321725083321,107.25344158881909));
#366=CARTESIAN_POINT('',(259.40946735059742,410.60311285976775,103.29752116132022));
#367=CARTESIAN_POINT('',(260.67256006308867,409.07532099320827,99.332281788721389));
#368=CARTESIAN_POINT('',(261.918798692856,407.59761065250848,95.34848101751102));
#369=CARTESIAN_POINT('',(261.92719156306163,407.58765892192116,95.321651867780616));
#370=CARTESIAN_POINT('',(261.93558366863988,407.57770946379475,95.294821875812957));
#371=CARTESIAN_POINT('',(261.94397500630367,407.56776228405261,95.267991037808201));
#372=CARTESIAN_POINT('',(263.19532638629272,406.08439722403176,91.266864220063439));
#373=CARTESIAN_POINT('',(264.42957392205574,404.65172569503829,87.246940312502929));
#374=CARTESIAN_POINT('',(265.63470231016908,403.29072772272821,83.199087625917855));
#375=CARTESIAN_POINT('',(265.63764063377488,403.28740936054442,83.189218220119045));
#376=CARTESIAN_POINT('',(265.64057878425029,403.28409142448123,83.179348648271116));
#377=CARTESIAN_POINT('',(265.6435167614776,403.28077391487062,83.169478910262001));
#378=CARTESIAN_POINT('',(266.85144106263118,401.91680810850704,79.111620232422425));
#379=CARTESIAN_POINT('',(268.03007209557268,400.62492607640502,75.02567295158201));
#380=CARTESIAN_POINT('',(269.17140005301172,399.42811901254061,70.903040944826884));
#381=CARTESIAN_POINT('',(269.172754055734,399.42669919274914,70.898150102607616));
#382=CARTESIAN_POINT('',(269.17410800594405,399.42527950679755,70.893259208748944));
#383=CARTESIAN_POINT('',(269.17546190362793,399.42385995472449,70.888368263236885));
#384=CARTESIAN_POINT('',(270.31534742349515,398.22869811055853,66.770540133526751));
#385=CARTESIAN_POINT('',(271.41800634472622,397.12841095183393,62.616105337902859));
#386=CARTESIAN_POINT('',(272.47946903176734,396.1472853899499,58.417211157833471));
#387=CARTESIAN_POINT('',(272.48351871423364,396.14354220892835,58.401191576225571));
#388=CARTESIAN_POINT('',(272.48756779534421,396.13980076408046,58.385171355690197));
#389=CARTESIAN_POINT('',(272.4916162748932,396.13606105674478,58.369150495720319));
#390=CARTESIAN_POINT('',(273.02373117788829,395.64452985791445,56.263436919645926));
#391=CARTESIAN_POINT('',(273.54545467846174,395.18301141898155,54.146677898355577));
#392=CARTESIAN_POINT('',(274.056707924264,394.75469611611766,52.01764767851359));
#393=CARTESIAN_POINT('',(274.56232080606236,394.33110617047407,49.9121058286985));
#394=CARTESIAN_POINT('',(275.05769317622531,393.93999035369484,47.794561887013273));
#395=CARTESIAN_POINT('',(275.54276275712283,393.58459234502112,45.664404857032217));
#396=CARTESIAN_POINT('',(275.54780658984077,393.58089685848762,45.642255136362778));
#397=CARTESIAN_POINT('',(275.55284931096361,393.57720523364065,45.620104033250186));
#398=CARTESIAN_POINT('',(275.55789092000509,393.57351747441243,45.59795154917677));
#399=CARTESIAN_POINT('',(276.04227447795574,393.21920798291245,43.469603443526523));
#400=CARTESIAN_POINT('',(276.51638749840168,392.90060053356541,41.328503410896488));
#401=CARTESIAN_POINT('',(276.98043607943299,392.62115449969758,39.173750628303125));
#402=CARTESIAN_POINT('',(276.98537216349138,392.61818203265568,39.150830526196053));
#403=CARTESIAN_POINT('',(276.99030718225021,392.61521395710565,39.127908504273307));
#404=CARTESIAN_POINT('',(276.99524113534096,392.6122502779105,39.104984563430477));
#405=CARTESIAN_POINT('',(277.45898329921988,392.33369412268348,36.950363768384264));
#406=CARTESIAN_POINT('',(277.91330102491611,392.09401661548384,34.778772890204259));
#407=CARTESIAN_POINT('',(278.3551153929053,391.89816202675814,32.606361624963938));
#408=CARTESIAN_POINT('',(278.35956026512372,391.89619163221386,32.584506087481401));
#409=CARTESIAN_POINT('',(278.36400391245019,391.8942256459531,32.562650299125863));
#410=CARTESIAN_POINT('',(278.36844633247352,391.89226407262379,32.540794272896619));
#411=CARTESIAN_POINT('',(278.81416109880041,391.69545643320487,30.347945876665531));
#412=CARTESIAN_POINT('',(279.24752068404865,391.54307085930037,28.152703060362924));
#413=CARTESIAN_POINT('',(279.66935898543363,391.43746872102145,25.954475200791482));
#414=CARTESIAN_POINT('',(280.09083164644659,391.33195811640587,23.758152717876968));
#415=CARTESIAN_POINT('',(280.50080309062889,391.27314984985111,21.558849928529064));
#416=CARTESIAN_POINT('',(280.89994346494956,391.26368432044438,19.356928650605763));
#417=CARTESIAN_POINT('',(281.69726721339771,391.24477595668759,14.958365538343228));
#418=CARTESIAN_POINT('',(282.45136408147039,391.42276283768058,10.549350697420881));
#419=CARTESIAN_POINT('',(283.16873095984431,391.82058450703715,6.131119612415215));
#420=B_SPLINE_CURVE_WITH_KNOTS('',3,(#323,#324,#325,#326,#327,#328,#329,#330,#331,#332,#333,#334,#335,#336,#337,#338,#339,#340,#341,#342,#343,#344,#345,#346,#347,#348,#349,#350,#351,#352,#353,#354,#355,#356,#357,#358,#359,#360,#361,#362,#363,#364,#365,#366,#367,#368,#369,#370,#371,#372,#373,#374,#375,#376,#377,#378,#379,#380,#381,#382,#383,#384,#385,#386,#387,#388,#389,#390,#391,#392,#393,#394,#395,#396,#397,#398,#399,#400,#401,#402,#403,#404,#405,#406,#407,#408,#409,#410,#411,#412,#413,#414,#415,#416,#417,#418,#419),.UNSPECIFIED.,.F.,.U.,(4,3,3,3,3,3,3,3,3,3,3,3,3,3,3,3,3,3,3,3,3,3,3,3,3,3,3,3,3,3,3,3,4),(0.0,0.062067874653874,0.124217055963755,0.125,0.186449784624153,0.248780989272991,0.25,0.311244515378095,0.312499999999999,0.3738447791704,0.374999999999999,0.436543551764149,0.437499999999999,0.499302372791917,0.5,0.562081905613032,0.5625,0.62484798420188,0.625,0.6875,0.6875741462343,0.75,0.750238166530509,0.781541760569954,0.8125,0.812821908829322,0.84375,0.844078982059258,0.875,0.87531108081486,0.906522292716249,0.93770645141006,1.0),.UNSPECIFIED.);
#421=EDGE_CURVE('',#307,#322,#420,.T.);
#422=ORIENTED_EDGE('',*,*,#421,.T.);
#423=CARTESIAN_POINT('',(283.16873095984431,391.82058450703715,6.131119612415131));
#424=CARTESIAN_POINT('',(294.42296779644215,372.12652031679204,6.565842067056861));
#425=CARTESIAN_POINT('',(305.69365738459697,352.44056197786512,6.939952895028803));
#426=CARTESIAN_POINT('',(316.95781416475182,332.75002704120675,7.264116469381379));
#427=QUASI_UNIFORM_CURVE('',3,(#423,#424,#425,#426),.UNSPECIFIED.,.F.,.U.);
#428=EDGE_CURVE('',#322,#277,#427,.T.);
#429=ORIENTED_EDGE('',*,*,#428,.T.);
#430=EDGE_LOOP('',(#294,#305,#320,#422,#429));
#431=FACE_OUTER_BOUND('',#430,.T.);
#432=ADVANCED_FACE('',(#431),#273,.T.);
#433=CARTESIAN_POINT('',(206.9553101379139,535.23220267538261,287.99665032992101));
#434=CARTESIAN_POINT('',(218.67370299713906,535.23220267538261,287.99665032992101));
#435=CARTESIAN_POINT('',(242.11048871558938,535.23220267538227,287.99665032992147));
#436=CARTESIAN_POINT('',(277.2656672932651,535.23220267538329,287.99665032992067));
#437=CARTESIAN_POINT('',(312.42084587094035,535.23220267538204,287.99665032992118));
#438=CARTESIAN_POINT('',(335.85763158939085,535.23220267538261,287.99665032992101));
#439=CARTESIAN_POINT('',(347.57602444861607,535.23220267538261,287.99665032992101));
#440=CARTESIAN_POINT('',(209.06559113500407,503.86015446532338,247.08641545019191));
#441=CARTESIAN_POINT('',(220.60812724447175,502.20808433091469,247.7171556977849));
#442=CARTESIAN_POINT('',(243.69319946340698,498.90394406209668,248.97863619297127));
#443=CARTESIAN_POINT('',(278.32080779181024,493.94773365887136,250.87085693574954));
#444=CARTESIAN_POINT('',(312.94841612021281,488.99152325564398,252.76307767852896));
#445=CARTESIAN_POINT('',(336.03348833914833,485.68738298682689,254.02455817371481));
#446=CARTESIAN_POINT('',(347.57602444861607,484.03531285241809,254.65529842130786));
#447=CARTESIAN_POINT('',(211.2325938784744,475.59802457102955,198.1168327859034));
#448=CARTESIAN_POINT('',(222.59454642598615,471.50862553275363,200.17371456669804));
#449=CARTESIAN_POINT('',(245.31845152100968,463.32982745620114,204.28747812828749));
#450=CARTESIAN_POINT('',(279.40430916354546,451.06163034137376,210.45812347067078));
#451=CARTESIAN_POINT('',(313.49016680608042,438.79343322654478,216.6287688130549));
#452=CARTESIAN_POINT('',(336.21407190110415,430.61463514999303,220.74253237464404));
#453=CARTESIAN_POINT('',(347.57602444861607,426.52523611171705,222.79941415543863));
#454=CARTESIAN_POINT('',(215.60511234627481,466.69284333782684,89.323339715877808));
#455=CARTESIAN_POINT('',(226.60268835480321,456.0619450833986,92.645431239122544));
#456=CARTESIAN_POINT('',(248.59784037185992,434.80014857454222,99.289614285612174));
#457=CARTESIAN_POINT('',(281.59056839744579,402.90745381125805,109.25588885534616));
#458=CARTESIAN_POINT('',(314.58329642303045,371.01475904797314,119.22216342508058));
#459=CARTESIAN_POINT('',(336.57844844008764,349.75296253911688,125.86634647157001));
#460=CARTESIAN_POINT('',(347.57602444861607,339.12206428468869,129.18843799481476));
#461=CARTESIAN_POINT('',(217.8673498169851,488.22920505443193,28.51372628462974));
#462=CARTESIAN_POINT('',(228.67640603628763,473.37130255662998,31.505554529820124));
#463=CARTESIAN_POINT('',(250.29451847489253,443.65549756102644,37.489211020200983));
#464=CARTESIAN_POINT('',(282.72168713280098,399.08179006762117,46.464695755772006));
#465=CARTESIAN_POINT('',(315.14885579070796,354.50808257421562,55.440180491343256));
#466=CARTESIAN_POINT('',(336.76696822931348,324.79227757861213,61.423836981724008));
#467=CARTESIAN_POINT('',(347.57602444861607,309.9343750808103,64.415665226914385));
#468=CARTESIAN_POINT('',(220.07286554131514,538.9581922143874,0.0));
#469=CARTESIAN_POINT('',(230.69812878359016,519.80052061089134,0.0));
#470=CARTESIAN_POINT('',(251.94865526814002,481.485177403899,0.0));
#471=CARTESIAN_POINT('',(283.82444499496609,424.01216259341049,0.0));
#472=CARTESIAN_POINT('',(315.70023472179037,366.53914778292204,0.0));
#473=CARTESIAN_POINT('',(336.95076120634093,328.22380457592971,0.0));
#474=CARTESIAN_POINT('',(347.57602444861607,309.06613297243359,0.0));
#475=B_SPLINE_SURFACE_WITH_KNOTS('',3,3,((#433,#440,#447,#454,#461,#468),(#434,#441,#448,#455,#462,#469),(#435,#442,#449,#456,#463,#470),(#436,#443,#450,#457,#464,#471),(#437,#444,#451,#458,#465,#472),(#438,#445,#452,#459,#466,#473),(#439,#446,#453,#460,#467,#474)),.UNSPECIFIED.,.F.,.F.,.F.,(4,1,1,1,4),(4,1,1,4),(0.089248257327255,0.316936192995441,0.544624128663627,0.772312064331814,1.0),(0.0,0.482623689901014,0.495596018502453,1.0),.UNSPECIFIED.);
#476=CARTESIAN_POINT('',(233.84787781748832,480.5844632109899,213.0872520754657));
#477=VERTEX_POINT('',#476);
#478=CARTESIAN_POINT('',(235.14144588646761,519.97280892089964,270.37642876551308));
#479=VERTEX_POINT('',#478);
#480=CARTESIAN_POINT('',(233.84787781748832,480.5844632109899,213.0872520754657));
#481=CARTESIAN_POINT('',(233.9626900097791,483.31159777781062,218.21726169631549));
#482=CARTESIAN_POINT('',(234.07828158287768,486.21610210888122,223.25372042118067));
#483=CARTESIAN_POINT('',(234.19246831389643,489.26318865710323,228.19099403150133));
#484=CARTESIAN_POINT('',(234.1995983040124,489.45345329448708,228.49928477358105));
#485=CARTESIAN_POINT('',(234.20672282556166,489.64427767828602,228.80719934578966));
#486=CARTESIAN_POINT('',(234.21384144622988,489.83565579275682,229.1147417407152));
#487=CARTESIAN_POINT('',(234.32072747497145,492.70919655257785,233.73248818280618));
#488=CARTESIAN_POINT('',(234.42628504192459,495.70760841351796,238.26630471817236));
#489=CARTESIAN_POINT('',(234.52919060158368,498.81313138011046,242.72817788289802));
#490=CARTESIAN_POINT('',(234.54235039946298,499.21027274628409,243.29877240864934));
#491=CARTESIAN_POINT('',(234.5554672768549,499.6091821110503,243.86821487241451));
#492=CARTESIAN_POINT('',(234.56853817423448,500.0098154717823,244.43652079030446));
#493=CARTESIAN_POINT('',(234.66448488435037,502.95065815524254,248.60816115879587));
#494=CARTESIAN_POINT('',(234.75795322589889,505.98446201933569,252.71850952515226));
#495=CARTESIAN_POINT('',(234.84812818148492,509.09580828685131,256.77267097147399));
#496=CARTESIAN_POINT('',(234.95058756819932,512.63100970008441,261.37912619767309));
#497=CARTESIAN_POINT('',(235.04870062296106,516.2628874655486,265.90876993173737));
#498=CARTESIAN_POINT('',(235.14144588646761,519.97280892089964,270.37642876551308));
#499=B_SPLINE_CURVE_WITH_KNOTS('',3,(#480,#481,#482,#483,#484,#485,#486,#487,#488,#489,#490,#491,#492,#493,#494,#495,#496,#497,#498),.UNSPECIFIED.,.F.,.U.,(4,3,3,3,3,3,4),(4.782086E-016,0.25,0.265610373579221,0.5,0.529974280485138,0.75,0.999999571792338),.UNSPECIFIED.);
#500=EDGE_CURVE('',#477,#479,#499,.T.);
#501=ORIENTED_EDGE('',*,*,#500,.T.);
#502=CARTESIAN_POINT('',(235.14145321218984,519.97289553732799,270.37639609892176));
#503=CARTESIAN_POINT('',(244.01908725436445,519.2289528302116,270.43335099328959));
#504=CARTESIAN_POINT('',(252.91894105511534,518.45572519860104,270.48946632838687));
#505=CARTESIAN_POINT('',(270.66236426584999,516.84937532040124,270.59859173806456));
#506=CARTESIAN_POINT('',(279.55960200880872,516.01141213558276,270.65193530664754));
#507=CARTESIAN_POINT('',(288.42397808286222,515.13756234869345,270.70314608484529));
#508=B_SPLINE_CURVE_WITH_KNOTS('',3,(#502,#503,#504,#505,#506,#507),.UNSPECIFIED.,.F.,.U.,(4,2,4),(0.000005457821806,2.672684719927194,5.34469727899714),.UNSPECIFIED.);
#509=EDGE_CURVE('',#479,#92,#508,.T.);
#510=ORIENTED_EDGE('',*,*,#509,.T.);
#511=ORIENTED_EDGE('',*,*,#98,.F.);
#512=CARTESIAN_POINT('',(328.18617287148322,343.18781229638114,7.821233194647085));
#513=VERTEX_POINT('',#512);
#514=CARTESIAN_POINT('',(328.18617212649804,343.18781178492975,7.82123315866418));
#515=CARTESIAN_POINT('',(328.0249229970018,343.21708055771757,10.743694996995441));
#516=CARTESIAN_POINT('',(327.85466599820126,343.3203391622107,13.660166975007396));
#517=CARTESIAN_POINT('',(327.67431862802704,343.49553267323188,16.569589689330321));
#518=CARTESIAN_POINT('',(327.02801275317699,344.12336880579767,26.996007279298091));
#519=CARTESIAN_POINT('',(326.24992932351404,345.68077768069367,37.354901754711278));
#520=CARTESIAN_POINT('',(325.29438385915864,348.06137813349164,47.522613347401226));
#521=CARTESIAN_POINT('',(324.38430441767548,350.32870670266504,57.20653277626834));
#522=CARTESIAN_POINT('',(323.31879791303572,353.32169053048347,66.652268257012267));
#523=CARTESIAN_POINT('',(322.06778363904016,356.93699298729985,75.906786504229814));
#524=CARTESIAN_POINT('',(321.10881678796721,359.70830845887832,83.000851221322463));
#525=CARTESIAN_POINT('',(320.0529267051561,362.80934798396243,89.892164645000804));
#526=CARTESIAN_POINT('',(318.90629583528732,366.18447123418332,96.642016918566355));
#527=CARTESIAN_POINT('',(317.9484254026442,369.00397562122566,102.28069636411252));
#528=CARTESIAN_POINT('',(316.92803696393969,372.01200838757643,107.81597130523819));
#529=CARTESIAN_POINT('',(315.85620617478889,375.20171971174966,113.32180000310953));
#530=CARTESIAN_POINT('',(314.80111063390092,378.34162782870322,118.74166232356039));
#531=CARTESIAN_POINT('',(313.68085283923705,381.70260406922324,124.20091903966568));
#532=CARTESIAN_POINT('',(312.58223611062652,385.11949608034922,129.5196141508161));
#533=CARTESIAN_POINT('',(312.40850358689966,385.65983490546978,130.36069939968417));
#534=CARTESIAN_POINT('',(312.23537777070283,386.20150300967236,131.19832768911053));
#535=CARTESIAN_POINT('',(312.06314427826857,386.74386461459096,132.03176568657256));
#536=CARTESIAN_POINT('',(311.46404865164004,388.63041095912337,134.93078986757541));
#537=CARTESIAN_POINT('',(310.87620028812455,390.5245830780762,137.77799521551853));
#538=CARTESIAN_POINT('',(310.30933958621051,392.40177940539002,140.54574639552243));
#539=CARTESIAN_POINT('',(309.71971775322612,394.35435070843664,143.42463095832278));
#540=CARTESIAN_POINT('',(309.13448142306686,396.34912757296439,146.30694405037931));
#541=CARTESIAN_POINT('',(308.56077230895568,398.37157852365419,149.16884807115144));
#542=CARTESIAN_POINT('',(307.48299522416528,402.17098006034234,154.54525659698839));
#543=CARTESIAN_POINT('',(306.45729503848531,406.03223606271172,159.80501762945659));
#544=CARTESIAN_POINT('',(305.4543137831609,410.03645088010222,165.00709902770404));
#545=CARTESIAN_POINT('',(305.21792100752737,410.98020476372744,166.23317823334719));
#546=CARTESIAN_POINT('',(304.98238393695311,411.93302058685515,167.45719974161617));
#547=CARTESIAN_POINT('',(304.74673112439996,412.89687284601365,168.68083103307362));
#548=CARTESIAN_POINT('',(304.72744913818991,412.97573880890303,168.78095307885968));
#549=CARTESIAN_POINT('',(304.70816629977088,413.05467872356223,168.88107244503379));
#550=CARTESIAN_POINT('',(304.68888201083092,413.13369364467223,168.98119005134134));
#551=CARTESIAN_POINT('',(304.16119574352041,415.29582100711428,171.72076142620506));
#552=CARTESIAN_POINT('',(303.62981060518746,417.52508596129269,174.47245237939089));
#553=CARTESIAN_POINT('',(303.10137626071787,419.80039589848775,177.21219220364316));
#554=CARTESIAN_POINT('',(302.28762270624549,423.30422105348862,181.43120832863173));
#555=CARTESIAN_POINT('',(301.48606203522513,426.89420851685531,185.5952543148988));
#556=CARTESIAN_POINT('',(300.70318833281942,430.55802042533549,189.70957122104889));
#557=CARTESIAN_POINT('',(298.85269449030545,439.21824410629148,199.43466235335518));
#558=CARTESIAN_POINT('',(297.1089889076938,448.2896562710381,208.88370344398325));
#559=CARTESIAN_POINT('',(295.54293371652358,457.62171676378944,218.11315422043762));
#560=CARTESIAN_POINT('',(294.63400336368352,463.03799652469792,223.46987983142571));
#561=CARTESIAN_POINT('',(293.78122810443523,468.56632695423008,228.77416731459073));
#562=CARTESIAN_POINT('',(293.00320308493633,474.08855398727269,233.94932008231635));
#563=CARTESIAN_POINT('',(291.83145858554764,482.40530343385279,241.7433583678513));
#564=CARTESIAN_POINT('',(290.82435324844175,490.71394014503318,249.25834964836596));
#565=CARTESIAN_POINT('',(289.93102199215298,499.27337266807967,256.83128570709545));
#566=B_SPLINE_CURVE_WITH_KNOTS('',3,(#514,#515,#516,#517,#518,#519,#520,#521,#522,#523,#524,#525,#526,#527,#528,#529,#530,#531,#532,#533,#534,#535,#536,#537,#538,#539,#540,#541,#542,#543,#544,#545,#546,#547,#548,#549,#550,#551,#552,#553,#554,#555,#556,#557,#558,#559,#560,#561,#562,#563,#564,#565),.UNSPECIFIED.,.F.,.U.,(4,3,3,3,3,3,3,3,3,3,3,3,3,3,3,3,3,4),(0.000000999999653,0.878116967167901,4.024996834793202,7.022144306237684,9.319612155035792,11.238866712140018,13.12815459743592,13.426921896177326,14.46615172032956,15.547109690673331,17.577810792333491,18.056426985163714,18.095589135320406,19.167203904233268,20.817418990278245,24.718064581215774,26.981979156681977,30.391547466704779),.UNSPECIFIED.);
#567=EDGE_CURVE('',#513,#80,#566,.T.);
#568=ORIENTED_EDGE('',*,*,#567,.F.);
#569=CARTESIAN_POINT('',(293.71083723544223,402.47233668896456,8.903250989309385));
#570=VERTEX_POINT('',#569);
#571=CARTESIAN_POINT('',(328.1861720902578,343.18781184799371,7.821233159657377));
#572=CARTESIAN_POINT('',(316.79575178584906,363.00898631305313,8.133361726201841));
#573=CARTESIAN_POINT('',(305.32823320534715,382.78520234097994,8.491767171059658));
#574=CARTESIAN_POINT('',(293.71083723544228,402.47233668896456,8.903250989309367));
#575=B_SPLINE_CURVE_WITH_KNOTS('',3,(#571,#572,#573,#574),.UNSPECIFIED.,.F.,.U.,(4,4),(1.060551E-009,1.0),.UNSPECIFIED.);
#576=EDGE_CURVE('',#513,#570,#575,.T.);
#577=ORIENTED_EDGE('',*,*,#576,.T.);
#578=CARTESIAN_POINT('',(293.71083723544223,402.47233668896456,8.903250989309404));
#579=CARTESIAN_POINT('',(292.78448970387552,402.26980830924674,13.637688463885187));
#580=CARTESIAN_POINT('',(291.79801660215878,402.34757817145402,18.322913019150473));
#581=CARTESIAN_POINT('',(289.68732224286686,402.98914301234555,27.599692308186516));
#582=CARTESIAN_POINT('',(288.56298705311326,403.55333906204925,32.191169679928684));
#583=CARTESIAN_POINT('',(286.16126095586662,405.10538931170635,41.28426445103586));
#584=CARTESIAN_POINT('',(284.88371668832139,406.09351338627312,45.785810704082039));
#585=CARTESIAN_POINT('',(283.18551485070935,407.55523402231518,51.359854086644901));
#586=CARTESIAN_POINT('',(282.84054050813063,407.85917082896196,52.472929728695483));
#587=CARTESIAN_POINT('',(282.14298327932732,408.48639637776228,54.686053695647097));
#588=CARTESIAN_POINT('',(281.79018782098626,408.8098561944056,55.786832456181266));
#589=CARTESIAN_POINT('',(280.71985135197946,409.80789008184558,59.072691587525114));
#590=CARTESIAN_POINT('',(279.990338341491,410.51010521932335,61.241293030466238));
#591=CARTESIAN_POINT('',(277.75548543127235,412.71280044866887,67.688176099306332));
#592=CARTESIAN_POINT('',(276.20342562755832,414.30918269164641,71.907459072728216));
#593=CARTESIAN_POINT('',(272.99227212983942,417.68471968502291,80.227250399431));
#594=CARTESIAN_POINT('',(271.3331400733893,419.46384924246024,84.327756428354661));
#595=CARTESIAN_POINT('',(267.93848669840929,423.13699049905011,92.450904799961947));
#596=CARTESIAN_POINT('',(266.20299725289505,425.03086892778094,96.47361749653632));
#597=CARTESIAN_POINT('',(262.70000374920824,428.87306684289354,104.48361749729233));
#598=CARTESIAN_POINT('',(260.93261652103206,430.82118927809057,108.47103335994976));
#599=CARTESIAN_POINT('',(257.42173050764387,434.72403554751247,116.45134428904623));
#600=CARTESIAN_POINT('',(255.67841487050254,436.67856290932633,120.44439100016217));
#601=CARTESIAN_POINT('',(252.27849607427959,440.56514544663969,128.47097738514546));
#602=CARTESIAN_POINT('',(250.62209457362539,442.49706558488987,132.50464795892634));
#603=CARTESIAN_POINT('',(247.45977470669675,446.33331329938039,140.63720045462355));
#604=CARTESIAN_POINT('',(245.95402593319523,448.23759282628771,144.7361633913313));
#605=CARTESIAN_POINT('',(243.1519778100778,452.04019244580638,153.01045680645942));
#606=CARTESIAN_POINT('',(241.85607179043757,453.94022083959163,157.18516772027283));
#607=CARTESIAN_POINT('',(239.51829812562801,457.77059925650661,165.61055305077429));
#608=CARTESIAN_POINT('',(238.47641493051765,459.70013920254695,169.86158144328871));
#609=CARTESIAN_POINT('',(236.683907433348,463.6250394519268,178.43695124914032));
#610=CARTESIAN_POINT('',(235.93321121159471,465.62049712777628,182.76122414142753));
#611=CARTESIAN_POINT('',(235.04930626133753,468.69713663638561,189.29583314121541));
#612=CARTESIAN_POINT('',(234.7961153222542,469.73294689955173,191.47411715950693));
#613=CARTESIAN_POINT('',(234.37487858466366,471.82690840196051,195.82165789066909));
#614=CARTESIAN_POINT('',(234.20667888330283,472.88557725660439,197.99200696797075));
#615=CARTESIAN_POINT('',(233.8308382075198,476.10406218639014,204.48918576637482));
#616=CARTESIAN_POINT('',(233.75197391559934,478.30645736214967,208.80209795679571));
#617=CARTESIAN_POINT('',(233.84787781748832,480.58446321098995,213.08725207546564));
#618=B_SPLINE_CURVE_WITH_KNOTS('',3,(#578,#579,#580,#581,#582,#583,#584,#585,#586,#587,#588,#589,#590,#591,#592,#593,#594,#595,#596,#597,#598,#599,#600,#601,#602,#603,#604,#605,#606,#607,#608,#609,#610,#611,#612,#613,#614,#615,#616,#617),.UNSPECIFIED.,.F.,.U.,(4,2,2,2,2,2,2,2,2,2,2,2,2,2,2,2,2,2,2,4),(0.0,0.062500000000001,0.125000000000002,0.187500000000002,0.203125000000002,0.218750000000002,0.250000000000003,0.312500000000003,0.375000000000003,0.437500000000002,0.500000000000002,0.562500000000002,0.625000000000002,0.687500000000002,0.750000000000002,0.812500000000002,0.875000000000001,0.906250000000001,0.937500000000001,1.0),.UNSPECIFIED.);
#619=EDGE_CURVE('',#570,#477,#618,.T.);
#620=ORIENTED_EDGE('',*,*,#619,.T.);
#621=EDGE_LOOP('',(#501,#510,#511,#568,#577,#620));
#622=FACE_OUTER_BOUND('',#621,.T.);
#623=ADVANCED_FACE('',(#622),#475,.T.);
#624=CARTESIAN_POINT('',(206.9553101379139,766.66520306226698,112.85706488826931));
#625=CARTESIAN_POINT('',(218.67370299713906,766.66520306226698,112.85706488826931));
#626=CARTESIAN_POINT('',(242.11048871558938,766.66520306226721,112.8570648882699));
#627=CARTESIAN_POINT('',(277.2656672932651,766.66520306226698,112.85706488826852));
#628=CARTESIAN_POINT('',(312.42084587094035,766.66520306226687,112.8570648882698));
#629=CARTESIAN_POINT('',(335.85763158939085,766.66520306226698,112.85706488826931));
#630=CARTESIAN_POINT('',(347.57602444861607,766.66520306226698,112.85706488826931));
#631=CARTESIAN_POINT('',(209.06559113500407,715.54987627660375,119.57093816706632));
#632=CARTESIAN_POINT('',(220.60812724447175,715.27007828700437,121.3170429960943));
#633=CARTESIAN_POINT('',(243.69319946340698,714.71048230780525,124.80925265415104));
#634=CARTESIAN_POINT('',(278.32080779181024,713.87108833900641,130.04756714123405));
#635=CARTESIAN_POINT('',(312.94841612021281,713.03169437020767,135.2858816283194));
#636=CARTESIAN_POINT('',(336.03348833914833,712.47209839100856,138.77809128637503));
#637=CARTESIAN_POINT('',(347.57602444861607,712.19230040140906,140.52419611540313));
#638=CARTESIAN_POINT('',(211.2325938784744,659.0099087294609,119.56186928843633));
#639=CARTESIAN_POINT('',(222.59454642598615,658.74652108507257,124.13183363219215));
#640=CARTESIAN_POINT('',(245.31845152100968,658.21974579629557,133.27176231970466));
#641=CARTESIAN_POINT('',(279.40430916354546,657.42958286313001,146.98165535097181));
#642=CARTESIAN_POINT('',(313.49016680608042,656.63941992996433,160.69154838224068));
#643=CARTESIAN_POINT('',(336.21407190110415,656.11264464118733,169.8314770697524));
#644=CARTESIAN_POINT('',(347.57602444861607,655.84925699679889,174.40144141350839));
#645=CARTESIAN_POINT('',(215.60511234627481,560.33938934777109,72.877235926681664));
#646=CARTESIAN_POINT('',(226.60268835480321,557.90095587338385,83.744909641686519));
#647=CARTESIAN_POINT('',(248.59784037185992,553.0240889246096,105.48025707169629));
#648=CARTESIAN_POINT('',(281.59056839744579,545.70878850144811,138.08327821671037));
#649=CARTESIAN_POINT('',(314.58329642303045,538.39348807828651,170.68629936172525));
#650=CARTESIAN_POINT('',(336.57844844008764,533.51662112951215,192.42164679173476));
#651=CARTESIAN_POINT('',(347.57602444861607,531.07818765512502,203.28932050673959));
#652=CARTESIAN_POINT('',(217.8673498169851,518.44490018030126,23.821392859387114));
#653=CARTESIAN_POINT('',(228.67640603628763,513.60694819549497,38.184627992030983));
#654=CARTESIAN_POINT('',(250.29451847489253,503.93104422588272,66.91109825731867));
#655=CARTESIAN_POINT('',(282.72168713280098,489.41718827146417,110.00080365525001));
#656=CARTESIAN_POINT('',(315.14885579070796,474.90333231704568,153.09050905318162));
#657=CARTESIAN_POINT('',(336.76696822931348,465.22742834743332,181.81697931846924));
#658=CARTESIAN_POINT('',(347.57602444861607,460.38947636262719,196.18021445111307));
#659=CARTESIAN_POINT('',(220.07286554131514,519.11578244123348,-34.368061871703887));
#660=CARTESIAN_POINT('',(230.69812878359016,509.53694663948545,-17.777031585716475));
#661=CARTESIAN_POINT('',(251.94865526814002,490.37927503598928,15.405028986258507));
#662=CARTESIAN_POINT('',(283.82444499496609,461.6427676307452,65.178119844220902));
#663=CARTESIAN_POINT('',(315.70023472179037,432.90626022550106,114.95121070218323));
#664=CARTESIAN_POINT('',(336.95076120634093,413.74858862200506,148.13327127415815));
#665=CARTESIAN_POINT('',(347.57602444861607,404.16975282025703,164.72430156014559));
#666=B_SPLINE_SURFACE_WITH_KNOTS('',3,3,((#624,#631,#638,#645,#652,#659),(#625,#632,#639,#646,#653,#660),(#626,#633,#640,#647,#654,#661),(#627,#634,#641,#648,#655,#662),(#628,#635,#642,#649,#656,#663),(#629,#636,#643,#650,#657,#664),(#630,#637,#644,#651,#658,#665)),.UNSPECIFIED.,.F.,.F.,.F.,(4,1,1,1,4),(4,1,1,4),(0.089248257327255,0.316936192995441,0.544624128663627,0.772312064331814,1.0),(0.0,0.482623689901014,0.495596018502453,1.0),.UNSPECIFIED.);
#667=CARTESIAN_POINT('',(233.84787781748841,674.46789145950675,122.72869639659939));
#668=VERTEX_POINT('',#667);
#669=CARTESIAN_POINT('',(235.14144588644814,743.77594668993936,117.26197674379192));
#670=VERTEX_POINT('',#669);
#671=CARTESIAN_POINT('',(233.84787781748838,674.46789145950675,122.72869639659939));
#672=CARTESIAN_POINT('',(233.96269000956983,680.27417739623365,122.93193339254664));
#673=CARTESIAN_POINT('',(234.07828158288791,686.08813076261026,122.93478821890216));
#674=CARTESIAN_POINT('',(234.19246831393031,691.88747840869496,122.7645706658147));
#675=CARTESIAN_POINT('',(234.19959830404775,692.24959834177923,122.75394202744097));
#676=CARTESIAN_POINT('',(234.20672282559826,692.61167237540735,122.74264054951641));
#677=CARTESIAN_POINT('',(234.21384144626742,692.97370095938948,122.73067343812153));
#678=CARTESIAN_POINT('',(234.3207274750232,698.40955706639932,122.55098736238801));
#679=CARTESIAN_POINT('',(234.42628504191762,703.83516329258225,122.22119478747476));
#680=CARTESIAN_POINT('',(234.52919060157183,709.25202028499325,121.76266958870764));
#681=CARTESIAN_POINT('',(234.5423503994505,709.94474032264202,121.70403233957998));
#682=CARTESIAN_POINT('',(234.5554672768414,710.63734664463846,121.64328792776419));
#683=CARTESIAN_POINT('',(234.56853817421987,711.32983068701787,121.58048221870843));
#684=CARTESIAN_POINT('',(234.66448488432752,716.41299856330147,121.11945793052028));
#685=CARTESIAN_POINT('',(234.75795322586012,721.48956659902433,120.54728089727536));
#686=CARTESIAN_POINT('',(234.8481281814403,726.55624653633845,119.87985671279927));
#687=CARTESIAN_POINT('',(234.95058756814811,732.31315449023941,119.12151009454553));
#688=CARTESIAN_POINT('',(235.04870062291684,738.05187991676917,118.24103355327105));
#689=CARTESIAN_POINT('',(235.14144588644814,743.77594668993936,117.26197674379192));
#690=B_SPLINE_CURVE_WITH_KNOTS('',3,(#671,#672,#673,#674,#675,#676,#677,#678,#679,#680,#681,#682,#683,#684,#685,#686,#687,#688,#689),.UNSPECIFIED.,.F.,.U.,(4,3,3,3,3,3,4),(0.0,0.25,0.265610373579204,0.5,0.529974280485191,0.75,0.999999571792375),.UNSPECIFIED.);
#691=EDGE_CURVE('',#668,#670,#690,.T.);
#692=ORIENTED_EDGE('',*,*,#691,.T.);
#693=CARTESIAN_POINT('',(288.42397808278463,741.64126890223645,121.61278176854863));
#694=VERTEX_POINT('',#693);
#695=CARTESIAN_POINT('',(235.14145321217032,743.77596170805487,117.26188539847278));
#696=CARTESIAN_POINT('',(244.01908725422729,743.45331473989336,117.93463612897069));
#697=CARTESIAN_POINT('',(252.91894105505685,743.11529822982209,118.63232856840766));
#698=CARTESIAN_POINT('',(270.66236426595333,742.40662866769503,120.07803107514678));
#699=CARTESIAN_POINT('',(279.5596020087745,742.03384396081208,120.83040026491605));
#700=CARTESIAN_POINT('',(288.42397808278457,741.64126890223633,121.61278176854864));
#701=B_SPLINE_CURVE_WITH_KNOTS('',3,(#695,#696,#697,#698,#699,#700),.UNSPECIFIED.,.F.,.U.,(4,2,4),(0.000005457819962,2.672684719886054,5.34469727893026),.UNSPECIFIED.);
#702=EDGE_CURVE('',#670,#694,#701,.T.);
#703=ORIENTED_EDGE('',*,*,#702,.T.);
#704=CARTESIAN_POINT('',(321.35930652368131,499.27337266807967,161.98176525196209));
#705=VERTEX_POINT('',#704);
#706=CARTESIAN_POINT('',(321.35930652368137,499.27337266807967,161.98176525196203));
#707=CARTESIAN_POINT('',(320.65576772523343,504.54204656247356,162.65757387498627));
#708=CARTESIAN_POINT('',(319.90562619311106,509.80395913199692,163.15285109924756));
#709=CARTESIAN_POINT('',(319.11060367607809,515.07499404756061,163.49515371274578));
#710=CARTESIAN_POINT('',(318.06179241675659,522.02865969762445,163.94672687883912));
#711=CARTESIAN_POINT('',(316.93641802233719,528.98060066439632,164.13191712655018));
#712=CARTESIAN_POINT('',(315.74696523985006,536.02483535383408,164.10854655389988));
#713=CARTESIAN_POINT('',(314.72415576899328,542.08216697840612,164.08845021767033));
#714=CARTESIAN_POINT('',(313.64301297208613,548.26663341605649,163.90940691142802));
#715=CARTESIAN_POINT('',(312.58223611062652,554.36371051718004,163.6199641408561));
#716=CARTESIAN_POINT('',(312.40850358683315,555.36228112239041,163.57255961606657));
#717=CARTESIAN_POINT('',(312.23537777057038,556.35852255244356,163.52227542210019));
#718=CARTESIAN_POINT('',(312.06314427807098,557.35148183356114,163.46929549291212));
#719=CARTESIAN_POINT('',(311.46404865134451,560.80538359333048,163.28501052359374));
#720=CARTESIAN_POINT('',(310.876200287747,564.21822181440552,163.06821202336846));
#721=CARTESIAN_POINT('',(310.30933958574036,567.55376281186943,162.82638790596752));
#722=CARTESIAN_POINT('',(309.71971775284987,571.02323562881418,162.5748538362493));
#723=CARTESIAN_POINT('',(309.13448142278253,574.51678041993466,162.28848294274545));
#724=CARTESIAN_POINT('',(308.5607723087594,578.00648747993989,161.96794105196614));
#725=CARTESIAN_POINT('',(307.48299522403971,584.56229461237911,161.36576706495714));
#726=CARTESIAN_POINT('',(306.45729503842398,591.04800928512395,160.6517017926588));
#727=CARTESIAN_POINT('',(305.4543137831609,597.55525133685762,159.78499073776527));
#728=CARTESIAN_POINT('',(305.21792100752737,599.08894401780924,159.58071550244713));
#729=CARTESIAN_POINT('',(304.98238393695306,600.62538565031264,159.36756354862521));
#730=CARTESIAN_POINT('',(304.74673112439996,602.16700756315959,159.14465865242775));
#731=CARTESIAN_POINT('',(304.72744913818991,602.29314877973377,159.1264197479646));
#732=CARTESIAN_POINT('',(304.70816629977088,602.41932465158106,159.10811545958421));
#733=CARTESIAN_POINT('',(304.68888201083087,602.54553650256435,159.08974533377881));
#734=CARTESIAN_POINT('',(304.36174245343301,604.68660010089729,158.77811368150279));
#735=CARTESIAN_POINT('',(304.03417959824401,606.83801680866179,158.44756903719909));
#736=CARTESIAN_POINT('',(303.70557518800297,609.00681723204139,158.09717666598564));
#737=CARTESIAN_POINT('',(302.86774484012585,614.53652637947334,157.20379437068431));
#738=CARTESIAN_POINT('',(302.03505320065699,620.10142059891632,156.19299650526943));
#739=CARTESIAN_POINT('',(301.22334623581145,625.64183367431622,155.08852649365676));
#740=CARTESIAN_POINT('',(299.40296026643045,638.06711849240571,152.61157138569564));
#741=CARTESIAN_POINT('',(297.67595301517963,650.46240073385979,149.65052582053386));
#742=CARTESIAN_POINT('',(296.11096775131432,662.80445667700792,146.35454690411314));
#743=CARTESIAN_POINT('',(295.17690163545632,670.17084952600214,144.38733207117144));
#744=CARTESIAN_POINT('',(294.29849355534878,677.53357312112053,142.29562059168811));
#745=CARTESIAN_POINT('',(293.48886302054711,684.83713954499058,140.12187186584543));
#746=CARTESIAN_POINT('',(292.65183487807127,692.38785604399027,137.87456426072023));
#747=CARTESIAN_POINT('',(291.89623471002852,699.79459952402749,135.56532063513146));
#748=CARTESIAN_POINT('',(291.20494710695516,707.19564460988954,133.18078900616189));
#749=CARTESIAN_POINT('',(290.14637111677945,718.52894292924339,129.52933059866325));
#750=CARTESIAN_POINT('',(289.23970142348605,729.84841651592933,125.69898767181516));
#751=CARTESIAN_POINT('',(288.42397808278457,741.64126890223645,121.61278176854864));
#752=B_SPLINE_CURVE_WITH_KNOTS('',3,(#706,#707,#708,#709,#710,#711,#712,#713,#714,#715,#716,#717,#718,#719,#720,#721,#722,#723,#724,#725,#726,#727,#728,#729,#730,#731,#732,#733,#734,#735,#736,#737,#738,#739,#740,#741,#742,#743,#744,#745,#746,#747,#748,#749,#750,#751),.UNSPECIFIED.,.F.,.U.,(4,3,3,3,3,3,3,3,3,3,3,3,3,3,3,4),(7.57441974826837,9.182510440616657,11.303939190130784,13.128154029675516,13.426921338362217,14.466151196884807,15.547109202630418,17.577810370975399,18.056426579551928,18.095588730997029,18.759937254833947,20.45380178461826,24.252570746318838,26.519877315285367,28.863908727477934,32.453348726304903),.UNSPECIFIED.);
#753=EDGE_CURVE('',#705,#694,#752,.T.);
#754=ORIENTED_EDGE('',*,*,#753,.F.);
#755=CARTESIAN_POINT('',(328.18617287150539,428.00397911748689,139.08467704293773));
#756=VERTEX_POINT('',#755);
#757=CARTESIAN_POINT('',(328.18617212651475,428.00397883056604,139.08467746793411));
#758=CARTESIAN_POINT('',(327.93849817393846,431.91388552176625,141.29015245428457));
#759=CARTESIAN_POINT('',(327.66958720449929,435.89883321098932,143.33743301505484));
#760=CARTESIAN_POINT('',(327.37546309229583,439.95178524953081,145.23089984619867));
#761=CARTESIAN_POINT('',(326.47175203482453,452.40468326320217,151.04867146458392));
#762=CARTESIAN_POINT('',(325.32096360833572,465.55071231872404,155.41410298301057));
#763=CARTESIAN_POINT('',(323.84219992976421,478.92258039679797,158.41912884828116));
#764=CARTESIAN_POINT('',(323.09944356068996,485.63902895807462,159.92849923180225));
#765=CARTESIAN_POINT('',(322.26997213571133,492.45356380009866,161.10699377573479));
#766=CARTESIAN_POINT('',(321.35930652368137,499.27337266807962,161.98176525196203));
#767=B_SPLINE_CURVE_WITH_KNOTS('',3,(#757,#758,#759,#760,#761,#762,#763,#764,#765,#766),.UNSPECIFIED.,.F.,.U.,(4,3,3,4),(0.000001000241892,1.348761524078105,5.492895747349669,7.57441974826837),.UNSPECIFIED.);
#768=EDGE_CURVE('',#756,#705,#767,.T.);
#769=ORIENTED_EDGE('',*,*,#768,.F.);
#770=CARTESIAN_POINT('',(293.71083723544223,458.58329621153291,88.283781765219729));
#771=VERTEX_POINT('',#770);
#772=CARTESIAN_POINT('',(328.18617209023779,428.00397886323935,139.08467741393446));
#773=CARTESIAN_POINT('',(316.79575178582888,438.18487736364347,122.07510107762177));
#774=CARTESIAN_POINT('',(305.32823320534715,448.38337359769042,105.12759832916689));
#775=CARTESIAN_POINT('',(293.71083723544223,458.58329621153308,88.283781765219857));
#776=B_SPLINE_CURVE_WITH_KNOTS('',3,(#772,#773,#774,#775),.UNSPECIFIED.,.F.,.U.,(4,4),(1.061137E-009,1.0),.UNSPECIFIED.);
#777=EDGE_CURVE('',#756,#771,#776,.T.);
#778=ORIENTED_EDGE('',*,*,#777,.T.);
#779=CARTESIAN_POINT('',(293.71083723544228,458.58329621153297,88.2837817652198));
#780=CARTESIAN_POINT('',(292.77966016301576,462.6030234235057,90.839651216464517));
#781=CARTESIAN_POINT('',(291.78812718561335,466.71955942982862,93.124303724966865));
#782=CARTESIAN_POINT('',(290.72747466517018,470.91606986030558,95.172412202637616));
#783=CARTESIAN_POINT('',(289.66682214472701,475.11258029078249,97.220520680308326));
#784=CARTESIAN_POINT('',(288.53693491064627,479.38920125486248,99.031684148430401));
#785=CARTESIAN_POINT('',(287.33030941103158,483.73171038333237,100.63513107372215));
#786=CARTESIAN_POINT('',(286.12368391141689,488.07421951180231,102.2385779990139));
#787=CARTESIAN_POINT('',(284.84016599538012,492.48269017641394,103.63403252165699));
#788=CARTESIAN_POINT('',(283.47552285420829,496.94396781568321,104.85028442686365));
#789=CARTESIAN_POINT('',(282.79320128362247,499.17460663531784,105.45841037946698));
#790=CARTESIAN_POINT('',(282.08945607890519,501.42209892909869,106.02249228637304));
#791=CARTESIAN_POINT('',(281.37055959235215,503.66557906818684,106.54223385171531));
#792=CARTESIAN_POINT('',(280.65166310579906,505.90905920727494,107.06197541705757));
#793=CARTESIAN_POINT('',(279.91679149679391,508.15139749364607,107.53832209828258));
#794=CARTESIAN_POINT('',(279.16650114650849,510.39220060567607,107.97678156227668));
#795=CARTESIAN_POINT('',(277.66592044593767,514.87380682973617,108.85370049026491));
#796=CARTESIAN_POINT('',(276.10325935636916,519.3491126212607,109.57917580368292));
#797=CARTESIAN_POINT('',(274.48748690630185,523.81681922492044,110.19547070102018));
#798=CARTESIAN_POINT('',(272.87171445623454,528.28452582858017,110.81176559835743));
#799=CARTESIAN_POINT('',(271.20279724043712,532.74461855380298,111.318902861452));
#800=CARTESIAN_POINT('',(269.49638318069168,537.19845161885269,111.75721317081198));
#801=CARTESIAN_POINT('',(267.78996912094624,541.65228468390228,112.19552348017194));
#802=CARTESIAN_POINT('',(266.04609290140121,546.09985441072581,112.5651578668443));
#803=CARTESIAN_POINT('',(264.28709501170499,550.54531778881926,112.90317840985857));
#804=CARTESIAN_POINT('',(262.52809712200883,554.99078116691283,113.24119895287284));
#805=CARTESIAN_POINT('',(260.75409220242648,559.43415494008923,113.54783816987377));
#806=CARTESIAN_POINT('',(258.99299103871448,563.88230637212735,113.85395431179577));
#807=CARTESIAN_POINT('',(257.23188987500242,568.33045780416558,114.16007045371779));
#808=CARTESIAN_POINT('',(255.48386788271299,572.78342471079316,114.46590677294024));
#809=CARTESIAN_POINT('',(253.78019671289178,577.25037105241665,114.79247501998947));
#810=CARTESIAN_POINT('',(252.07652554307057,581.71731739404004,115.11904326703869));
#811=CARTESIAN_POINT('',(250.41739659713971,586.19829320663723,115.46652790024621));
#812=CARTESIAN_POINT('',(248.83464229280807,590.70408827239339,115.84283162439071));
#813=CARTESIAN_POINT('',(247.25188798847643,595.20988333814967,116.21913534853525));
#814=CARTESIAN_POINT('',(245.7456699914475,599.74054670715043,116.62435133282371));
#815=CARTESIAN_POINT('',(244.34569752821113,604.3077383372372,117.05118499816552));
#816=CARTESIAN_POINT('',(244.26718041596942,604.56388815965579,117.0751238596005));
#817=CARTESIAN_POINT('',(244.1890093145829,604.82011785443387,117.09912472568006));
#818=CARTESIAN_POINT('',(244.1111895682555,605.07642236923277,117.12318306587206));
#819=CARTESIAN_POINT('',(243.68680036386723,606.47417646443387,117.25438498228577));
#820=CARTESIAN_POINT('',(243.27286021254167,607.87415872357769,117.38729982973346));
#821=CARTESIAN_POINT('',(242.87023913844871,609.27564970342337,117.52128567516391));
#822=CARTESIAN_POINT('',(242.6885045979073,609.90825275300006,117.58176401975425));
#823=CARTESIAN_POINT('',(242.50907631006316,610.54116264994855,117.64245989562299));
#824=CARTESIAN_POINT('',(242.33203464833849,611.17433303848281,117.70334698218959));
#825=CARTESIAN_POINT('',(241.69084697389326,613.467471529146,117.92386032949473));
#826=CARTESIAN_POINT('',(241.08055888764937,615.76497067299033,118.14688757816258));
#827=CARTESIAN_POINT('',(240.50350806919585,618.06730713424474,118.3708017158928));
#828=CARTESIAN_POINT('',(239.34940643228884,622.67198005675357,118.81862999135322));
#829=CARTESIAN_POINT('',(238.32856157036602,627.29602635144852,119.27027009477044));
#830=CARTESIAN_POINT('',(237.45567720773022,631.9429973650648,119.70863884588451));
#831=CARTESIAN_POINT('',(236.58279284509439,636.58996837868108,120.14700759699856));
#832=CARTESIAN_POINT('',(235.85777504213993,641.25986259780291,120.57195194490204));
#833=CARTESIAN_POINT('',(235.29100951322101,645.95586127789954,120.96307466896204));
#834=CARTESIAN_POINT('',(234.15747845538309,655.34785863809293,121.74532011708203));
#835=CARTESIAN_POINT('',(233.65758509404816,664.84440165107014,122.39184609646721));
#836=CARTESIAN_POINT('',(233.84787781748827,674.46789145950675,122.72869639659936));
#837=B_SPLINE_CURVE_WITH_KNOTS('',3,(#779,#780,#781,#782,#783,#784,#785,#786,#787,#788,#789,#790,#791,#792,#793,#794,#795,#796,#797,#798,#799,#800,#801,#802,#803,#804,#805,#806,#807,#808,#809,#810,#811,#812,#813,#814,#815,#816,#817,#818,#819,#820,#821,#822,#823,#824,#825,#826,#827,#828,#829,#830,#831,#832,#833,#834,#835,#836),.UNSPECIFIED.,.F.,.U.,(4,3,3,3,3,3,3,3,3,3,3,3,3,3,3,3,3,3,3,4),(0.0,0.0625,0.125,0.187500000000001,0.218750000000001,0.250000000000001,0.312500000000001,0.375000000000001,0.437500000000001,0.500000000000001,0.562500000000001,0.625000000000001,0.6875,0.691005297171176,0.710121400060548,0.718750000000001,0.750000000000001,0.812500000000001,0.875000000000001,1.0),.UNSPECIFIED.);
#838=EDGE_CURVE('',#771,#668,#837,.T.);
#839=ORIENTED_EDGE('',*,*,#838,.T.);
#840=EDGE_LOOP('',(#692,#703,#754,#769,#778,#839));
#841=FACE_OUTER_BOUND('',#840,.T.);
#842=ADVANCED_FACE('',(#841),#666,.T.);
#843=CARTESIAN_POINT('',(347.57602444861607,765.96721312821705,132.84488142865132));
#844=CARTESIAN_POINT('',(335.85763158939085,765.96721312821705,132.84488142865132));
#845=CARTESIAN_POINT('',(312.42084587094052,765.96721312821671,132.84488142865098));
#846=CARTESIAN_POINT('',(277.2656672932651,765.96721312821751,132.84488142865166));
#847=CARTESIAN_POINT('',(242.11048871558938,765.9672131282166,132.84488142865115));
#848=CARTESIAN_POINT('',(218.67370299713906,765.96721312821705,132.84488142865132));
#849=CARTESIAN_POINT('',(206.9553101379139,765.96721312821705,132.84488142865132));
#850=CARTESIAN_POINT('',(345.4657434515259,709.53832226525674,159.39543121067683));
#851=CARTESIAN_POINT('',(333.92320734205828,709.81812025485647,157.64932638164876));
#852=CARTESIAN_POINT('',(310.83813512312287,710.37771623405536,154.15711672359228));
#853=CARTESIAN_POINT('',(276.21052679472001,711.21711020285477,148.91880223650867));
#854=CARTESIAN_POINT('',(241.58291846631684,712.05650417165248,143.68048774942417));
#855=CARTESIAN_POINT('',(218.4978462473816,712.61610015085216,140.18827809136806));
#856=CARTESIAN_POINT('',(206.95531013791393,712.89589814045155,138.44217326234008));
#857=CARTESIAN_POINT('',(343.2987407080555,650.8295525201147,190.91391012270208));
#858=CARTESIAN_POINT('',(331.93678816054376,651.09294016450326,186.34394577894608));
#859=CARTESIAN_POINT('',(309.21288306552009,651.61971545328015,177.20401709143374));
#860=CARTESIAN_POINT('',(275.12702542298496,652.40987838644617,163.4941240601662));
#861=CARTESIAN_POINT('',(241.0411677804492,653.20004131961116,149.78423102889775));
#862=CARTESIAN_POINT('',(218.31726268542576,653.72681660838839,140.64430234138575));
#863=CARTESIAN_POINT('',(206.95531013791393,653.99020425277683,136.0743379976299));
#864=CARTESIAN_POINT('',(338.92622224025513,523.88162221746575,214.33700933793881));
#865=CARTESIAN_POINT('',(327.9286462317267,526.32005569185276,203.46933562293395));
#866=CARTESIAN_POINT('',(305.93349421466962,531.19692264062712,181.73398819292424));
#867=CARTESIAN_POINT('',(272.9407661890848,538.51222306378884,149.13096704791013));
#868=CARTESIAN_POINT('',(239.94803816349895,545.82752348694999,116.52794590289533));
#869=CARTESIAN_POINT('',(217.95288614644235,550.70439043572446,94.792598472885743));
#870=CARTESIAN_POINT('',(206.95531013791393,553.1428239101117,83.924924757880888));
#871=CARTESIAN_POINT('',(336.66398476954492,453.56502450577648,204.12153623923712));
#872=CARTESIAN_POINT('',(325.85492855024222,458.40297649058266,189.75830110659345));
#873=CARTESIAN_POINT('',(304.23681611163693,468.07888046019502,161.03183084130563));
#874=CARTESIAN_POINT('',(271.80964745372984,482.59273641461357,117.94212544337447));
#875=CARTESIAN_POINT('',(239.38247879582133,497.106592369032,74.852420045442742));
#876=CARTESIAN_POINT('',(217.76436635721649,506.78249633864436,46.125949780155111));
#877=CARTESIAN_POINT('',(206.95531013791393,511.62044832345055,31.762714647511288));
#878=CARTESIAN_POINT('',(334.45846904521483,400.53211140586836,171.02488130958329));
#879=CARTESIAN_POINT('',(323.83320580293969,410.1109472076165,154.43385102359585));
#880=CARTESIAN_POINT('',(302.58267931838935,429.26861881111267,121.25179045162082));
#881=CARTESIAN_POINT('',(270.70688959156479,458.00512621635664,71.478699593658661));
#882=CARTESIAN_POINT('',(238.83109986473869,486.74163362160084,21.70560873569616));
#883=CARTESIAN_POINT('',(217.58057338018898,505.89930522509695,-11.476451836278766));
#884=CARTESIAN_POINT('',(206.9553101379139,515.47814102684492,-28.067482122266174));
#885=B_SPLINE_SURFACE_WITH_KNOTS('',3,3,((#843,#850,#857,#864,#871,#878),(#844,#851,#858,#865,#872,#879),(#845,#852,#859,#866,#873,#880),(#846,#853,#860,#867,#874,#881),(#847,#854,#861,#868,#875,#882),(#848,#855,#862,#869,#876,#883),(#849,#856,#863,#870,#877,#884)),.UNSPECIFIED.,.F.,.F.,.F.,(4,1,1,1,4),(4,1,1,4),(0.089248257327254,0.316936192995441,0.544624128663627,0.772312064331814,1.0),(0.0,0.482623689901014,0.495596018502453,1.0),.UNSPECIFIED.);
#886=ORIENTED_EDGE('',*,*,#122,.F.);
#887=CARTESIAN_POINT('',(235.98124314167305,732.61593671011394,138.14164336870755));
#888=VERTEX_POINT('',#887);
#889=CARTESIAN_POINT('',(288.42397808278469,728.74312602986765,144.4835565264635));
#890=CARTESIAN_POINT('',(279.721483398987,729.47981716936033,143.31353871857388));
#891=CARTESIAN_POINT('',(270.95484069057028,730.1662686285373,142.20355620751948));
#892=CARTESIAN_POINT('',(253.50242820390875,731.44796705228509,140.10117744751491));
#893=CARTESIAN_POINT('',(244.72484061399916,732.04990039595702,139.09776605531076));
#894=CARTESIAN_POINT('',(235.98124316848356,732.61593679877114,138.141643176016));
#895=B_SPLINE_CURVE_WITH_KNOTS('',3,(#889,#890,#891,#892,#893,#894),.UNSPECIFIED.,.F.,.U.,(4,2,4),(0.000000999999994,2.64349318726925,5.288203533543711),.UNSPECIFIED.);
#896=EDGE_CURVE('',#101,#888,#895,.T.);
#897=ORIENTED_EDGE('',*,*,#896,.T.);
#898=CARTESIAN_POINT('',(237.44596369993698,652.52677276809163,141.34117813416793));
#899=VERTEX_POINT('',#898);
#900=CARTESIAN_POINT('',(235.98124316848356,732.6159367987716,138.14164317601598));
#901=CARTESIAN_POINT('',(236.09052972784241,725.97885090493219,139.01515667648766));
#902=CARTESIAN_POINT('',(236.20547332809156,719.32566889342513,139.77173450110979));
#903=CARTESIAN_POINT('',(236.44326792670626,706.00312298347706,141.00184825770111));
#904=CARTESIAN_POINT('',(236.56613863867221,699.33220004839291,141.47575471930824));
#905=CARTESIAN_POINT('',(236.81603369783357,685.9672651772986,142.08726258330461));
#906=CARTESIAN_POINT('',(236.9431348929748,679.26865630254554,142.22467572926516));
#907=CARTESIAN_POINT('',(237.19632313228482,665.88971797850479,142.09976201341777));
#908=CARTESIAN_POINT('',(237.32246860372379,659.20529319542482,141.83793727171286));
#909=CARTESIAN_POINT('',(237.44596369993695,652.52677276809197,141.3411781341679));
#910=B_SPLINE_CURVE_WITH_KNOTS('',3,(#900,#901,#902,#903,#904,#905,#906,#907,#908,#909),.UNSPECIFIED.,.F.,.U.,(4,2,2,2,4),(0.0,0.25,0.5,0.75,1.0),.UNSPECIFIED.);
#911=EDGE_CURVE('',#888,#899,#910,.T.);
#912=ORIENTED_EDGE('',*,*,#911,.T.);
#913=CARTESIAN_POINT('',(283.16873095989945,450.8566839252415,96.122404060904714));
#914=VERTEX_POINT('',#913);
#915=CARTESIAN_POINT('',(237.44596369993695,652.52677276809163,141.3411781341679));
#916=CARTESIAN_POINT('',(237.5293075586421,648.01960058131681,141.00592738624704));
#917=CARTESIAN_POINT('',(237.74741712252256,643.54996204533893,140.62470563754582));
#918=CARTESIAN_POINT('',(238.0876346440154,639.11303402983754,140.2108890009543));
#919=CARTESIAN_POINT('',(238.42824305432123,634.67100825947148,139.79659691473526));
#920=CARTESIAN_POINT('',(238.8912385899589,630.26176776558918,139.34963481167588));
#921=CARTESIAN_POINT('',(239.46340484883902,625.88060606133126,138.8809112472459));
#922=CARTESIAN_POINT('',(239.47000105759383,625.83009791489485,138.87550757579331));
#923=CARTESIAN_POINT('',(239.47661177606651,625.7795935005181,138.87010101139828));
#924=CARTESIAN_POINT('',(239.48323698217598,625.72909281278908,138.86469156555495));
#925=CARTESIAN_POINT('',(240.05197611092481,621.39387415458418,138.40031906677791));
#926=CARTESIAN_POINT('',(240.72760082255823,617.08537208301004,137.91464213169496));
#927=CARTESIAN_POINT('',(241.49609061035758,612.80088824326936,137.41497299491272));
#928=CARTESIAN_POINT('',(242.27465579113797,608.46023207815517,136.90875287593977));
#929=CARTESIAN_POINT('',(243.14853125439248,604.14422399684656,136.38817098977265));
#930=CARTESIAN_POINT('',(244.10151721974944,599.84692850460124,135.85779076329717));
#931=CARTESIAN_POINT('',(244.11870810370482,599.76940972592604,135.84822325101786));
#932=CARTESIAN_POINT('',(244.13592473045949,599.6918970374295,135.83865254962777));
#933=CARTESIAN_POINT('',(244.15316698286421,599.61439041492929,135.82907869579918));
#934=CARTESIAN_POINT('',(245.09367173882256,595.38667437362562,135.30685834736292));
#935=CARTESIAN_POINT('',(246.11037203266886,591.17766637171121,134.7754393681202));
#936=CARTESIAN_POINT('',(247.18443455203726,586.98224644905019,134.24048279147502));
#937=CARTESIAN_POINT('',(247.20472259826099,586.90299885239438,134.23037795720435));
#938=CARTESIAN_POINT('',(247.22503111991873,586.82375610569022,134.22027185739901));
#939=CARTESIAN_POINT('',(247.24535998109158,586.74451819006447,134.21016447356212));
#940=CARTESIAN_POINT('',(248.32325839443445,582.54308148372479,133.67424006007948));
#941=CARTESIAN_POINT('',(249.45837575819075,578.35520070853067,133.13474950682803));
#942=CARTESIAN_POINT('',(250.63113043469525,574.17683231034277,132.58893306307263));
#943=CARTESIAN_POINT('',(250.65142572188182,574.10452291067747,132.57948735230366));
#944=CARTESIAN_POINT('',(250.6717322891534,574.03221636101284,132.57003974733848));
#945=CARTESIAN_POINT('',(250.69205003612413,573.95991264424731,132.56059019755969));
#946=CARTESIAN_POINT('',(251.86970199413946,569.76906344510292,132.01287785448312));
#947=CARTESIAN_POINT('',(253.08487464997481,565.58773765659089,131.45861152547778));
#948=CARTESIAN_POINT('',(254.31806085642134,561.4129586930793,130.88802827010832));
#949=CARTESIAN_POINT('',(254.33556753168247,561.35369229906769,130.87992810185398));
#950=CARTESIAN_POINT('',(254.35307784034407,561.29442722483316,130.87182464586351));
#951=CARTESIAN_POINT('',(254.37059173140781,561.23516346557028,130.86371785739902));
#952=CARTESIAN_POINT('',(255.6091779724706,557.0440173319414,130.2904039881526));
#953=CARTESIAN_POINT('',(256.86563310708942,552.85944744773269,129.70038221407287));
#954=CARTESIAN_POINT('',(258.12198999180953,548.6797357008644,129.07784013490303));
#955=CARTESIAN_POINT('',(258.1347932324814,548.63714123102443,129.07149595343284));
#956=CARTESIAN_POINT('',(258.14759646354042,548.59454726576973,129.06514839464455));
#957=CARTESIAN_POINT('',(258.16039966911353,548.55195380450277,129.05879743724714));
#958=CARTESIAN_POINT('',(259.42213727094389,544.35442910135635,128.43291966701105));
#959=CARTESIAN_POINT('',(260.68358982144571,540.16180137494098,127.77400033714332));
#960=CARTESIAN_POINT('',(261.92951764273033,535.97366270013038,127.06164961549308));
#961=CARTESIAN_POINT('',(261.93684372516969,535.94903635446633,127.0574609778983));
#962=CARTESIAN_POINT('',(261.94416927077987,535.92441016401733,127.0532704926903));
#963=CARTESIAN_POINT('',(261.95149427721753,535.89978412894516,127.04907815514557));
#964=CARTESIAN_POINT('',(263.20233052427528,531.69458136883998,126.33318420945811));
#965=CARTESIAN_POINT('',(264.43742637322583,527.49390867906629,125.56326233391422));
#966=CARTESIAN_POINT('',(265.64504905006959,523.29864003707667,124.71569808365685));
#967=CARTESIAN_POINT('',(265.64720547249726,523.29114864795042,124.71418460879981));
#968=CARTESIAN_POINT('',(265.649361807302,523.28365727605933,124.71267088631848));
#969=CARTESIAN_POINT('',(265.651518054441,523.27616592141271,124.7111569160662));
#970=CARTESIAN_POINT('',(266.86119881462139,519.07342523378998,123.86180126822204));
#971=CARTESIAN_POINT('',(268.04328822923605,514.87610943407662,122.93447300047168));
#972=CARTESIAN_POINT('',(269.19007235222517,510.68636473482763,121.90326547315371));
#973=CARTESIAN_POINT('',(269.19197293399895,510.67942101084964,121.90155643812946));
#974=CARTESIAN_POINT('',(269.19387341983139,510.6724773036936,121.89984711669231));
#975=CARTESIAN_POINT('',(269.19577380968286,510.66553361338492,121.898137508727));
#976=CARTESIAN_POINT('',(269.77064299686089,508.56506270177977,121.38097996832207));
#977=CARTESIAN_POINT('',(270.33672849987897,506.46613357438861,120.83760119385751));
#978=CARTESIAN_POINT('',(270.89327430416949,504.36985642357371,120.26475097837667));
#979=CARTESIAN_POINT('',(271.44500809200326,502.2917041423924,119.69685375084936));
#980=CARTESIAN_POINT('',(271.9873662403154,500.21615851230126,119.0999919095543));
#981=CARTESIAN_POINT('',(272.52013414834732,498.142945131516,118.4704545601487));
#982=CARTESIAN_POINT('',(272.52453194595785,498.12583153905928,118.46525796739374));
#983=CARTESIAN_POINT('',(272.52892911609541,498.10871800027479,118.46005911466227));
#984=CARTESIAN_POINT('',(272.53332565845557,498.09160451567038,118.45485800000276));
#985=CARTESIAN_POINT('',(272.80170466855725,497.046942669781,118.13736532294141));
#986=CARTESIAN_POINT('',(273.0677443028934,496.00248206198211,117.81144294988468));
#987=CARTESIAN_POINT('',(273.33072061954192,494.96107750752753,117.47753803853757));
#988=CARTESIAN_POINT('',(273.58847614476969,493.94034765120841,117.15026204312763));
#989=CARTESIAN_POINT('',(273.84328856824095,492.92255455787381,116.81531750842437));
#990=CARTESIAN_POINT('',(274.09510658292129,491.90802805211399,116.47248505797279));
#991=CARTESIAN_POINT('',(274.10009440274166,491.88793308225974,116.46569449339141));
#992=CARTESIAN_POINT('',(274.10508105951709,491.86783934455576,116.45890081682866));
#993=CARTESIAN_POINT('',(274.11006655319278,491.84774684012893,116.45210402606951));
#994=CARTESIAN_POINT('',(274.61778719613329,489.80153438266092,115.75992162676565));
#995=CARTESIAN_POINT('',(275.11344511320112,487.7681120410262,115.0354421793928));
#996=CARTESIAN_POINT('',(275.59714623306525,485.74865197559654,114.27626912413052));
#997=CARTESIAN_POINT('',(275.60231675503695,485.72706496202443,114.26815394555973));
#998=CARTESIAN_POINT('',(275.60748591104476,485.70547954364201,114.26003480287068));
#999=CARTESIAN_POINT('',(275.61265370121276,485.68389572189255,114.25191169312582));
#1000=CARTESIAN_POINT('',(276.10092555477928,483.64457672673524,113.48441035834216));
#1001=CARTESIAN_POINT('',(276.57700435220482,481.6195104835183,112.68149572359926));
#1002=CARTESIAN_POINT('',(277.04120291315701,479.60993459969274,111.84074196535371));
#1003=CARTESIAN_POINT('',(277.50033794698965,477.62227938267415,111.00915923824438));
#1004=CARTESIAN_POINT('',(277.94785045989704,475.64977840657025,110.14055840948957));
#1005=CARTESIAN_POINT('',(278.38416349009151,473.69364690452062,109.23259521185678));
#1006=CARTESIAN_POINT('',(278.38865084111092,473.67352866811154,109.22325707776837));
#1007=CARTESIAN_POINT('',(278.39313700765922,473.65341216339186,109.21391478040319));
#1008=CARTESIAN_POINT('',(278.39762199019304,473.63329739169967,109.20456831720603));
#1009=CARTESIAN_POINT('',(279.27477811092689,469.69932552581622,107.37662197877845));
#1010=CARTESIAN_POINT('',(280.1066428561619,465.83163040976552,105.38935249198032));
#1011=CARTESIAN_POINT('',(280.89814680341573,462.04091984332865,103.22271821010997));
#1012=CARTESIAN_POINT('',(280.90081308314257,462.02815036217987,103.21541963240699));
#1013=CARTESIAN_POINT('',(280.90347890543268,462.01538175452197,103.20811902004023));
#1014=CARTESIAN_POINT('',(280.90614427047279,462.00261402077012,103.20081637223805));
#1015=CARTESIAN_POINT('',(281.69875696795708,458.20581030442548,101.02919211586156));
#1016=CARTESIAN_POINT('',(282.45092915197665,454.48627268557448,98.677591510959815));
#1017=CARTESIAN_POINT('',(283.16873095984442,450.85668392555101,96.122404061138184));
#1018=B_SPLINE_CURVE_WITH_KNOTS('',3,(#915,#916,#917,#918,#919,#920,#921,#922,#923,#924,#925,#926,#927,#928,#929,#930,#931,#932,#933,#934,#935,#936,#937,#938,#939,#940,#941,#942,#943,#944,#945,#946,#947,#948,#949,#950,#951,#952,#953,#954,#955,#956,#957,#958,#959,#960,#961,#962,#963,#964,#965,#966,#967,#968,#969,#970,#971,#972,#973,#974,#975,#976,#977,#978,#979,#980,#981,#982,#983,#984,#985,#986,#987,#988,#989,#990,#991,#992,#993,#994,#995,#996,#997,#998,#999,#1000,#1001,#1002,#1003,#1004,#1005,#1006,#1007,#1008,#1009,#1010,#1011,#1012,#1013,#1014,#1015,#1016,#1017),.UNSPECIFIED.,.F.,.U.,(4,3,3,3,3,3,3,3,3,3,3,3,3,3,3,3,3,3,3,3,3,3,3,3,3,3,3,3,3,3,3,3,3,3,4),(0.0,0.062105917272815,0.124283190389312,0.125000000000001,0.186534338211733,0.248875430981762,0.250000000000003,0.31134131929124,0.312500000000003,0.373936796037245,0.375000000000003,0.436625151170345,0.437500000000002,0.499369502298426,0.500000000000002,0.562134646936986,0.562500000000002,0.624888594205495,0.625000000000002,0.687500000000002,0.687603582146355,0.718937249937393,0.750000000000002,0.750256411255151,0.765908574523048,0.781250000000002,0.781553871294374,0.812500000000002,0.812830798569287,0.844085866079761,0.875000000000001,0.875317942763019,0.937500000000001,0.937709468012333,1.0),.UNSPECIFIED.);
#1019=EDGE_CURVE('',#899,#914,#1018,.T.);
#1020=ORIENTED_EDGE('',*,*,#1019,.T.);
#1021=CARTESIAN_POINT('',(316.95781407849665,422.30260915087564,147.8455059034537));
#1022=VERTEX_POINT('',#1021);
#1023=CARTESIAN_POINT('',(283.16873095984431,450.8566839255509,96.12240406113834));
#1024=CARTESIAN_POINT('',(294.42296779644221,441.3861325197438,113.39532518097278));
#1025=CARTESIAN_POINT('',(305.69365738459658,431.86714283113486,130.63092061431178));
#1026=CARTESIAN_POINT('',(316.95781416475165,422.30260925317674,147.84550587073912));
#1027=QUASI_UNIFORM_CURVE('',3,(#1023,#1024,#1025,#1026),.UNSPECIFIED.,.F.,.U.);
#1028=EDGE_CURVE('',#914,#1022,#1027,.T.);
#1029=ORIENTED_EDGE('',*,*,#1028,.T.);
#1030=CARTESIAN_POINT('',(311.85807070965831,499.27337266807973,173.81897504548584));
#1031=CARTESIAN_POINT('',(312.70299394401286,490.11604383899106,172.41077125863518));
#1032=CARTESIAN_POINT('',(313.46541674297629,481.00884480694964,170.55121654257135));
#1033=CARTESIAN_POINT('',(315.41569177704667,454.58812349425619,163.48608513986062));
#1034=CARTESIAN_POINT('',(316.3015549726918,437.9196709170925,156.85707388093763));
#1035=CARTESIAN_POINT('',(316.95781416726408,422.30260919339025,147.84550583624019));
#1036=B_SPLINE_CURVE_WITH_KNOTS('',3,(#1030,#1031,#1032,#1033,#1034,#1035),.UNSPECIFIED.,.F.,.U.,(4,2,4),(24.128489866019798,27.065180615111359,32.783741732221728),.UNSPECIFIED.);
#1037=EDGE_CURVE('',#82,#1022,#1036,.T.);
#1038=ORIENTED_EDGE('',*,*,#1037,.F.);
#1039=EDGE_LOOP('',(#886,#897,#912,#1020,#1029,#1038));
#1040=FACE_OUTER_BOUND('',#1039,.T.);
#1041=ADVANCED_FACE('',(#1040),#885,.T.);
#1042=CARTESIAN_POINT('',(206.9553101379139,730.70637305496302,-175.13958544165209));
#1043=CARTESIAN_POINT('',(218.67370299713906,730.70637305496302,-175.13958544165209));
#1044=CARTESIAN_POINT('',(242.11048871558938,730.70637305496359,-175.139585441652));
#1045=CARTESIAN_POINT('',(277.2656672932651,730.70637305496234,-175.13958544165251));
#1046=CARTESIAN_POINT('',(312.42084587094035,730.70637305496336,-175.13958544165177));
#1047=CARTESIAN_POINT('',(335.85763158939085,730.70637305496302,-175.13958544165209));
#1048=CARTESIAN_POINT('',(347.57602444861607,730.70637305496302,-175.13958544165209));
#1049=CARTESIAN_POINT('',(209.06559113500407,710.96309447935926,-127.51547728312607));
#1050=CARTESIAN_POINT('',(220.60812724447175,712.33536662416839,-126.40011270169104));
#1051=CARTESIAN_POINT('',(243.69319946340698,715.07991091378722,-124.16938353882067));
#1052=CARTESIAN_POINT('',(278.32080779181024,719.19672734821393,-120.82328979451596));
#1053=CARTESIAN_POINT('',(312.94841612021281,723.31354378264245,-117.47719605021011));
#1054=CARTESIAN_POINT('',(336.03348833914833,726.05808807226038,-115.2464668873404));
#1055=CARTESIAN_POINT('',(347.57602444861607,727.43036021706973,-114.1311023059053));
#1056=CARTESIAN_POINT('',(211.2325938784744,682.68525682651045,-78.554963497467597));
#1057=CARTESIAN_POINT('',(222.59454642598615,686.51126822039805,-76.041880934506366));
#1058=CARTESIAN_POINT('',(245.31845152100968,694.16329100817336,-71.015715808583352));
#1059=CARTESIAN_POINT('',(279.40430916354546,705.64132518983524,-63.476468119699533));
#1060=CARTESIAN_POINT('',(313.49016680608042,717.11935937149849,-55.93722043081484));
#1061=CARTESIAN_POINT('',(336.21407190110415,724.77138215927334,-50.911055304892315));
#1062=CARTESIAN_POINT('',(347.57602444861607,728.59739355316094,-48.397972741930921));
#1063=CARTESIAN_POINT('',(215.60511234627481,592.91991867802369,-16.446103789196421));
#1064=CARTESIAN_POINT('',(226.60268835480321,601.11238345806464,-8.900521597436317));
#1065=CARTESIAN_POINT('',(248.59784037185992,617.49731301814688,6.190642786083778));
#1066=CARTESIAN_POINT('',(281.59056839744579,642.07470735826951,28.827389361363643));
#1067=CARTESIAN_POINT('',(314.58329642303045,666.65210169839281,51.464135936643999));
#1068=CARTESIAN_POINT('',(336.57844844008764,683.03703125847483,66.555300320164037));
#1069=CARTESIAN_POINT('',(347.57602444861607,691.22949603851578,74.100882511924041));
#1070=CARTESIAN_POINT('',(217.8673498169851,529.48906779394883,-4.692333425242723));
#1071=CARTESIAN_POINT('',(228.67640603628763,539.50901830694465,6.67907346221075));
#1072=CARTESIAN_POINT('',(250.29451847489253,559.54891933293595,29.421887237117474));
#1073=CARTESIAN_POINT('',(282.72168713280098,589.60877087192262,63.536107899477614));
#1074=CARTESIAN_POINT('',(315.14885579070796,619.66862241090985,97.650328561837867));
#1075=CARTESIAN_POINT('',(336.76696822931348,639.70852343690115,120.39314233674459));
#1076=CARTESIAN_POINT('',(347.57602444861607,649.72847394989674,131.76454922419796));
#1077=CARTESIAN_POINT('',(220.07286554131514,479.43096289492553,-34.368061871703716));
#1078=CARTESIAN_POINT('',(230.69812878359016,489.00979869667373,-17.777031585716308));
#1079=CARTESIAN_POINT('',(251.94865526814002,508.16747030017007,15.405028986258507));
#1080=CARTESIAN_POINT('',(283.82444499496609,536.90397770541449,65.178119844220731));
#1081=CARTESIAN_POINT('',(315.70023472179037,565.64048511065903,114.95121070218283));
#1082=CARTESIAN_POINT('',(336.95076120634093,584.7981567141552,148.13327127415764));
#1083=CARTESIAN_POINT('',(347.57602444861607,594.37699251590345,164.72430156014499));
#1084=B_SPLINE_SURFACE_WITH_KNOTS('',3,3,((#1042,#1049,#1056,#1063,#1070,#1077),(#1043,#1050,#1057,#1064,#1071,#1078),(#1044,#1051,#1058,#1065,#1072,#1079),(#1045,#1052,#1059,#1066,#1073,#1080),(#1046,#1053,#1060,#1067,#1074,#1081),(#1047,#1054,#1061,#1068,#1075,#1082),(#1048,#1055,#1062,#1069,#1076,#1083)),.UNSPECIFIED.,.F.,.F.,.F.,(4,1,1,1,4),(4,1,1,4),(0.089248257327255,0.316936192995441,0.544624128663627,0.772312064331814,1.0),(0.0,0.482623689901014,0.495596018502453,1.0),.UNSPECIFIED.);
#1085=CARTESIAN_POINT('',(233.84787781748815,693.15680091659544,-90.35855567886648));
#1086=VERTEX_POINT('',#1085);
#1087=CARTESIAN_POINT('',(235.14144588726504,723.07651043712553,-153.11445202168647));
#1088=VERTEX_POINT('',#1087);
#1089=CARTESIAN_POINT('',(233.8478778174885,693.15680091659556,-90.358555678866594));
#1090=CARTESIAN_POINT('',(233.96269000862262,696.23595228615898,-95.285328303906709));
#1091=CARTESIAN_POINT('',(234.07828158289766,699.14540132173943,-100.31893220227559));
#1092=CARTESIAN_POINT('',(234.19246831404209,701.89766241969198,-105.426423365678));
#1093=CARTESIAN_POINT('',(234.1995983041659,702.06951771539809,-105.74534274613066));
#1094=CARTESIAN_POINT('',(234.20672282572198,702.24076736523239,-106.06455879626353));
#1095=CARTESIAN_POINT('',(234.21384144639552,702.41141783474882,-106.38406830258364));
#1096=CARTESIAN_POINT('',(234.32072747521747,704.97373318201267,-111.18150082041038));
#1097=CARTESIAN_POINT('',(234.42628504189574,707.40092754727129,-116.0451099306684));
#1098=CARTESIAN_POINT('',(234.52919060157282,709.71226157300134,-120.96550829417961));
#1099=CARTESIAN_POINT('',(234.54235039945448,710.0078402444658,-121.59474006906464));
#1100=CARTESIAN_POINT('',(234.5554672768547,710.30153720168312,-122.22492694464522));
#1101=CARTESIAN_POINT('',(234.56853817425065,710.5933878833174,-122.85603857159228));
#1102=CARTESIAN_POINT('',(234.66448488448606,712.73571307603947,-127.48870322825027));
#1103=CARTESIAN_POINT('',(234.75795322658814,714.77847724758999,-132.17122862791413));
#1104=CARTESIAN_POINT('',(234.84812818255341,716.73381091740339,-136.89281425870135));
#1105=CARTESIAN_POINT('',(234.95058756969871,718.95551745808416,-142.25761610313842));
#1106=CARTESIAN_POINT('',(235.04870062466711,721.06236511929399,-147.66773637843448));
#1107=CARTESIAN_POINT('',(235.14144588726504,723.07651043712553,-153.11445202168647));
#1108=B_SPLINE_CURVE_WITH_KNOTS('',3,(#1089,#1090,#1091,#1092,#1093,#1094,#1095,#1096,#1097,#1098,#1099,#1100,#1101,#1102,#1103,#1104,#1105,#1106,#1107),.UNSPECIFIED.,.F.,.U.,(4,3,3,3,3,3,4),(0.0,0.25,0.265610373579198,0.5,0.529974280485322,0.75,0.999999571791974),.UNSPECIFIED.);
#1109=EDGE_CURVE('',#1086,#1088,#1108,.T.);
#1110=ORIENTED_EDGE('',*,*,#1109,.T.);
#1111=CARTESIAN_POINT('',(288.42397808278457,725.7770792216138,-149.09036431629633));
#1112=VERTEX_POINT('',#1111);
#1113=CARTESIAN_POINT('',(235.14145321297497,723.07643883884214,-153.11451070039351));
#1114=CARTESIAN_POINT('',(244.01908725487604,723.49773457778042,-152.49871486427207));
#1115=CARTESIAN_POINT('',(252.91894105536588,723.93294569930936,-151.857137759956));
#1116=CARTESIAN_POINT('',(270.66236426591291,724.83062601537904,-150.52056066292189));
#1117=CARTESIAN_POINT('',(279.5596020087583,725.29580449330399,-149.82153504173314));
#1118=CARTESIAN_POINT('',(288.42397808278463,725.7770792216138,-149.0903643162967));
#1119=B_SPLINE_CURVE_WITH_KNOTS('',3,(#1113,#1114,#1115,#1116,#1117,#1118),.UNSPECIFIED.,.F.,.U.,(4,2,4),(0.000005457884602,2.672684719903439,5.344697278981387),.UNSPECIFIED.);
#1120=EDGE_CURVE('',#1088,#1112,#1119,.T.);
#1121=ORIENTED_EDGE('',*,*,#1120,.T.);
#1122=CARTESIAN_POINT('',(328.18617287148362,584.08953948943497,131.26344384846141));
#1123=VERTEX_POINT('',#1122);
#1124=CARTESIAN_POINT('',(328.18617212649622,584.08953971400911,131.2634443094006));
#1125=CARTESIAN_POINT('',(328.02492299699941,586.60583152120705,129.77686588945863));
#1126=CARTESIAN_POINT('',(327.8546659981821,589.07994104158115,128.22920532565058));
#1127=CARTESIAN_POINT('',(327.67431862800657,591.51197826702503,126.62277193735784));
#1128=CARTESIAN_POINT('',(327.02801275309537,600.22760270489482,120.86584110162232));
#1129=CARTESIAN_POINT('',(326.24992932334578,608.41996403896394,114.33763821349524));
#1130=CARTESIAN_POINT('',(325.29438385886976,616.03516035075063,107.19212194800618));
#1131=CARTESIAN_POINT('',(324.38430441738802,623.28801629937379,100.38659809408784));
#1132=CARTESIAN_POINT('',(323.31879791275753,629.97177126887425,93.071730325904213));
#1133=CARTESIAN_POINT('',(322.06778363878533,636.17876794203892,85.313527432567099));
#1134=CARTESIAN_POINT('',(321.10881678772398,640.93675046714088,79.366465473877085));
#1135=CARTESIAN_POINT('',(320.05292670493219,645.35428319476136,73.235229755344633));
#1136=CARTESIAN_POINT('',(318.90629583508894,649.51226511019149,66.937361143143846));
#1137=CARTESIAN_POINT('',(317.94842540248953,652.98575256009553,61.676258995381772));
#1138=CARTESIAN_POINT('',(316.92803696383629,656.27542489267569,56.303588734026199));
#1139=CARTESIAN_POINT('',(315.85620617474353,659.44875675165179,50.788303347919253));
#1140=CARTESIAN_POINT('',(314.80111063387079,662.57254114764692,45.359131992944903));
#1141=CARTESIAN_POINT('',(313.68085283922323,665.6199080292696,39.718812829166971));
#1142=CARTESIAN_POINT('',(312.58223611062647,668.51758710491038,34.100349990039113));
#1143=CARTESIAN_POINT('',(312.40850354483359,668.97581899557031,33.211860001269109));
#1144=CARTESIAN_POINT('',(312.23537768686515,669.43039243022099,32.323947303045266));
#1145=CARTESIAN_POINT('',(312.06314415315933,669.88099021322159,31.437529162511968));
#1146=CARTESIAN_POINT('',(311.46404847060717,671.44834577142763,28.35421971920325));
#1147=CARTESIAN_POINT('',(310.87620005982927,672.96701199185372,25.29021561435686));
#1148=CARTESIAN_POINT('',(310.30933930482558,674.42535679570244,22.28064001671698));
#1149=CARTESIAN_POINT('',(309.71971752341489,675.94225817503798,19.15022163882281));
#1150=CARTESIAN_POINT('',(309.1344812436497,677.4410259726186,15.981537908876881));
#1151=CARTESIAN_POINT('',(308.56077217783411,678.90828195851327,12.79909225357363));
#1152=CARTESIAN_POINT('',(307.48299513993209,681.66468743394955,6.820509978983838));
#1153=CARTESIAN_POINT('',(306.45729499677168,684.28914599419329,0.846683910855507));
#1154=CARTESIAN_POINT('',(305.45431378316084,686.79217312483456,-5.222108289939358));
#1155=CARTESIAN_POINT('',(305.21792100748701,687.3821119222614,-6.652462731144779));
#1156=CARTESIAN_POINT('',(304.98238393691992,687.96573773161765,-8.089636193195034));
#1157=CARTESIAN_POINT('',(304.74673112439996,688.54350738522498,-9.536172380646633));
#1158=CARTESIAN_POINT('',(304.7274491381898,688.59078263891024,-9.654533330896648));
#1159=CARTESIAN_POINT('',(304.70816629977077,688.63801859609816,-9.772956985450962));
#1160=CARTESIAN_POINT('',(304.68888201083098,688.68521552597099,-9.891444717562711));
#1161=CARTESIAN_POINT('',(304.36174245703933,689.48586638881704,-11.901475988817465));
#1162=CARTESIAN_POINT('',(304.03417960551269,690.2753146749551,-13.929929811168002));
#1163=CARTESIAN_POINT('',(303.7055751989547,691.05626618337283,-15.983362235732997));
#1164=CARTESIAN_POINT('',(302.86774486610784,693.04742895896834,-21.21892188562579));
#1165=CARTESIAN_POINT('',(302.0350532410522,694.95449940796652,-26.543660486122853));
#1166=CARTESIAN_POINT('',(301.22334628988648,696.76820682937341,-31.894033865280203));
#1167=CARTESIAN_POINT('',(299.40296029970915,700.83574324195195,-43.893123841838459));
#1168=CARTESIAN_POINT('',(297.67595302885644,704.46904372224606,-56.108276058911187));
#1169=CARTESIAN_POINT('',(296.11096774883754,707.78567025611574,-68.444799627607239));
#1170=CARTESIAN_POINT('',(295.17690163391046,709.7652086586229,-75.807890379092854));
#1171=CARTESIAN_POINT('',(294.29849355464262,711.63509517581758,-83.230051786667161));
#1172=CARTESIAN_POINT('',(293.48886302055962,713.40435676815775,-90.642000204301439));
#1173=CARTESIAN_POINT('',(292.65183487807855,715.2334895415122,-98.304766311813722));
#1174=CARTESIAN_POINT('',(291.89623471003165,716.93699763825271,-105.87381613767398));
#1175=CARTESIAN_POINT('',(291.20494710695488,718.57245521437665,-113.47557501110741));
#1176=CARTESIAN_POINT('',(290.14637111677922,721.07684863229724,-125.11622846808415));
#1177=CARTESIAN_POINT('',(289.239701423486,723.41941114578322,-136.83435161504281));
#1178=CARTESIAN_POINT('',(288.42397808278469,725.77707922161369,-149.09036431629633));
#1179=B_SPLINE_CURVE_WITH_KNOTS('',3,(#1124,#1125,#1126,#1127,#1128,#1129,#1130,#1131,#1132,#1133,#1134,#1135,#1136,#1137,#1138,#1139,#1140,#1141,#1142,#1143,#1144,#1145,#1146,#1147,#1148,#1149,#1150,#1151,#1152,#1153,#1154,#1155,#1156,#1157,#1158,#1159,#1160,#1161,#1162,#1163,#1164,#1165,#1166,#1167,#1168,#1169,#1170,#1171,#1172,#1173,#1174,#1175,#1176,#1177,#1178),.UNSPECIFIED.,.F.,.U.,(4,3,3,3,3,3,3,3,3,3,3,3,3,3,3,3,3,3,4),(0.00000099997224,0.8781169689792,4.024996843469701,7.022144321069736,9.319612174601465,11.238866735614964,13.128154624833964,13.426921996540218,14.466151922475843,15.547109802901797,17.57781081824308,18.056427010715986,18.095589160849219,18.759937655114808,20.453802098100205,24.252570972558747,26.519877463792042,28.863908797716302,32.453348676671993),.UNSPECIFIED.);
#1180=EDGE_CURVE('',#1123,#1112,#1179,.T.);
#1181=ORIENTED_EDGE('',*,*,#1180,.F.);
#1182=CARTESIAN_POINT('',(293.71083723544217,555.38433219064825,79.380530775910088));
#1183=VERTEX_POINT('',#1182);
#1184=CARTESIAN_POINT('',(328.18617209024865,584.08953968330013,131.26344425429241));
#1185=CARTESIAN_POINT('',(316.79575178583974,574.4492637186446,113.94173935143525));
#1186=CARTESIAN_POINT('',(305.32823320534709,564.87154392479033,96.635831158106669));
#1187=CARTESIAN_POINT('',(293.71083723544211,555.38433219064837,79.380530775909961));
#1188=B_SPLINE_CURVE_WITH_KNOTS('',3,(#1184,#1185,#1186,#1187),.UNSPECIFIED.,.F.,.U.,(4,4),(1.060820E-009,0.999999999999999),.UNSPECIFIED.);
#1189=EDGE_CURVE('',#1123,#1183,#1188,.T.);
#1190=ORIENTED_EDGE('',*,*,#1189,.T.);
#1191=CARTESIAN_POINT('',(293.71083723544223,555.38433219064837,79.380530775910188));
#1192=CARTESIAN_POINT('',(292.77966016301571,559.60764367016918,77.177279619680547));
#1193=CARTESIAN_POINT('',(291.78812718561329,563.64447878451335,74.754581116862838));
#1194=CARTESIAN_POINT('',(290.72747466517012,567.5164479711209,72.144350715658859));
#1195=CARTESIAN_POINT('',(289.66682214472701,571.38841715772844,69.534120314454867));
#1196=CARTESIAN_POINT('',(288.53693491064627,575.09524121356844,66.736039651265571));
#1197=CARTESIAN_POINT('',(287.33030941103164,578.65512154872602,63.777039892490698));
#1198=CARTESIAN_POINT('',(286.123683911417,582.2150018838837,60.81804013371584));
#1199=CARTESIAN_POINT('',(284.84016599538006,585.62773628262437,57.697919807645036));
#1200=CARTESIAN_POINT('',(283.47552285420824,588.91168014956907,54.44246599130571));
#1201=CARTESIAN_POINT('',(282.79320128362235,590.55365208304147,52.814739083136047));
#1202=CARTESIAN_POINT('',(282.0894560789053,592.16590749112765,51.150394615365407));
#1203=CARTESIAN_POINT('',(281.37055959235227,593.73775695966083,49.467354604700304));
#1204=CARTESIAN_POINT('',(280.65166310579923,595.30960642819412,47.784314594035202));
#1205=CARTESIAN_POINT('',(279.91679149679419,596.84330389832883,46.080566014771975));
#1206=CARTESIAN_POINT('',(279.16650114650866,598.34342248869245,44.359203326871736));
#1207=CARTESIAN_POINT('',(277.66592044593773,601.34365966941959,40.916477951071244));
#1208=CARTESIAN_POINT('',(276.10325935636934,604.20959261642065,37.403487102616459));
#1209=CARTESIAN_POINT('',(274.48748690630214,606.97717295556731,33.842487135860367));
#1210=CARTESIAN_POINT('',(272.87171445623483,609.74475329471397,30.281487169104263));
#1211=CARTESIAN_POINT('',(271.20279724043723,612.41399341037106,26.672502197374143));
#1212=CARTESIAN_POINT('',(269.49638318069179,615.02049780554216,23.034524773506));
#1213=CARTESIAN_POINT('',(267.78996912094635,617.62700220071326,19.396547349637856));
#1214=CARTESIAN_POINT('',(266.04609290140132,620.17089983309529,15.729656174442379));
#1215=CARTESIAN_POINT('',(264.28709501170516,622.68636589939365,12.048782228927099));
#1216=CARTESIAN_POINT('',(262.528097122009,625.20183196569189,8.367908283411813));
#1217=CARTESIAN_POINT('',(260.75409220242676,627.68907620399955,4.673153325832164));
#1218=CARTESIAN_POINT('',(258.99299103871465,630.17825627543152,0.973999256767909));
#1219=CARTESIAN_POINT('',(257.23188987500248,632.66743634686338,-2.725154812296346));
#1220=CARTESIAN_POINT('',(255.48386788271276,635.15878182202289,-6.428619116035678));
#1221=CARTESIAN_POINT('',(253.78019671289167,637.67507139084864,-10.133824001698933));
#1222=CARTESIAN_POINT('',(252.07652554307057,640.19136095967451,-13.839028887362186));
#1223=CARTESIAN_POINT('',(250.4173965971398,642.73277938575586,-17.545925458211279));
#1224=CARTESIAN_POINT('',(248.83464229280818,645.31156550328183,-21.259906587330416));
#1225=CARTESIAN_POINT('',(247.25188798847657,647.89035162080768,-24.973887716449529));
#1226=CARTESIAN_POINT('',(245.74566999144793,650.50661064172175,-28.694949297855707));
#1227=CARTESIAN_POINT('',(244.3456975282115,653.15985525414158,-32.436836440791723));
#1228=CARTESIAN_POINT('',(244.26718041596979,653.30866182749128,-32.64669926346366));
#1229=CARTESIAN_POINT('',(244.18900931458319,653.45756203461838,-32.856600255305771));
#1230=CARTESIAN_POINT('',(244.11118956825575,653.60654942579697,-33.0665373061304));
#1231=CARTESIAN_POINT('',(243.68680036386758,654.41905066603704,-34.211426902611414));
#1232=CARTESIAN_POINT('',(243.27286021254201,655.23414943003888,-35.357389680153652));
#1233=CARTESIAN_POINT('',(242.87023913844908,656.05093006585196,-36.504123549159445));
#1234=CARTESIAN_POINT('',(242.68850459790775,656.41960737343425,-37.021734688309223));
#1235=CARTESIAN_POINT('',(242.50907631006359,656.78862649231587,-37.539502799438765));
#1236=CARTESIAN_POINT('',(242.33203464833892,657.15794145031191,-38.057400897550103));
#1237=CARTESIAN_POINT('',(241.69084697389366,658.49548085628317,-39.933060411207677));
#1238=CARTESIAN_POINT('',(241.08055888764949,659.83737769128777,-41.811239410616132));
#1239=CARTESIAN_POINT('',(240.50350806919599,661.18246125345581,-43.693164205256387));
#1240=CARTESIAN_POINT('',(239.34940643228902,663.87262837779178,-47.457013794536948));
#1241=CARTESIAN_POINT('',(238.32856157036628,666.57578332806656,-51.235735302309713));
#1242=CARTESIAN_POINT('',(237.45567720773045,669.2789073095646,-55.040945875194254));
#1243=CARTESIAN_POINT('',(236.58279284509464,671.98203129106275,-58.846156448078794));
#1244=CARTESIAN_POINT('',(235.85777504214008,674.6849910011025,-62.67793130087248));
#1245=CARTESIAN_POINT('',(235.29100951322107,677.37171255618409,-66.549224091944353));
#1246=CARTESIAN_POINT('',(234.15747845538303,682.74515566634727,-74.291809674088128));
#1247=CARTESIAN_POINT('',(233.65758509404827,688.0533350951905,-82.192794181765819));
#1248=CARTESIAN_POINT('',(233.84787781748841,693.15680091659556,-90.358555678866438));
#1249=B_SPLINE_CURVE_WITH_KNOTS('',3,(#1191,#1192,#1193,#1194,#1195,#1196,#1197,#1198,#1199,#1200,#1201,#1202,#1203,#1204,#1205,#1206,#1207,#1208,#1209,#1210,#1211,#1212,#1213,#1214,#1215,#1216,#1217,#1218,#1219,#1220,#1221,#1222,#1223,#1224,#1225,#1226,#1227,#1228,#1229,#1230,#1231,#1232,#1233,#1234,#1235,#1236,#1237,#1238,#1239,#1240,#1241,#1242,#1243,#1244,#1245,#1246,#1247,#1248),.UNSPECIFIED.,.F.,.U.,(4,3,3,3,3,3,3,3,3,3,3,3,3,3,3,3,3,3,3,4),(0.0,0.0625,0.125000000000001,0.187500000000001,0.218750000000001,0.250000000000001,0.312500000000001,0.375,0.4375,0.499999999999999,0.562499999999998,0.624999999999998,0.687499999999997,0.691005297171174,0.710121400060544,0.718749999999997,0.749999999999997,0.812499999999998,0.874999999999999,1.0),.UNSPECIFIED.);
#1250=EDGE_CURVE('',#1183,#1086,#1249,.T.);
#1251=ORIENTED_EDGE('',*,*,#1250,.T.);
#1252=EDGE_LOOP('',(#1110,#1121,#1181,#1190,#1251));
#1253=FACE_OUTER_BOUND('',#1252,.T.);
#1254=ADVANCED_FACE('',(#1253),#1084,.T.);
#1255=CARTESIAN_POINT('',(347.57602444861607,747.6673349780915,-164.54120015698803));
#1256=CARTESIAN_POINT('',(335.85763158939085,747.6673349780915,-164.54120015698803));
#1257=CARTESIAN_POINT('',(312.42084587094052,747.66733497809128,-164.54120015698803));
#1258=CARTESIAN_POINT('',(277.2656672932651,747.6673349780923,-164.54120015698848));
#1259=CARTESIAN_POINT('',(242.11048871558938,747.66733497809128,-164.54120015698771));
#1260=CARTESIAN_POINT('',(218.67370299713906,747.6673349780915,-164.54120015698803));
#1261=CARTESIAN_POINT('',(206.9553101379139,747.6673349780915,-164.54120015698803));
#1262=CARTESIAN_POINT('',(345.4657434515259,742.44634014228927,-102.39707227127215));
#1263=CARTESIAN_POINT('',(333.92320734205828,741.07406799748003,-103.51243685270728));
#1264=CARTESIAN_POINT('',(310.83813512312287,738.3295237078612,-105.74316601557732));
#1265=CARTESIAN_POINT('',(276.21052679472001,734.21270727343438,-109.08925975988282));
#1266=CARTESIAN_POINT('',(241.58291846631684,730.09589083900607,-112.43535350418742));
#1267=CARTESIAN_POINT('',(218.4978462473816,727.3513465493877,-114.66608266705791));
#1268=CARTESIAN_POINT('',(206.95531013791393,725.97907440457857,-115.78144724849294));
#1269=CARTESIAN_POINT('',(343.2987407080555,740.38775869617621,-35.794546791035216));
#1270=CARTESIAN_POINT('',(331.93678816054376,736.56174730228872,-38.30762935399656));
#1271=CARTESIAN_POINT('',(309.21288306552009,728.9097245145133,-43.333794479919362));
#1272=CARTESIAN_POINT('',(275.12702542298496,717.43169033285142,-50.873042168803778));
#1273=CARTESIAN_POINT('',(241.0411677804492,705.95365615118806,-58.41228985768754));
#1274=CARTESIAN_POINT('',(218.31726268542576,698.30163336341332,-63.438454983610619));
#1275=CARTESIAN_POINT('',(206.95531013791393,694.47562196952595,-65.951537546571842));
#1276=CARTESIAN_POINT('',(338.92622224025513,697.19879250061035,85.857135416533737));
#1277=CARTESIAN_POINT('',(327.9286462317267,689.0063277205694,78.311553224773689));
#1278=CARTESIAN_POINT('',(305.93349421466962,672.62139816048716,63.220388841253587));
#1279=CARTESIAN_POINT('',(272.9407661890848,648.04400382036442,40.583642265973552));
#1280=CARTESIAN_POINT('',(239.94803816349895,623.466609480241,17.94689569069352));
#1281=CARTESIAN_POINT('',(217.95288614644235,607.0816799201591,2.85573130717337));
#1282=CARTESIAN_POINT('',(206.95531013791393,598.88921514011815,-4.689850884586678));
#1283=CARTESIAN_POINT('',(336.66398476954492,653.19363442961378,141.64535879319652));
#1284=CARTESIAN_POINT('',(325.85492855024222,643.17368391661819,130.27395190574322));
#1285=CARTESIAN_POINT('',(304.23681611163693,623.13378289062666,107.53113813083637));
#1286=CARTESIAN_POINT('',(271.80964745372984,593.07393135164,73.416917468476399));
#1287=CARTESIAN_POINT('',(239.38247879582133,563.01407981265288,39.302696806116202));
#1288=CARTESIAN_POINT('',(217.76436635721649,542.9741787866617,16.559883031209367));
#1289=CARTESIAN_POINT('',(206.95531013791393,532.95422827366599,5.188476143756004));
#1290=CARTESIAN_POINT('',(334.45846904521483,598.01463393029189,171.02488130958264));
#1291=CARTESIAN_POINT('',(323.83320580293969,588.43579812854387,154.43385102359531));
#1292=CARTESIAN_POINT('',(302.58267931838935,569.27812652504747,121.25179045162044));
#1293=CARTESIAN_POINT('',(270.70688959156479,540.54161911980316,71.478699593658433));
#1294=CARTESIAN_POINT('',(238.83109986473869,511.80511171455856,21.705608735696103));
#1295=CARTESIAN_POINT('',(217.58057338018898,492.64744011106222,-11.476451836278656));
#1296=CARTESIAN_POINT('',(206.9553101379139,483.06860430931414,-28.067482122266007));
#1297=B_SPLINE_SURFACE_WITH_KNOTS('',3,3,((#1255,#1262,#1269,#1276,#1283,#1290),(#1256,#1263,#1270,#1277,#1284,#1291),(#1257,#1264,#1271,#1278,#1285,#1292),(#1258,#1265,#1272,#1279,#1286,#1293),(#1259,#1266,#1273,#1280,#1287,#1294),(#1260,#1267,#1274,#1281,#1288,#1295),(#1261,#1268,#1275,#1282,#1289,#1296)),.UNSPECIFIED.,.F.,.F.,.F.,(4,1,1,1,4),(4,1,1,4),(0.089248257327254,0.316936192995441,0.544624128663627,0.772312064331814,1.0),(0.0,0.482623689901014,0.495596018502453,1.0),.UNSPECIFIED.);
#1298=CARTESIAN_POINT('',(288.42397808278474,739.13467973001605,-126.4848575482266));
#1299=VERTEX_POINT('',#1298);
#1300=CARTESIAN_POINT('',(316.9578140784937,588.82595485730724,140.58138950626642));
#1301=VERTEX_POINT('',#1300);
#1302=CARTESIAN_POINT('',(288.42397808278463,739.1346797300157,-126.48485754822661));
#1303=CARTESIAN_POINT('',(289.65084386385195,734.61562507357246,-106.97689849561876));
#1304=CARTESIAN_POINT('',(291.10540645392257,729.99743038115287,-88.355389479673448));
#1305=CARTESIAN_POINT('',(295.14405728783834,718.03899283903161,-46.127323199107494));
#1306=CARTESIAN_POINT('',(297.91426750904338,710.33118471787498,-22.57555230561136));
#1307=CARTESIAN_POINT('',(301.7644928451644,697.50924788664963,7.750582980856805));
#1308=CARTESIAN_POINT('',(302.76394772150297,693.98971193155967,15.401933046174845));
#1309=CARTESIAN_POINT('',(305.72385537887254,682.66840269049919,38.074218216916265));
#1310=CARTESIAN_POINT('',(307.61743806902024,674.18772135811639,52.654040991453144));
#1311=CARTESIAN_POINT('',(311.18913148373986,655.05353062912604,80.94886410205504));
#1312=CARTESIAN_POINT('',(312.85423929591462,643.90010190519934,95.029733533183418));
#1313=CARTESIAN_POINT('',(315.41569177705708,618.51385097739046,120.44160352902708));
#1314=CARTESIAN_POINT('',(316.30155497269169,604.43873253675156,131.56240127303863));
#1315=CARTESIAN_POINT('',(316.95781416726089,588.82595482035583,140.58138943584038));
#1316=B_SPLINE_CURVE_WITH_KNOTS('',3,(#1302,#1303,#1304,#1305,#1306,#1307,#1308,#1309,#1310,#1311,#1312,#1313,#1314,#1315),.UNSPECIFIED.,.F.,.U.,(4,2,2,2,2,2,4),(0.0,6.018627299822112,13.495467908326104,16.156424186067799,21.416104881849641,27.065180104925389,32.783741732190222),.UNSPECIFIED.);
#1317=EDGE_CURVE('',#1299,#1301,#1316,.T.);
#1318=ORIENTED_EDGE('',*,*,#1317,.F.);
#1319=CARTESIAN_POINT('',(235.9812431416731,735.57882716692757,-133.00976656024562));
#1320=VERTEX_POINT('',#1319);
#1321=CARTESIAN_POINT('',(288.42397808278474,739.1346797300157,-126.48485754822666));
#1322=CARTESIAN_POINT('',(279.72148665278087,738.48976039637978,-127.70785923644418));
#1323=CARTESIAN_POINT('',(270.95483739031852,737.8717126093959,-128.85733576003221));
#1324=CARTESIAN_POINT('',(253.50242820390702,736.69184862984127,-131.01850812631295));
#1325=CARTESIAN_POINT('',(244.72484061398995,736.12383554558153,-132.04150338942065));
#1326=CARTESIAN_POINT('',(235.98124316848356,735.57882704438032,-133.00976673337084));
#1327=B_SPLINE_CURVE_WITH_KNOTS('',3,(#1321,#1322,#1323,#1324,#1325,#1326),.UNSPECIFIED.,.F.,.U.,(4,2,4),(0.000000999999998,2.643492687153948,5.288203533543618),.UNSPECIFIED.);
#1328=EDGE_CURVE('',#1299,#1320,#1327,.T.);
#1329=ORIENTED_EDGE('',*,*,#1328,.T.);
#1330=CARTESIAN_POINT('',(237.44596369993698,698.3051235830967,-62.050748635867734));
#1331=VERTEX_POINT('',#1330);
#1332=CARTESIAN_POINT('',(235.98124316848367,735.57882704438066,-133.00976673337235));
#1333=CARTESIAN_POINT('',(236.09052972784252,733.01676897941843,-126.82512499197223));
#1334=CARTESIAN_POINT('',(236.20547332809144,730.34539358972677,-120.68501144169304));
#1335=CARTESIAN_POINT('',(236.44326792670626,724.74943039750565,-108.53229136229814));
#1336=CARTESIAN_POINT('',(236.56613863867233,721.82438396473333,-102.51814940302353));
#1337=CARTESIAN_POINT('',(236.81603369783363,715.67149787402104,-90.638022352733202));
#1338=CARTESIAN_POINT('',(236.94313489297483,712.44119671186036,-84.768150324200946));
#1339=CARTESIAN_POINT('',(237.19632313228482,705.64354909863471,-73.244106717839998));
#1340=CARTESIAN_POINT('',(237.32246860372373,702.07458982943922,-67.586137416858975));
#1341=CARTESIAN_POINT('',(237.44596369993695,698.3051235830967,-62.050748635867748));
#1342=B_SPLINE_CURVE_WITH_KNOTS('',3,(#1332,#1333,#1334,#1335,#1336,#1337,#1338,#1339,#1340,#1341),.UNSPECIFIED.,.F.,.U.,(4,2,2,2,4),(0.0,0.25,0.5,0.75,1.0),.UNSPECIFIED.);
#1343=EDGE_CURVE('',#1320,#1331,#1342,.T.);
#1344=ORIENTED_EDGE('',*,*,#1343,.T.);
#1345=CARTESIAN_POINT('',(283.16873095989956,558.30947208623672,89.991284448874069));
#1346=VERTEX_POINT('',#1345);
#1347=CARTESIAN_POINT('',(237.44596369993644,698.30512358309693,-62.050748635867699));
#1348=CARTESIAN_POINT('',(237.52930755864116,695.76120182538591,-58.315048396870509));
#1349=CARTESIAN_POINT('',(237.74741712107652,693.19623483789042,-54.634838753643827));
#1350=CARTESIAN_POINT('',(238.08763464251015,690.61939511033211,-50.999254695783769));
#1351=CARTESIAN_POINT('',(238.42824305276031,688.03959475385864,-47.359493577483889));
#1352=CARTESIAN_POINT('',(238.89123858972465,685.44789397174259,-43.764460349622361));
#1353=CARTESIAN_POINT('',(239.46340484870885,682.85138660548444,-40.204624797831187));
#1354=CARTESIAN_POINT('',(239.4700010574648,682.82145281551482,-40.163585295645206));
#1355=CARTESIAN_POINT('',(239.47661177593855,682.79151838621374,-40.122550471989399));
#1356=CARTESIAN_POINT('',(239.48323698204885,682.76158332482873,-40.081520316429135));
#1357=CARTESIAN_POINT('',(240.05197611087024,680.19181561498431,-36.559297076844366));
#1358=CARTESIAN_POINT('',(240.72760082243431,677.61695601535394,-33.070863298157384));
#1359=CARTESIAN_POINT('',(241.49609061024347,675.04198792955196,-29.610226019222271));
#1360=CARTESIAN_POINT('',(242.27465579103321,672.4332603640687,-26.104217570621945));
#1361=CARTESIAN_POINT('',(243.14853125437767,669.82441918529344,-22.626735872328695));
#1362=CARTESIAN_POINT('',(244.10151721974387,667.21644868938301,-19.170358921713621));
#1363=CARTESIAN_POINT('',(244.11870810369945,667.16940359136061,-19.10800944625035));
#1364=CARTESIAN_POINT('',(244.13592473045412,667.12235877657668,-19.045666839591803));
#1365=CARTESIAN_POINT('',(244.15316698285895,667.07531426469905,-18.983331062459484));
#1366=CARTESIAN_POINT('',(245.09367173882393,664.50920015593056,-15.583131744921246));
#1367=CARTESIAN_POINT('',(246.11037203266915,661.9444738188962,-12.203733380151787));
#1368=CARTESIAN_POINT('',(247.18443455203624,659.38347787226917,-8.837871435906541));
#1369=CARTESIAN_POINT('',(247.20472259825976,659.33510303076196,-8.774293421148929));
#1370=CARTESIAN_POINT('',(247.22503111991753,659.28672951824524,-8.710720239340219));
#1371=CARTESIAN_POINT('',(247.24535998109033,659.23835730926385,-8.64715188338382));
#1372=CARTESIAN_POINT('',(248.32325839443183,656.67351479950958,-5.276563170042667));
#1373=CARTESIAN_POINT('',(249.45837575819044,654.11236188769612,-1.919497307329579));
#1374=CARTESIAN_POINT('',(250.63113043469554,651.55048678250694,1.426167649993537));
#1375=CARTESIAN_POINT('',(250.65142572188219,651.50615185719164,1.484066571651723));
#1376=CARTESIAN_POINT('',(250.67173228915382,651.46181671645468,1.541962078038683));
#1377=CARTESIAN_POINT('',(250.69205003612461,651.41748130790916,1.599854158656296));
#1378=CARTESIAN_POINT('',(251.86970199414051,648.84772390526655,4.955379857006843));
#1379=CARTESIAN_POINT('',(253.08487464997495,646.27705228962884,8.299381046854428));
#1380=CARTESIAN_POINT('',(254.31806085642137,643.69552321374908,11.629554056755605));
#1381=CARTESIAN_POINT('',(254.3355675316825,643.65887506526008,11.676830175433402));
#1382=CARTESIAN_POINT('',(254.35307784034407,643.62222472939675,11.724103507282353));
#1383=CARTESIAN_POINT('',(254.37059173140781,643.58557216501197,11.771374034095496));
#1384=CARTESIAN_POINT('',(255.60917797247049,640.99349472308836,15.114356122167843));
#1385=CARTESIAN_POINT('',(256.86563310708925,638.39023593584454,18.443289058764169));
#1386=CARTESIAN_POINT('',(258.1219899918093,635.76124280692466,21.751754572463454));
#1387=CARTESIAN_POINT('',(258.13479323248117,635.73445134968529,21.785470374670396));
#1388=CARTESIAN_POINT('',(258.14759646354031,635.70765721989528,21.819184051234831));
#1389=CARTESIAN_POINT('',(258.16039966911342,635.68086039881723,21.852895592028428));
#1390=CARTESIAN_POINT('',(259.42213727094378,633.04007199855573,25.175119732847961));
#1391=CARTESIAN_POINT('',(260.68358982144548,630.37311725663756,28.476582187600719));
#1392=CARTESIAN_POINT('',(261.92951764273016,627.66213409787917,31.74744131373361));
#1393=CARTESIAN_POINT('',(261.93684372516964,627.64619345848291,31.766674035883678));
#1394=CARTESIAN_POINT('',(261.94416927077975,627.63025129661401,31.785905699806946));
#1395=CARTESIAN_POINT('',(261.95149427721748,627.61430760826283,31.805136303001625));
#1396=CARTESIAN_POINT('',(263.20233052427534,624.89172388482962,35.089001748473379));
#1397=CARTESIAN_POINT('',(264.437426373226,622.12461563679278,38.341930073028642));
#1398=CARTESIAN_POINT('',(265.64504905006976,619.29296914373549,41.551357167563324));
#1399=CARTESIAN_POINT('',(265.64720547249743,619.28791274149819,41.557088163427849));
#1400=CARTESIAN_POINT('',(265.64936180730217,619.28285613342928,41.562819020554244));
#1401=CARTESIAN_POINT('',(265.65151805444123,619.27779931940688,41.568549738860909));
#1402=CARTESIAN_POINT('',(266.86119881462167,616.44086540771457,44.783552115938782));
#1403=CARTESIAN_POINT('',(268.04328822923611,613.53911767033901,47.954870092320839));
#1404=CARTESIAN_POINT('',(269.19007235222529,610.55119340548367,51.067691673582786));
#1405=CARTESIAN_POINT('',(269.19197293399912,610.54624147574759,51.072850597432513));
#1406=CARTESIAN_POINT('',(269.19387341983162,610.5412893063816,51.078009363507533));
#1407=CARTESIAN_POINT('',(269.19577380968315,610.53633689729872,51.083167971728329));
#1408=CARTESIAN_POINT('',(269.77064299686123,609.03822987374701,52.643650370886199));
#1409=CARTESIAN_POINT('',(270.33672849987914,607.51818548748793,54.189686928717578));
#1410=CARTESIAN_POINT('',(270.89327430416961,605.97394407291051,55.718691086955687));
#1411=CARTESIAN_POINT('',(271.44500809200315,604.44305450654235,57.234475141627513));
#1412=CARTESIAN_POINT('',(271.98736624031528,602.88838417438558,58.733519463352749));
#1413=CARTESIAN_POINT('',(272.52013414834721,601.30658214677669,60.214206243875765));
#1414=CARTESIAN_POINT('',(272.52453194595773,601.29352496920933,60.226428753315943));
#1415=CARTESIAN_POINT('',(272.5289291160953,601.28046586128096,60.238650086286285));
#1416=CARTESIAN_POINT('',(272.53332565845545,601.2674048215556,60.25087024137126));
#1417=CARTESIAN_POINT('',(272.80170466855702,600.47011717476028,60.996827599744975));
#1418=CARTESIAN_POINT('',(273.06774430289323,599.66562981613197,61.738395832822725));
#1419=CARTESIAN_POINT('',(273.33072061954192,598.85575740322975,62.473326176923614));
#1420=CARTESIAN_POINT('',(273.58847614476974,598.06196314899637,63.193666165192262));
#1421=CARTESIAN_POINT('',(273.84328856824118,597.26299612641753,63.907628572464688));
#1422=CARTESIAN_POINT('',(274.0951065829214,596.45883126220485,64.614818074039562));
#1423=CARTESIAN_POINT('',(274.10009440274177,596.44290297584428,64.628825546130912));
#1424=CARTESIAN_POINT('',(274.1050810595172,596.42697261050387,64.6428303951581));
#1425=CARTESIAN_POINT('',(274.11006655319289,596.41104016482882,64.656832619037829));
#1426=CARTESIAN_POINT('',(274.61778719613335,594.78848639424496,66.082813389093189));
#1427=CARTESIAN_POINT('',(275.1134451132009,593.1443576174828,67.48156906988487));
#1428=CARTESIAN_POINT('',(275.59714623306496,591.47716443304239,68.850886260844248));
#1429=CARTESIAN_POINT('',(275.60231675503672,591.45934297545773,68.865523573704166));
#1430=CARTESIAN_POINT('',(275.60748591104448,591.44151888244085,68.880157523030192));
#1431=CARTESIAN_POINT('',(275.61265370121254,591.42369215216922,68.89478810610359));
#1432=CARTESIAN_POINT('',(276.10092555477962,589.73935700122763,70.277139494940059));
#1433=CARTESIAN_POINT('',(276.57700435220482,588.03147940886697,71.629440988538633));
#1434=CARTESIAN_POINT('',(277.04120291315621,586.29857735398207,72.949407875640873));
#1435=CARTESIAN_POINT('',(277.50033794698663,584.58457797844778,74.254976423985127));
#1436=CARTESIAN_POINT('',(277.94785045989181,582.84609710693655,75.528911963901038));
#1437=CARTESIAN_POINT('',(278.38416349008702,581.08171216106552,76.768989939004214));
#1438=CARTESIAN_POINT('',(278.38865084110643,581.0635659815166,76.781743775769598));
#1439=CARTESIAN_POINT('',(278.39313700765479,581.04541706230896,76.794494031209567));
#1440=CARTESIAN_POINT('',(278.39762199018855,581.0272654018986,76.80724070288781));
#1441=CARTESIAN_POINT('',(279.27477811092547,577.47723150312981,79.300187107309668));
#1442=CARTESIAN_POINT('',(280.10664285620004,573.8223580854152,81.656074588564138));
#1443=CARTESIAN_POINT('',(280.8981468034379,570.05064247336361,83.85560909652483));
#1444=CARTESIAN_POINT('',(280.90081308316473,570.03793697908679,83.863018502741255));
#1445=CARTESIAN_POINT('',(280.90347890545473,570.02523015948498,83.870426135160528));
#1446=CARTESIAN_POINT('',(280.90614427049485,570.01252201409727,83.877831993037248));
#1447=CARTESIAN_POINT('',(281.69875696796225,566.23343838240442,86.080148336352664));
#1448=CARTESIAN_POINT('',(282.4509291518383,562.33712370946444,88.1255621019546));
#1449=CARTESIAN_POINT('',(283.16873095984454,558.30947208659347,89.991284448722908));
#1450=B_SPLINE_CURVE_WITH_KNOTS('',3,(#1347,#1348,#1349,#1350,#1351,#1352,#1353,#1354,#1355,#1356,#1357,#1358,#1359,#1360,#1361,#1362,#1363,#1364,#1365,#1366,#1367,#1368,#1369,#1370,#1371,#1372,#1373,#1374,#1375,#1376,#1377,#1378,#1379,#1380,#1381,#1382,#1383,#1384,#1385,#1386,#1387,#1388,#1389,#1390,#1391,#1392,#1393,#1394,#1395,#1396,#1397,#1398,#1399,#1400,#1401,#1402,#1403,#1404,#1405,#1406,#1407,#1408,#1409,#1410,#1411,#1412,#1413,#1414,#1415,#1416,#1417,#1418,#1419,#1420,#1421,#1422,#1423,#1424,#1425,#1426,#1427,#1428,#1429,#1430,#1431,#1432,#1433,#1434,#1435,#1436,#1437,#1438,#1439,#1440,#1441,#1442,#1443,#1444,#1445,#1446,#1447,#1448,#1449),.UNSPECIFIED.,.F.,.U.,(4,3,3,3,3,3,3,3,3,3,3,3,3,3,3,3,3,3,3,3,3,3,3,3,3,3,3,3,3,3,3,3,3,3,4),(0.0,0.062105917272486,0.124283190389312,0.125000000000001,0.186534338211755,0.248875430981763,0.250000000000002,0.311341319291241,0.312500000000002,0.373936796037244,0.375000000000003,0.436625151170347,0.437500000000003,0.499369502298426,0.500000000000004,0.562134646936987,0.562500000000004,0.624888594205496,0.625000000000005,0.687500000000005,0.687603582146361,0.718937249937398,0.750000000000006,0.750256411255156,0.765908574523052,0.781250000000005,0.781553871294378,0.812500000000005,0.812830798569291,0.844085866079806,0.875000000000003,0.875317942763021,0.937500000000002,0.937709468012336,1.0),.UNSPECIFIED.);
#1451=EDGE_CURVE('',#1331,#1346,#1450,.T.);
#1452=ORIENTED_EDGE('',*,*,#1451,.T.);
#1453=CARTESIAN_POINT('',(283.16873095984442,558.3094720865937,89.991284448722865));
#1454=CARTESIAN_POINT('',(294.42296779644221,568.53298487103154,106.82948311391554));
#1455=CARTESIAN_POINT('',(305.69365738459675,578.69995352134947,123.6909677192824));
#1456=CARTESIAN_POINT('',(316.95781416475171,588.82595488004949,140.58138940135714));
#1457=QUASI_UNIFORM_CURVE('',3,(#1453,#1454,#1455,#1456),.UNSPECIFIED.,.F.,.U.);
#1458=EDGE_CURVE('',#1346,#1301,#1457,.T.);
#1459=ORIENTED_EDGE('',*,*,#1458,.T.);
#1460=EDGE_LOOP('',(#1318,#1329,#1344,#1452,#1459));
#1461=FACE_OUTER_BOUND('',#1460,.T.);
#1462=ADVANCED_FACE('',(#1461),#1297,.T.);
#1463=CARTESIAN_POINT('',(206.9553101379139,463.31454266077662,-287.99665032992101));
#1464=CARTESIAN_POINT('',(218.67370299713906,463.31454266077662,-287.99665032992101));
#1465=CARTESIAN_POINT('',(242.11048871558938,463.31454266077708,-287.99665032992147));
#1466=CARTESIAN_POINT('',(277.2656672932651,463.314542660776,-287.99665032992067));
#1467=CARTESIAN_POINT('',(312.42084587094035,463.31454266077719,-287.99665032992118));
#1468=CARTESIAN_POINT('',(335.85763158939085,463.31454266077662,-287.99665032992101));
#1469=CARTESIAN_POINT('',(347.57602444861607,463.31454266077662,-287.99665032992101));
#1470=CARTESIAN_POINT('',(209.06559113500407,494.68659087083586,-247.08641545019191));
#1471=CARTESIAN_POINT('',(220.60812724447175,496.3386610052446,-247.7171556977849));
#1472=CARTESIAN_POINT('',(243.69319946340698,499.64280127406261,-248.97863619297127));
#1473=CARTESIAN_POINT('',(278.32080779181024,504.59901167728793,-250.87085693574954));
#1474=CARTESIAN_POINT('',(312.94841612021281,509.55522208051525,-252.76307767852896));
#1475=CARTESIAN_POINT('',(336.03348833914833,512.8593623493324,-254.02455817371481));
#1476=CARTESIAN_POINT('',(347.57602444861607,514.51143248374126,-254.65529842130786));
#1477=CARTESIAN_POINT('',(211.2325938784744,522.94872076512979,-198.1168327859034));
#1478=CARTESIAN_POINT('',(222.59454642598615,527.03811980340572,-200.17371456669804));
#1479=CARTESIAN_POINT('',(245.31845152100968,535.21691787995815,-204.28747812828749));
#1480=CARTESIAN_POINT('',(279.40430916354546,547.48511499478548,-210.45812347067078));
#1481=CARTESIAN_POINT('',(313.49016680608042,559.75331210961463,-216.6287688130549));
#1482=CARTESIAN_POINT('',(336.21407190110415,567.93211018616626,-220.74253237464404));
#1483=CARTESIAN_POINT('',(347.57602444861607,572.0215092244423,-222.79941415543863));
#1484=CARTESIAN_POINT('',(215.60511234627481,531.85390199833239,-89.323339715877808));
#1485=CARTESIAN_POINT('',(226.60268835480321,542.48480025276069,-92.645431239122544));
#1486=CARTESIAN_POINT('',(248.59784037185992,563.74659676161718,-99.289614285612174));
#1487=CARTESIAN_POINT('',(281.59056839744579,595.6392915249013,-109.25588885534616));
#1488=CARTESIAN_POINT('',(314.58329642303045,627.5319862881862,-119.22216342508058));
#1489=CARTESIAN_POINT('',(336.57844844008764,648.79378279704247,-125.86634647157001));
#1490=CARTESIAN_POINT('',(347.57602444861607,659.42468105147054,-129.18843799481476));
#1491=CARTESIAN_POINT('',(217.8673498169851,510.31754028172736,-28.51372628462974));
#1492=CARTESIAN_POINT('',(228.67640603628763,525.17544277952925,-31.505554529820124));
#1493=CARTESIAN_POINT('',(250.29451847489253,554.89124777513291,-37.489211020200983));
#1494=CARTESIAN_POINT('',(282.72168713280098,599.46495526853801,-46.464695755772006));
#1495=CARTESIAN_POINT('',(315.14885579070796,644.03866276194367,-55.440180491343256));
#1496=CARTESIAN_POINT('',(336.76696822931348,673.75446775754722,-61.423836981724008));
#1497=CARTESIAN_POINT('',(347.57602444861607,688.61237025534911,-64.415665226914385));
#1498=CARTESIAN_POINT('',(220.07286554131514,459.58855312177184,0.0));
#1499=CARTESIAN_POINT('',(230.69812878359016,478.74622472526795,0.0));
#1500=CARTESIAN_POINT('',(251.94865526814002,517.06156793226023,0.0));
#1501=CARTESIAN_POINT('',(283.82444499496609,574.53458274274885,0.0));
#1502=CARTESIAN_POINT('',(315.70023472179037,632.00759755323725,0.0));
#1503=CARTESIAN_POINT('',(336.95076120634093,670.32294076022959,0.0));
#1504=CARTESIAN_POINT('',(347.57602444861607,689.48061236372564,0.0));
#1505=B_SPLINE_SURFACE_WITH_KNOTS('',3,3,((#1463,#1470,#1477,#1484,#1491,#1498),(#1464,#1471,#1478,#1485,#1492,#1499),(#1465,#1472,#1479,#1486,#1493,#1500),(#1466,#1473,#1480,#1487,#1494,#1501),(#1467,#1474,#1481,#1488,#1495,#1502),(#1468,#1475,#1482,#1489,#1496,#1503),(#1469,#1476,#1483,#1490,#1497,#1504)),.UNSPECIFIED.,.F.,.F.,.F.,(4,1,1,1,4),(4,1,1,4),(0.089248257327255,0.316936192995441,0.544624128663627,0.772312064331814,1.0),(0.0,0.482623689901014,0.495596018502453,1.0),.UNSPECIFIED.);
#1506=CARTESIAN_POINT('',(233.84787781748844,517.96228212516951,-213.08725207546564));
#1507=VERTEX_POINT('',#1506);
#1508=CARTESIAN_POINT('',(235.14144588724676,478.57393641529666,-270.37642876550871));
#1509=VERTEX_POINT('',#1508);
#1510=CARTESIAN_POINT('',(233.84787781748838,517.96228212516939,-213.08725207546556));
#1511=CARTESIAN_POINT('',(233.96269000994289,515.23514755839881,-218.21726169634258));
#1512=CARTESIAN_POINT('',(234.07828158289138,512.33064322724249,-223.25372042115944));
#1513=CARTESIAN_POINT('',(234.19246831377774,509.28355667902275,-228.19099403148073));
#1514=CARTESIAN_POINT('',(234.19959830388541,509.09329204163942,-228.49928477355991));
#1515=CARTESIAN_POINT('',(234.20672282542751,508.90246765784093,-228.80719934576916));
#1516=CARTESIAN_POINT('',(234.21384144608987,508.71108954337109,-229.11474174069559));
#1517=CARTESIAN_POINT('',(234.32072747474353,505.83754878355938,-233.73248818280913));
#1518=CARTESIAN_POINT('',(234.4262850419085,502.8391369227233,-238.2663047182281));
#1519=CARTESIAN_POINT('',(234.52919060164481,499.73361395608447,-242.72817788292298));
#1520=CARTESIAN_POINT('',(234.54235039953406,499.33647258990283,-243.29877240867333));
#1521=CARTESIAN_POINT('',(234.55546727694286,498.93756322513207,-243.86821487243213));
#1522=CARTESIAN_POINT('',(234.56853817434634,498.53692986439421,-244.43652079031662));
#1523=CARTESIAN_POINT('',(234.66448488463737,495.59608718090806,-248.60816115874272));
#1524=CARTESIAN_POINT('',(234.75795322674384,492.56228331674129,-252.71850952509504));
#1525=CARTESIAN_POINT('',(234.8481281826723,489.45093704923698,-256.77267097141987));
#1526=CARTESIAN_POINT('',(234.95058756977573,485.91573563601958,-261.37912619761858));
#1527=CARTESIAN_POINT('',(235.04870062464704,482.28385787064389,-265.90876993174152));
#1528=CARTESIAN_POINT('',(235.14144588724676,478.57393641529666,-270.37642876550871));
#1529=B_SPLINE_CURVE_WITH_KNOTS('',3,(#1510,#1511,#1512,#1513,#1514,#1515,#1516,#1517,#1518,#1519,#1520,#1521,#1522,#1523,#1524,#1525,#1526,#1527,#1528),.UNSPECIFIED.,.F.,.U.,(4,3,3,3,3,3,4),(0.0,0.25,0.265610373579191,0.5,0.529974280485298,0.75,0.99999957179195),.UNSPECIFIED.);
#1530=EDGE_CURVE('',#1507,#1509,#1529,.T.);
#1531=ORIENTED_EDGE('',*,*,#1530,.T.);
#1532=CARTESIAN_POINT('',(288.42397808285864,483.40918298754872,-270.70314608405909));
#1533=VERTEX_POINT('',#1532);
#1534=CARTESIAN_POINT('',(235.14145321295734,478.57384979889559,-270.3763960989267));
#1535=CARTESIAN_POINT('',(244.01908725485038,479.31779250598993,-270.43335099329266));
#1536=CARTESIAN_POINT('',(252.91894105535843,480.09102013758013,-270.4894663283884));
#1537=CARTESIAN_POINT('',(270.66236426589154,481.69737001576175,-270.5985917380649));
#1538=CARTESIAN_POINT('',(279.55960200882674,482.53533320057829,-270.65193530664766));
#1539=CARTESIAN_POINT('',(288.42397808286228,483.40918298746578,-270.70314608484529));
#1540=B_SPLINE_CURVE_WITH_KNOTS('',3,(#1534,#1535,#1536,#1537,#1538,#1539),.UNSPECIFIED.,.F.,.U.,(4,2,4),(0.000005457883651,2.67268471990397,5.344697278974623),.UNSPECIFIED.);
#1541=EDGE_CURVE('',#1509,#1533,#1540,.T.);
#1542=ORIENTED_EDGE('',*,*,#1541,.T.);
#1543=CARTESIAN_POINT('',(328.18617287148328,655.35893303977832,-7.821233194646871));
#1544=VERTEX_POINT('',#1543);
#1545=CARTESIAN_POINT('',(328.18617212649804,655.35893355122948,-7.821233158663961));
#1546=CARTESIAN_POINT('',(328.02492299696917,655.3296647784357,-10.743694997586076));
#1547=CARTESIAN_POINT('',(327.85466599813242,655.22640617390698,-13.660166976186481));
#1548=CARTESIAN_POINT('',(327.67431862791761,655.05121266282117,-16.569589691094695));
#1549=CARTESIAN_POINT('',(327.02801275321667,654.42337653031029,-26.996007278409692));
#1550=CARTESIAN_POINT('',(326.24992932377006,652.86596765595414,-37.354901751172463));
#1551=CARTESIAN_POINT('',(325.29438385972367,650.4853672040756,-47.522613341388606));
#1552=CARTESIAN_POINT('',(324.38430441821129,648.21803863497155,-57.20653277134349));
#1553=CARTESIAN_POINT('',(323.31879791351872,645.22505480705195,-66.65226825311484));
#1554=CARTESIAN_POINT('',(322.06778363943431,641.60975234999842,-75.906786501314571));
#1555=CARTESIAN_POINT('',(321.10881678826161,638.83843687814669,-83.000851219393837));
#1556=CARTESIAN_POINT('',(320.05292670531685,635.73739735267009,-89.892164644051775));
#1557=CARTESIAN_POINT('',(318.90629583529369,632.36227410199467,-96.642016918529094));
#1558=CARTESIAN_POINT('',(317.94842540264386,629.54276971493255,-102.28069636411691));
#1559=CARTESIAN_POINT('',(316.9280369639319,626.53473694855995,-107.81597130528121));
#1560=CARTESIAN_POINT('',(315.85620617477298,623.34502562436217,-113.32180000319158));
#1561=CARTESIAN_POINT('',(314.80111063388972,620.20511750742241,-118.74166232361517));
#1562=CARTESIAN_POINT('',(313.68085283923193,616.84414126691991,-124.20091903969093));
#1563=CARTESIAN_POINT('',(312.58223611062652,613.42724925581001,-129.51961415081624));
#1564=CARTESIAN_POINT('',(312.4085035868801,612.88691043062875,-130.36069939977889));
#1565=CARTESIAN_POINT('',(312.23537777066389,612.34524232636488,-131.19832768929913));
#1566=CARTESIAN_POINT('',(312.06314427821036,611.80288072138512,-132.03176568685413));
#1567=CARTESIAN_POINT('',(311.46404865153414,609.91633437669964,-134.930789868088));
#1568=CARTESIAN_POINT('',(310.87620028797681,608.02216225760549,-137.7779952162351));
#1569=CARTESIAN_POINT('',(310.30933958601713,606.14496593012905,-140.54574639646651));
#1570=CARTESIAN_POINT('',(309.71971775304593,604.19239462711369,-143.42463095920772));
#1571=CARTESIAN_POINT('',(309.13448142289985,602.19761776261817,-146.30694405120613));
#1572=CARTESIAN_POINT('',(308.56077230880157,600.17516681196196,-149.16884807192014));
#1573=CARTESIAN_POINT('',(307.48299522406546,596.37576527544252,-154.54525659749805));
#1574=CARTESIAN_POINT('',(306.45729503843575,592.51450927324959,-159.80501762971394));
#1575=CARTESIAN_POINT('',(305.45431378316084,588.51029445605707,-165.00709902770407));
#1576=CARTESIAN_POINT('',(305.21792100752725,587.56654057243156,-166.23317823334759));
#1577=CARTESIAN_POINT('',(304.98238393695306,586.61372474930374,-167.45719974161656));
#1578=CARTESIAN_POINT('',(304.74673112439996,585.64987249014553,-168.68083103307379));
#1579=CARTESIAN_POINT('',(304.72744913818997,585.57100652725615,-168.78095307885968));
#1580=CARTESIAN_POINT('',(304.70816629977088,585.492066612597,-168.88107244503377));
#1581=CARTESIAN_POINT('',(304.68888201083098,585.41305169148723,-168.9811900513412));
#1582=CARTESIAN_POINT('',(304.36174245338702,584.07263896463792,-170.67958969271649));
#1583=CARTESIAN_POINT('',(304.03417959815198,582.71067055150945,-172.3774988938535));
#1584=CARTESIAN_POINT('',(303.7055751878645,581.32282164485423,-174.08053897087274));
#1585=CARTESIAN_POINT('',(302.8677448398638,577.78427530757892,-178.42271642107735));
#1586=CARTESIAN_POINT('',(302.0350532002775,574.12645156776296,-182.73665725239118));
#1587=CARTESIAN_POINT('',(301.22334623532032,570.39974594170963,-186.98256071794134));
#1588=CARTESIAN_POINT('',(299.40296026612822,562.04199748585575,-196.50469546473286));
#1589=CARTESIAN_POINT('',(297.67595301505548,553.28001568474383,-205.75880198943503));
#1590=CARTESIAN_POINT('',(296.11096775133683,544.25458624206897,-214.79934651206545));
#1591=CARTESIAN_POINT('',(295.17690163546894,538.86773179749252,-220.19522243713277));
#1592=CARTESIAN_POINT('',(294.29849355535242,533.37489472126049,-225.52567237185866));
#1593=CARTESIAN_POINT('',(293.48886302054325,527.84058989124856,-230.76387207028571));
#1594=CARTESIAN_POINT('',(292.65183487806917,522.11900616560251,-236.1793305726211));
#1595=CARTESIAN_POINT('',(291.8962347100279,516.41577078230694,-241.43913677284431));
#1596=CARTESIAN_POINT('',(291.20494710695573,510.65018327257098,-246.65636401726078));
#1597=CARTESIAN_POINT('',(290.14637111677996,501.82127837113831,-254.64555906673922));
#1598=CARTESIAN_POINT('',(289.23970142352852,492.84436729837859,-262.53333928646811));
#1599=CARTESIAN_POINT('',(288.42397808282288,483.40918298790052,-270.70314608446182));
#1600=B_SPLINE_CURVE_WITH_KNOTS('',3,(#1545,#1546,#1547,#1548,#1549,#1550,#1551,#1552,#1553,#1554,#1555,#1556,#1557,#1558,#1559,#1560,#1561,#1562,#1563,#1564,#1565,#1566,#1567,#1568,#1569,#1570,#1571,#1572,#1573,#1574,#1575,#1576,#1577,#1578,#1579,#1580,#1581,#1582,#1583,#1584,#1585,#1586,#1587,#1588,#1589,#1590,#1591,#1592,#1593,#1594,#1595,#1596,#1597,#1598,#1599),.UNSPECIFIED.,.F.,.U.,(4,3,3,3,3,3,3,3,3,3,3,3,3,3,3,3,3,3,4),(0.000000999999649,0.878116969179549,4.024996842580244,7.022144320591186,9.319612174498523,11.23886673562582,13.128154624859066,13.426921924258119,14.466151750664794,15.547109723242469,17.577810829042726,18.056427022872551,18.095589173111001,18.759937676572168,20.453802154415385,24.252570998712926,26.51987749784367,28.863908837810516,32.453348726043686),.UNSPECIFIED.);
#1601=EDGE_CURVE('',#1544,#1533,#1600,.T.);
#1602=ORIENTED_EDGE('',*,*,#1601,.F.);
#1603=CARTESIAN_POINT('',(293.71083723544217,596.07440864719467,-8.903250989309239));
#1604=VERTEX_POINT('',#1603);
#1605=CARTESIAN_POINT('',(328.1861720902578,655.35893348816558,-7.821233159657208));
#1606=CARTESIAN_POINT('',(316.79575178584906,635.5377590231061,-8.133361726201766));
#1607=CARTESIAN_POINT('',(305.32823320534709,615.7615429951793,-8.491767171059689));
#1608=CARTESIAN_POINT('',(293.71083723544223,596.07440864719467,-8.903250989309363));
#1609=B_SPLINE_CURVE_WITH_KNOTS('',3,(#1605,#1606,#1607,#1608),.UNSPECIFIED.,.F.,.U.,(4,4),(1.060562E-009,0.999999999999998),.UNSPECIFIED.);
#1610=EDGE_CURVE('',#1544,#1604,#1609,.T.);
#1611=ORIENTED_EDGE('',*,*,#1610,.T.);
#1612=CARTESIAN_POINT('',(293.71083723544223,596.07440864719467,-8.903250989309363));
#1613=CARTESIAN_POINT('',(292.77966016301582,596.27799291474298,-13.662371596783633));
#1614=CARTESIAN_POINT('',(291.7881271856134,596.19829202276446,-18.369722608103572));
#1615=CARTESIAN_POINT('',(290.72747466517023,595.8737507788951,-23.028061486978281));
#1616=CARTESIAN_POINT('',(289.66682214472706,595.54920953502574,-27.68640036585299));
#1617=CARTESIAN_POINT('',(288.5369349106461,594.97941262678546,-32.29564449716441));
#1618=CARTESIAN_POINT('',(287.33030941103141,594.19678383347321,-36.85809118123106));
#1619=CARTESIAN_POINT('',(286.12368391141666,593.41415504016095,-41.420537865297703));
#1620=CARTESIAN_POINT('',(284.84016599537989,592.41841877428999,-45.9361127140116));
#1621=CARTESIAN_POINT('',(283.47552285420807,591.24108500196553,-50.407818435557601));
#1622=CARTESIAN_POINT('',(282.79320128362212,590.65241811580324,-52.643671296330659));
#1623=CARTESIAN_POINT('',(282.08945607890519,590.01718123010903,-54.872097671007516));
#1624=CARTESIAN_POINT('',(281.37055959235215,589.345550559554,-57.074879247014863));
#1625=CARTESIAN_POINT('',(280.65166310579906,588.67391988899897,-59.27766082302221));
#1626=CARTESIAN_POINT('',(279.91679149679408,587.96527907276288,-61.457756083510482));
#1627=CARTESIAN_POINT('',(279.16650114650861,587.22459455109652,-63.617578235404856));
#1628=CARTESIAN_POINT('',(277.66592044593779,585.74322550776378,-67.93722253919357));
#1629=CARTESIAN_POINT('',(276.10325935636911,584.13385266323974,-72.175688701066463));
#1630=CARTESIAN_POINT('',(274.4874869063018,582.43372639872666,-76.352983565159803));
#1631=CARTESIAN_POINT('',(272.8717144562346,580.7336001342137,-80.530278429253144));
#1632=CARTESIAN_POINT('',(271.20279724043712,578.94274752464776,-84.646400664077603));
#1633=CARTESIAN_POINT('',(269.49638318069179,577.09541885476949,-88.722688397305816));
#1634=CARTESIAN_POINT('',(267.78996912094647,575.24809018489111,-92.798976130534044));
#1635=CARTESIAN_POINT('',(266.04609290140121,573.34441809044961,-96.835501692401806));
#1636=CARTESIAN_POINT('',(264.28709501170493,571.41442077865418,-100.85439618093136));
#1637=CARTESIAN_POINT('',(262.52809712200872,569.48442346685874,-104.87329066946096));
#1638=CARTESIAN_POINT('',(260.75409220242653,567.52829393199033,-108.87468484404155));
#1639=CARTESIAN_POINT('',(258.99299103871442,565.56932257138408,-112.87995505502778));
#1640=CARTESIAN_POINT('',(257.23188987500231,563.61035121077782,-116.885225266014));
#1641=CARTESIAN_POINT('',(255.48386788271284,561.64872977931066,-120.89452588897581));
#1642=CARTESIAN_POINT('',(253.78019671289164,559.69807300651291,-124.92629902168829));
#1643=CARTESIAN_POINT('',(252.07652554307043,557.74741623371517,-128.95807215440075));
#1644=CARTESIAN_POINT('',(250.41739659713971,555.8078588471991,-133.01245335845741));
#1645=CARTESIAN_POINT('',(248.83464229280816,553.8808498989689,-137.10273821172106));
#1646=CARTESIAN_POINT('',(247.25188798847657,551.95384095073882,-141.19302306498463));
#1647=CARTESIAN_POINT('',(245.74566999144787,550.03943660265168,-145.31930063067927));
#1648=CARTESIAN_POINT('',(244.34569752821133,548.12548958498473,-149.48802143895699));
#1649=CARTESIAN_POINT('',(244.26718041596959,548.01814633591573,-149.72182312306387));
#1650=CARTESIAN_POINT('',(244.18900931458296,547.9108168482644,-149.95572498098556));
#1651=CARTESIAN_POINT('',(244.11118956825555,547.80349972464398,-150.18972037200217));
#1652=CARTESIAN_POINT('',(243.68680036386729,547.21824686968284,-151.46581188489688));
#1653=CARTESIAN_POINT('',(243.27286021254167,546.63336337454086,-152.74468950988688));
#1654=CARTESIAN_POINT('',(242.87023913844874,546.04865303050838,-154.02540922432308));
#1655=CARTESIAN_POINT('',(242.68850459790741,545.78472728851409,-154.60349870806323));
#1656=CARTESIAN_POINT('',(242.50907631006328,545.52083651044711,-155.18196269506154));
#1657=CARTESIAN_POINT('',(242.33203464833861,545.25698107990911,-155.76074787973945));
#1658=CARTESIAN_POINT('',(241.69084697389337,544.3013819952173,-157.85692074070212));
#1659=CARTESIAN_POINT('',(241.08055888764935,543.34577968637768,-159.95812698877859));
#1660=CARTESIAN_POINT('',(240.50350806919582,542.38852678729131,-162.06396592114908));
#1661=CARTESIAN_POINT('',(239.34940643228873,540.47402098911869,-166.27564378589));
#1662=CARTESIAN_POINT('',(238.32856157036602,538.55312964469829,-170.50600539707986));
#1663=CARTESIAN_POINT('',(237.45567720773022,536.60928261258027,-174.74958472107855));
#1664=CARTESIAN_POINT('',(236.58279284509439,534.66543558046214,-178.99316404507718));
#1665=CARTESIAN_POINT('',(235.85777504214013,532.69850107138029,-183.24988324577444));
#1666=CARTESIAN_POINT('',(235.29100951322121,530.68922394636536,-187.5122987609063));
#1667=CARTESIAN_POINT('',(234.15747845538334,526.67066969633549,-196.03712979117003));
#1668=CARTESIAN_POINT('',(233.65758509404853,522.48230611220094,-204.5846402782328));
#1669=CARTESIAN_POINT('',(233.8478778174885,517.96228212516951,-213.08725207546553));
#1670=B_SPLINE_CURVE_WITH_KNOTS('',3,(#1612,#1613,#1614,#1615,#1616,#1617,#1618,#1619,#1620,#1621,#1622,#1623,#1624,#1625,#1626,#1627,#1628,#1629,#1630,#1631,#1632,#1633,#1634,#1635,#1636,#1637,#1638,#1639,#1640,#1641,#1642,#1643,#1644,#1645,#1646,#1647,#1648,#1649,#1650,#1651,#1652,#1653,#1654,#1655,#1656,#1657,#1658,#1659,#1660,#1661,#1662,#1663,#1664,#1665,#1666,#1667,#1668,#1669),.UNSPECIFIED.,.F.,.U.,(4,3,3,3,3,3,3,3,3,3,3,3,3,3,3,3,3,3,3,4),(0.0,0.0625,0.125,0.187500000000001,0.218750000000001,0.250000000000001,0.312500000000001,0.375000000000001,0.437500000000002,0.500000000000002,0.562500000000002,0.625000000000002,0.687500000000002,0.691005297171178,0.710121400060549,0.718750000000001,0.750000000000001,0.812500000000001,0.875000000000001,1.0),.UNSPECIFIED.);
#1671=EDGE_CURVE('',#1604,#1507,#1670,.T.);
#1672=ORIENTED_EDGE('',*,*,#1671,.T.);
#1673=EDGE_LOOP('',(#1531,#1542,#1602,#1611,#1672));
#1674=FACE_OUTER_BOUND('',#1673,.T.);
#1675=ADVANCED_FACE('',(#1674),#1505,.T.);
#1676=CARTESIAN_POINT('',(347.57602444861607,480.97349451795526,-297.38608158563886));
#1677=CARTESIAN_POINT('',(335.85763158939085,480.97349451795526,-297.38608158563886));
#1678=CARTESIAN_POINT('',(312.42084587094052,480.97349451795509,-297.38608158563846));
#1679=CARTESIAN_POINT('',(277.2656672932651,480.97349451795526,-297.38608158563949));
#1680=CARTESIAN_POINT('',(242.11048871558938,480.97349451795537,-297.38608158563835));
#1681=CARTESIAN_POINT('',(218.67370299713906,480.97349451795526,-297.38608158563886));
#1682=CARTESIAN_POINT('',(206.9553101379139,480.97349451795526,-297.38608158563886));
#1683=CARTESIAN_POINT('',(345.4657434515259,532.18139054511266,-261.79250348194836));
#1684=CARTESIAN_POINT('',(333.92320734205828,530.52932041070403,-261.16176323435542));
#1685=CARTESIAN_POINT('',(310.83813512312287,527.22518014188631,-259.90028273916909));
#1686=CARTESIAN_POINT('',(276.21052679472001,522.26896973866008,-258.00806199639101));
#1687=CARTESIAN_POINT('',(241.58291846631684,517.31275933543395,-256.11584125361099));
#1688=CARTESIAN_POINT('',(218.4978462473816,514.00861906661612,-254.85436075842551));
#1689=CARTESIAN_POINT('',(206.95531013791393,512.35654893220749,-254.22362051083246));
#1690=CARTESIAN_POINT('',(343.2987407080555,588.83157884414175,-226.70845691373654));
#1691=CARTESIAN_POINT('',(331.93678816054376,584.74217980586559,-224.65157513294196));
#1692=CARTESIAN_POINT('',(309.21288306552009,576.56338172931339,-220.53781157135248));
#1693=CARTESIAN_POINT('',(275.12702542298496,564.29518461448549,-214.36716622896935));
#1694=CARTESIAN_POINT('',(241.0411677804492,552.02698749965725,-208.19652088658478));
#1695=CARTESIAN_POINT('',(218.31726268542576,543.84818942310505,-204.0827573249959));
#1696=CARTESIAN_POINT('',(206.95531013791393,539.75879038482913,-202.02587554420131));
#1697=CARTESIAN_POINT('',(338.92622224025513,672.59054295122439,-128.47987392140428));
#1698=CARTESIAN_POINT('',(327.9286462317267,661.95964469679609,-125.15778239815953));
#1699=CARTESIAN_POINT('',(305.93349421466962,640.69784818793983,-118.51359935166991));
#1700=CARTESIAN_POINT('',(272.9407661890848,608.80515342465537,-108.54732478193603));
#1701=CARTESIAN_POINT('',(239.94803816349895,576.91245866137092,-98.581050212201376));
#1702=CARTESIAN_POINT('',(217.95288614644235,555.65066215251454,-91.936867165712059));
#1703=CARTESIAN_POINT('',(206.95531013791393,545.01976389808624,-88.614775642467293));
#1704=CARTESIAN_POINT('',(336.66398476954492,698.90198259191664,-62.476177446039884));
#1705=CARTESIAN_POINT('',(325.85492855024222,684.04408009411497,-59.484349200849486));
#1706=CARTESIAN_POINT('',(304.23681611163693,654.3282750985112,-53.500692710468655));
#1707=CARTESIAN_POINT('',(271.80964745372984,609.75456760510622,-44.525207974897654));
#1708=CARTESIAN_POINT('',(239.38247879582133,565.18086011170055,-35.549723239326305));
#1709=CARTESIAN_POINT('',(217.76436635721649,535.46505511609689,-29.566066748945616));
#1710=CARTESIAN_POINT('',(206.95531013791393,520.60715261829512,-26.574238503755232));
#1711=CARTESIAN_POINT('',(334.45846904521483,696.75589519250275,0.0));
#1712=CARTESIAN_POINT('',(323.83320580293969,677.59822358900669,0.0));
#1713=CARTESIAN_POINT('',(302.58267931838935,639.28288038201435,0.0));
#1714=CARTESIAN_POINT('',(270.70688959156479,581.80986557152596,0.0));
#1715=CARTESIAN_POINT('',(238.83109986473869,524.33685076103734,0.0));
#1716=CARTESIAN_POINT('',(217.58057338018898,486.02150755404512,0.0));
#1717=CARTESIAN_POINT('',(206.9553101379139,466.86383595054895,0.0));
#1718=B_SPLINE_SURFACE_WITH_KNOTS('',3,3,((#1676,#1683,#1690,#1697,#1704,#1711),(#1677,#1684,#1691,#1698,#1705,#1712),(#1678,#1685,#1692,#1699,#1706,#1713),(#1679,#1686,#1693,#1700,#1707,#1714),(#1680,#1687,#1694,#1701,#1708,#1715),(#1681,#1688,#1695,#1702,#1709,#1716),(#1682,#1689,#1696,#1703,#1710,#1717)),.UNSPECIFIED.,.F.,.F.,.F.,(4,1,1,1,4),(4,1,1,4),(0.089248257327254,0.316936192995441,0.544624128663627,0.772312064331814,1.0),(0.0,0.482623689901014,0.495596018502453,1.0),.UNSPECIFIED.);
#1719=CARTESIAN_POINT('',(288.42397808278457,509.66492636822869,-270.96841407468941));
#1720=VERTEX_POINT('',#1719);
#1721=CARTESIAN_POINT('',(316.9578140784979,665.79671837441424,-7.264116397082053));
#1722=VERTEX_POINT('',#1721);
#1723=CARTESIAN_POINT('',(288.42397808280464,509.66492636846732,-270.96841407446686));
#1724=CARTESIAN_POINT('',(289.6508438630695,524.2997871461813,-257.3008184235623));
#1725=CARTESIAN_POINT('',(291.10540645369093,538.11738967247504,-243.99058998520024));
#1726=CARTESIAN_POINT('',(295.14405728826006,568.70874905740311,-212.5202461392058));
#1727=CARTESIAN_POINT('',(297.91426750966275,585.25127689545081,-194.06920305096276));
#1728=CARTESIAN_POINT('',(301.76449285725585,605.1035120951293,-167.80201230776782));
#1729=CARTESIAN_POINT('',(302.76394772816587,609.97000760969468,-160.92832976844053));
#1730=CARTESIAN_POINT('',(305.72385525796284,623.94412730608997,-139.78764668829942));
#1731=CARTESIAN_POINT('',(307.61743782875885,632.33028307058987,-125.15325078647749));
#1732=CARTESIAN_POINT('',(311.18913124379128,647.26722341680784,-94.435144466062042));
#1733=CARTESIAN_POINT('',(312.85423914688135,653.88490006837833,-77.735556584976266));
#1734=CARTESIAN_POINT('',(315.41569173558059,663.19910003190125,-43.044482428064406));
#1735=CARTESIAN_POINT('',(316.30155495742974,665.79243428766404,-25.294673027235881));
#1736=CARTESIAN_POINT('',(316.95781416726629,665.79671829496885,-7.264116400294136));
#1737=B_SPLINE_CURVE_WITH_KNOTS('',3,(#1723,#1724,#1725,#1726,#1727,#1728,#1729,#1730,#1731,#1732,#1733,#1734,#1735,#1736),.UNSPECIFIED.,.F.,.U.,(4,2,2,2,2,2,4),(0.0,6.018627295873552,13.495467897858665,16.156424202901466,21.416104655717948,27.06518014032978,32.783741971877596),.UNSPECIFIED.);
#1738=EDGE_CURVE('',#1720,#1722,#1737,.T.);
#1739=ORIENTED_EDGE('',*,*,#1738,.F.);
#1740=CARTESIAN_POINT('',(235.98124314167291,502.23626312489409,-271.15140992895283));
#1741=VERTEX_POINT('',#1740);
#1742=CARTESIAN_POINT('',(288.42397808278457,509.66492636822863,-270.96841407468969));
#1743=CARTESIAN_POINT('',(279.72148665276512,508.28331617054056,-271.02139839247809));
#1744=CARTESIAN_POINT('',(270.95483739027861,506.9788164065647,-271.06089156999127));
#1745=CARTESIAN_POINT('',(253.50242820393166,504.5172542456404,-271.11968557382693));
#1746=CARTESIAN_POINT('',(244.72484061405765,503.34730781771299,-271.13926944472979));
#1747=CARTESIAN_POINT('',(235.98124316848339,502.23626291368976,-271.1514099093863));
#1748=B_SPLINE_CURVE_WITH_KNOTS('',3,(#1742,#1743,#1744,#1745,#1746,#1747),.UNSPECIFIED.,.F.,.U.,(4,2,4),(0.00000100000001,2.643492687158677,5.288203533557619),.UNSPECIFIED.);
#1749=EDGE_CURVE('',#1720,#1741,#1748,.T.);
#1750=ORIENTED_EDGE('',*,*,#1749,.T.);
#1751=CARTESIAN_POINT('',(237.44596369993695,545.0517234830852,-203.3919267700351));
#1752=VERTEX_POINT('',#1751);
#1753=CARTESIAN_POINT('',(235.98124316848373,502.23626291368987,-271.15140990938613));
#1754=CARTESIAN_POINT('',(236.09052972784266,506.31129074256654,-265.84028166845781));
#1755=CARTESIAN_POINT('',(236.20547332809164,510.29309736438279,-260.45674594280194));
#1756=CARTESIAN_POINT('',(236.44326792670643,518.01968008210918,-249.53413961999846));
#1757=CARTESIAN_POINT('',(236.5661386386721,521.76555658442101,-243.99390412233089));
#1758=CARTESIAN_POINT('',(236.81603369783363,528.97760536480314,-232.7252849360369));
#1759=CARTESIAN_POINT('',(236.94313489297463,532.44591307739495,-226.99282605346539));
#1760=CARTESIAN_POINT('',(237.19632313228476,539.02720378821061,-215.34386873125709));
#1761=CARTESIAN_POINT('',(237.32246860372382,542.14266930209476,-209.42407468857118));
#1762=CARTESIAN_POINT('',(237.44596369993698,545.0517234830852,-203.39192677003501));
#1763=B_SPLINE_CURVE_WITH_KNOTS('',3,(#1753,#1754,#1755,#1756,#1757,#1758,#1759,#1760,#1761,#1762),.UNSPECIFIED.,.F.,.U.,(4,2,2,2,4),(0.0,0.25,0.5,0.75,1.0),.UNSPECIFIED.);
#1764=EDGE_CURVE('',#1741,#1752,#1763,.T.);
#1765=ORIENTED_EDGE('',*,*,#1764,.T.);
#1766=CARTESIAN_POINT('',(283.16873095989939,606.7261608290745,-6.131119612030443));
#1767=VERTEX_POINT('',#1766);
#1768=CARTESIAN_POINT('',(237.44596369993687,545.0517234830852,-203.3919267700351));
#1769=CARTESIAN_POINT('',(237.52930755865137,547.01497391235523,-199.32097578264074));
#1770=CARTESIAN_POINT('',(237.74741712208493,548.91964546092493,-195.25954439120574));
#1771=CARTESIAN_POINT('',(238.08763464363506,550.7797337490656,-191.21014369627574));
#1772=CARTESIAN_POINT('',(238.42824305392185,552.64195916276572,-187.15609049222468));
#1773=CARTESIAN_POINT('',(238.89123858998229,554.4594988744816,-183.11409516079868));
#1774=CARTESIAN_POINT('',(239.46340484881648,556.2441532122906,-179.08553604503706));
#1775=CARTESIAN_POINT('',(239.47000105757141,556.26472756875739,-179.03909287139845));
#1776=CARTESIAN_POINT('',(239.47661177604431,556.28529755383249,-178.99265148334774));
#1777=CARTESIAN_POINT('',(239.48323698215381,556.30586318017629,-178.94621188194435));
#1778=CARTESIAN_POINT('',(240.05197611091455,558.07131412854528,-174.95961614356222));
#1779=CARTESIAN_POINT('',(240.72760082252753,559.8049566004795,-170.98550542983838));
#1780=CARTESIAN_POINT('',(241.49609061033803,561.51447235442174,-167.02519901409653));
#1781=CARTESIAN_POINT('',(242.2746557911168,563.24640095402503,-163.01297044656252));
#1782=CARTESIAN_POINT('',(243.14853125439834,564.95356785654599,-159.01490686206904));
#1783=CARTESIAN_POINT('',(244.10151721974884,566.64289285286509,-155.02814968500863));
#1784=CARTESIAN_POINT('',(244.11870810370425,566.67336653351799,-154.95623269726605));
#1785=CARTESIAN_POINT('',(244.13592473045884,566.70383440723026,-154.88431938921732));
#1786=CARTESIAN_POINT('',(244.15316698286358,566.73429651785273,-154.81240975825645));
#1787=CARTESIAN_POINT('',(245.09367173882214,568.39589845038699,-150.88999009228252));
#1788=CARTESIAN_POINT('',(246.11037203266869,570.04018011526603,-146.97917274827097));
#1789=CARTESIAN_POINT('',(247.18443455203732,571.6746040912999,-143.0783542273804));
#1790=CARTESIAN_POINT('',(247.2047225982609,571.70547684644851,-143.00467137835233));
#1791=CARTESIAN_POINT('',(247.22503111991853,571.73634608063583,-142.93099209673844));
#1792=CARTESIAN_POINT('',(247.2453599810913,571.76721178728008,-142.85731635694538));
#1793=CARTESIAN_POINT('',(248.32325839443425,573.40380598386514,-138.95080323012155));
#1794=CARTESIAN_POINT('',(249.45837575819064,575.03053384724501,-135.05424681415721));
#1795=CARTESIAN_POINT('',(250.63113043469511,576.64702714024361,-131.16276541307874));
#1796=CARTESIAN_POINT('',(250.65142572188171,576.67500161459361,-131.09542078065164));
#1797=CARTESIAN_POINT('',(250.67173228915334,576.70297302352128,-131.02807766929968));
#1798=CARTESIAN_POINT('',(250.69205003612407,576.73094133174129,-130.96073603890332));
#1799=CARTESIAN_POINT('',(251.86970199413938,578.35203312824308,-127.05749799747628));
#1800=CARTESIAN_POINT('',(253.08487464997452,579.96268730111797,-123.159230478623));
#1801=CARTESIAN_POINT('',(254.31806085642108,581.55593718874968,-119.25847421335241));
#1802=CARTESIAN_POINT('',(254.33556753168227,581.5785554342724,-119.20309792642027));
#1803=CARTESIAN_POINT('',(254.35307784034376,581.60117017264338,-119.14772113858092));
#1804=CARTESIAN_POINT('',(254.3705917314075,581.62378136752147,-119.09234382330331));
#1805=CARTESIAN_POINT('',(255.60917797247032,583.2228500592264,-115.1760478659846));
#1806=CARTESIAN_POINT('',(256.86563310708937,584.80416115619164,-111.25709315530844));
#1807=CARTESIAN_POINT('',(258.1219899918093,586.35487977413993,-107.32608556243925));
#1808=CARTESIAN_POINT('',(258.13479323248123,586.37068278674042,-107.28602557876216));
#1809=CARTESIAN_POINT('',(258.14759646354025,586.38648262220522,-107.24596434340947));
#1810=CARTESIAN_POINT('',(258.16039966911336,586.40227926239413,-107.20590184521848));
#1811=CARTESIAN_POINT('',(259.42213727094367,587.95901556527883,-103.25779993416275));
#1812=CARTESIAN_POINT('',(260.68358982144531,589.48468854977659,-99.297418149542281));
#1813=CARTESIAN_POINT('',(261.92951764273005,590.9618440658287,-95.31420830175918));
#1814=CARTESIAN_POINT('',(261.93684372516947,590.97052977209637,-95.290786942014435));
#1815=CARTESIAN_POINT('',(261.94416927077964,590.97921380067646,-95.267364792883228));
#1816=CARTESIAN_POINT('',(261.95149427721736,590.98789614739758,-95.243941852143848));
#1817=CARTESIAN_POINT('',(263.20233052427523,592.47051518406943,-91.244182460984732));
#1818=CARTESIAN_POINT('',(264.43742637322578,593.90407962580571,-87.221332260885291));
#1819=CARTESIAN_POINT('',(265.64504905006959,595.26770177473827,-83.164340916093352));
#1820=CARTESIAN_POINT('',(265.64720547249738,595.27013676162721,-83.157096445371806));
#1821=CARTESIAN_POINT('',(265.64936180730206,595.27257152544951,-83.149851865764091));
#1822=CARTESIAN_POINT('',(265.65151805444106,595.27500606607384,-83.142607177205178));
#1823=CARTESIAN_POINT('',(266.86119881462162,596.64081284200449,-79.078249152283306));
#1824=CARTESIAN_POINT('',(268.04328822923617,597.93638090434217,-74.979602908150852));
#1825=CARTESIAN_POINT('',(269.19007235222512,599.13820133873548,-70.835573799571009));
#1826=CARTESIAN_POINT('',(269.19197293399895,599.14019313297763,-70.828705840696983));
#1827=CARTESIAN_POINT('',(269.19387341983145,599.14218467076762,-70.821837753184781));
#1828=CARTESIAN_POINT('',(269.19577380968298,599.14417595199359,-70.814969536998632));
#1829=CARTESIAN_POINT('',(269.77064299686089,599.74653984004658,-68.737329597435888));
#1830=CARTESIAN_POINT('',(270.33672849987892,600.32542458117859,-66.647914265139946));
#1831=CARTESIAN_POINT('',(270.89327430416944,600.87746031741631,-64.546059891420995));
#1832=CARTESIAN_POINT('',(271.44500809200309,601.42472303222962,-62.462378609221844));
#1833=CARTESIAN_POINT('',(271.98736624031545,601.94559833016422,-60.366472446201549));
#1834=CARTESIAN_POINT('',(272.52013414834732,602.43700968334042,-58.256248316272988));
#1835=CARTESIAN_POINT('',(272.5245319459579,602.44106609822995,-58.238829214077803));
#1836=CARTESIAN_POINT('',(272.52892911609536,602.44512052908613,-58.221409028375916));
#1837=CARTESIAN_POINT('',(272.53332565845557,602.44917297396523,-58.203987758631364));
#1838=CARTESIAN_POINT('',(272.80170466855719,602.69654717305923,-57.14053772319631));
#1839=CARTESIAN_POINT('',(273.06774430289346,602.93652042223005,-56.073047117061883));
#1840=CARTESIAN_POINT('',(273.33072061954203,603.16805256378245,-55.004211861613911));
#1841=CARTESIAN_POINT('',(273.5884761447698,603.3949881658682,-53.956595877935314));
#1842=CARTESIAN_POINT('',(273.84328856824106,603.61381423662363,-52.90768893595957));
#1843=CARTESIAN_POINT('',(274.09510658292118,603.82417587817065,-51.857666983933086));
#1844=CARTESIAN_POINT('',(274.1000944027416,603.82834256166427,-51.836868947260371));
#1845=CARTESIAN_POINT('',(274.10508105951698,603.83250593402772,-51.816070421670503));
#1846=CARTESIAN_POINT('',(274.11006655319272,603.83666599277956,-51.795271407031642));
#1847=CARTESIAN_POINT('',(274.61778719613289,604.26032467966343,-49.677108237672208));
#1848=CARTESIAN_POINT('',(275.11344511320044,604.64961824453565,-47.553873109507251));
#1849=CARTESIAN_POINT('',(275.59714623306462,605.00188512552495,-45.425382863285925));
#1850=CARTESIAN_POINT('',(275.60231675503638,605.00565068151252,-45.402630371855153));
#1851=CARTESIAN_POINT('',(275.60748591104419,605.00941200687805,-45.379877279839988));
#1852=CARTESIAN_POINT('',(275.61265370121225,605.013169098356,-45.357123587021633));
#1853=CARTESIAN_POINT('',(276.10092555477831,605.36815294257349,-43.207270863405434));
#1854=CARTESIAN_POINT('',(276.57700435220613,605.68534159342687,-41.052054735058292));
#1855=CARTESIAN_POINT('',(277.04120291315581,605.96201542236815,-38.891334089711286));
#1856=CARTESIAN_POINT('',(277.50033794698675,606.23567126384955,-36.754182814251081));
#1857=CARTESIAN_POINT('',(277.94785045988812,606.46969136844223,-34.611646445580327));
#1858=CARTESIAN_POINT('',(278.3841634900856,606.66143792462049,-32.463605272845079));
#1859=CARTESIAN_POINT('',(278.388650841105,606.66340998148053,-32.441513301991371));
#1860=CARTESIAN_POINT('',(278.39313700765325,606.66537756699233,-32.419420749186301));
#1861=CARTESIAN_POINT('',(278.39762199018713,606.66734067827429,-32.39732761431101));
#1862=CARTESIAN_POINT('',(279.27477811092683,607.05127864539315,-28.076434871470894));
#1863=CARTESIAN_POINT('',(280.10664285622704,607.26410034379535,-23.73327790349094));
#1864=CARTESIAN_POINT('',(280.89814680344927,607.28309529814828,-19.367109113620291));
#1865=CARTESIAN_POINT('',(280.90081308317599,607.28315928502013,-19.352401129700826));
#1866=CARTESIAN_POINT('',(280.90347890546587,607.28322107307599,-19.337692884914752));
#1867=CARTESIAN_POINT('',(280.90614427050593,607.28328066144024,-19.322984379235809));
#1868=CARTESIAN_POINT('',(281.69875696795697,607.30100074605798,-14.949043779502841));
#1869=CARTESIAN_POINT('',(282.45092915171574,607.12422369163619,-10.552029408801751));
#1870=CARTESIAN_POINT('',(283.16873095984431,606.72616082912214,-6.131119612415069));
#1871=B_SPLINE_CURVE_WITH_KNOTS('',3,(#1768,#1769,#1770,#1771,#1772,#1773,#1774,#1775,#1776,#1777,#1778,#1779,#1780,#1781,#1782,#1783,#1784,#1785,#1786,#1787,#1788,#1789,#1790,#1791,#1792,#1793,#1794,#1795,#1796,#1797,#1798,#1799,#1800,#1801,#1802,#1803,#1804,#1805,#1806,#1807,#1808,#1809,#1810,#1811,#1812,#1813,#1814,#1815,#1816,#1817,#1818,#1819,#1820,#1821,#1822,#1823,#1824,#1825,#1826,#1827,#1828,#1829,#1830,#1831,#1832,#1833,#1834,#1835,#1836,#1837,#1838,#1839,#1840,#1841,#1842,#1843,#1844,#1845,#1846,#1847,#1848,#1849,#1850,#1851,#1852,#1853,#1854,#1855,#1856,#1857,#1858,#1859,#1860,#1861,#1862,#1863,#1864,#1865,#1866,#1867,#1868,#1869,#1870),.UNSPECIFIED.,.F.,.U.,(4,3,3,3,3,3,3,3,3,3,3,3,3,3,3,3,3,3,3,3,3,3,3,3,3,3,3,3,3,3,3,3,3,3,4),(0.0,0.062105917279777,0.124283190389313,0.125,0.186534338212245,0.248875430981761,0.25,0.311341319291242,0.3125,0.373936796037242,0.375,0.436625151170344,0.4375,0.499369502298423,0.5,0.562134646936984,0.5625,0.624888594205491,0.625,0.6875,0.687603582146355,0.718937249937392,0.749999999999999,0.75025641125515,0.765908574523046,0.781249999999999,0.781553871294371,0.812499999999999,0.812830798569286,0.844085866079732,0.875,0.875317942763017,0.9375,0.937709468012332,1.0),.UNSPECIFIED.);
#1872=EDGE_CURVE('',#1752,#1767,#1871,.T.);
#1873=ORIENTED_EDGE('',*,*,#1872,.T.);
#1874=CARTESIAN_POINT('',(283.16873095984431,606.72616082912191,-6.131119612415132));
#1875=CARTESIAN_POINT('',(294.42296779644204,626.42022501936697,-6.56584206705687));
#1876=CARTESIAN_POINT('',(305.69365738459686,646.10618335829361,-6.939952895028761));
#1877=CARTESIAN_POINT('',(316.9578141647516,665.79671829495214,-7.264116469381375));
#1878=QUASI_UNIFORM_CURVE('',3,(#1874,#1875,#1876,#1877),.UNSPECIFIED.,.F.,.U.);
#1879=EDGE_CURVE('',#1767,#1722,#1878,.T.);
#1880=ORIENTED_EDGE('',*,*,#1879,.T.);
#1881=EDGE_LOOP('',(#1739,#1750,#1765,#1873,#1880));
#1882=FACE_OUTER_BOUND('',#1881,.T.);
#1883=ADVANCED_FACE('',(#1882),#1718,.T.);
#1884=CARTESIAN_POINT('',(206.9553101379139,231.88154227389145,-112.8570648882674));
#1885=CARTESIAN_POINT('',(218.67370299713906,231.88154227389145,-112.8570648882674));
#1886=CARTESIAN_POINT('',(242.11048871558938,231.88154227389134,-112.85706488826807));
#1887=CARTESIAN_POINT('',(277.2656672932651,231.88154227389134,-112.85706488826663));
#1888=CARTESIAN_POINT('',(312.42084587094035,231.88154227389157,-112.85706488826797));
#1889=CARTESIAN_POINT('',(335.85763158939085,231.88154227389145,-112.8570648882674));
#1890=CARTESIAN_POINT('',(347.57602444861607,231.88154227389145,-112.8570648882674));
#1891=CARTESIAN_POINT('',(209.06559113500407,282.99686905955457,-119.57093816706477));
#1892=CARTESIAN_POINT('',(220.60812724447175,283.27666704915413,-121.31704299609281));
#1893=CARTESIAN_POINT('',(243.69319946340698,283.83626302835319,-124.80925265414955));
#1894=CARTESIAN_POINT('',(278.32080779181024,284.67565699715186,-130.04756714123249));
#1895=CARTESIAN_POINT('',(312.94841612021281,285.51505096595071,-135.28588162831784));
#1896=CARTESIAN_POINT('',(336.03348833914833,286.07464694514965,-138.77809128637352));
#1897=CARTESIAN_POINT('',(347.57602444861607,286.35444493474915,-140.52419611540162));
#1898=CARTESIAN_POINT('',(211.2325938784744,339.53683660669742,-119.56186928843515));
#1899=CARTESIAN_POINT('',(222.59454642598615,339.80022425108581,-124.13183363219105));
#1900=CARTESIAN_POINT('',(245.31845152100968,340.32699953986275,-133.2717623197035));
#1901=CARTESIAN_POINT('',(279.40430916354546,341.1171624730282,-146.9816553509707));
#1902=CARTESIAN_POINT('',(313.49016680608042,341.90732540619388,-160.69154838223952));
#1903=CARTESIAN_POINT('',(336.21407190110415,342.43410069497077,-169.83147706975129));
#1904=CARTESIAN_POINT('',(347.57602444861607,342.69748833935921,-174.40144141350729));
#1905=CARTESIAN_POINT('',(215.60511234627481,438.20735598838758,-72.877235926681209));
#1906=CARTESIAN_POINT('',(226.60268835480321,440.64578946277481,-83.744909641686078));
#1907=CARTESIAN_POINT('',(248.59784037185992,445.52265641154889,-105.48025707169595));
#1908=CARTESIAN_POINT('',(281.59056839744579,452.83795683471021,-138.08327821671003));
#1909=CARTESIAN_POINT('',(314.58329642303045,460.15325725787159,-170.68629936172496));
#1910=CARTESIAN_POINT('',(336.57844844008764,465.03012420664567,-192.42164679173453));
#1911=CARTESIAN_POINT('',(347.57602444861607,467.46855768103279,-203.28932050673939));
#1912=CARTESIAN_POINT('',(217.8673498169851,480.10184515585775,-23.821392859387004));
#1913=CARTESIAN_POINT('',(228.67640603628763,484.93979714066393,-38.184627992030926));
#1914=CARTESIAN_POINT('',(250.29451847489253,494.61570111027595,-66.91109825731867));
#1915=CARTESIAN_POINT('',(282.72168713280098,509.12955706469432,-110.00080365525007));
#1916=CARTESIAN_POINT('',(315.14885579070796,523.64341301911247,-153.09050905318185));
#1917=CARTESIAN_POINT('',(336.76696822931348,533.31931698872461,-181.81697931846952));
#1918=CARTESIAN_POINT('',(347.57602444861607,538.15726897353068,-196.18021445111333));
#1919=CARTESIAN_POINT('',(220.07286554131514,479.43096289492598,34.368061871703986));
#1920=CARTESIAN_POINT('',(230.69812878359016,489.0097986966739,17.777031585716529));
#1921=CARTESIAN_POINT('',(251.94865526814002,508.16747030016973,-15.405028986258563));
#1922=CARTESIAN_POINT('',(283.82444499496609,536.90397770541358,-65.178119844221172));
#1923=CARTESIAN_POINT('',(315.70023472179037,565.64048511065732,-114.95121070218373));
#1924=CARTESIAN_POINT('',(336.95076120634093,584.79815671415315,-148.13327127415877));
#1925=CARTESIAN_POINT('',(347.57602444861607,594.37699251590107,-164.72430156014622));
#1926=B_SPLINE_SURFACE_WITH_KNOTS('',3,3,((#1884,#1891,#1898,#1905,#1912,#1919),(#1885,#1892,#1899,#1906,#1913,#1920),(#1886,#1893,#1900,#1907,#1914,#1921),(#1887,#1894,#1901,#1908,#1915,#1922),(#1888,#1895,#1902,#1909,#1916,#1923),(#1889,#1896,#1903,#1910,#1917,#1924),(#1890,#1897,#1904,#1911,#1918,#1925)),.UNSPECIFIED.,.F.,.F.,.F.,(4,1,1,1,4),(4,1,1,4),(0.089248257327255,0.316936192995441,0.544624128663627,0.772312064331814,1.0),(0.0,0.482623689901014,0.495596018502453,1.0),.UNSPECIFIED.);
#1927=CARTESIAN_POINT('',(233.84787781748841,324.07885387665175,-122.72869639659815));
#1928=VERTEX_POINT('',#1927);
#1929=CARTESIAN_POINT('',(235.14144588709826,254.77079864624014,-117.26197674382976));
#1930=VERTEX_POINT('',#1929);
#1931=CARTESIAN_POINT('',(233.84787781748832,324.07885387665175,-122.72869639659814));
#1932=CARTESIAN_POINT('',(233.96269000994297,318.27256793992836,-122.93193339267448));
#1933=CARTESIAN_POINT('',(234.07828158288649,312.45861457354607,-122.93478821892215));
#1934=CARTESIAN_POINT('',(234.19246831370643,306.65926692746501,-122.76457066575756));
#1935=CARTESIAN_POINT('',(234.19959830380998,306.29714699438119,-122.75394202737901));
#1936=CARTESIAN_POINT('',(234.20672282534838,305.93507296075342,-122.74264054945033));
#1937=CARTESIAN_POINT('',(234.2138414460079,305.57304437677158,-122.73067343805215));
#1938=CARTESIAN_POINT('',(234.32072747461905,300.13718826976282,-122.55098736226901));
#1939=CARTESIAN_POINT('',(234.42628504191987,294.71158204357511,-122.22119478748627));
#1940=CARTESIAN_POINT('',(234.52919060166107,289.29472505116274,-121.76266958872786));
#1941=CARTESIAN_POINT('',(234.54235039955091,288.60200501351335,-121.70403233960128));
#1942=CARTESIAN_POINT('',(234.55546727695932,287.90939869151731,-121.64328792778721));
#1943=CARTESIAN_POINT('',(234.56853817436098,287.21691464913812,-121.58048221873317));
#1944=CARTESIAN_POINT('',(234.66448488463891,282.13374677285969,-121.11945793055803));
#1945=CARTESIAN_POINT('',(234.75795322664646,277.05717873712609,-120.54728089732832));
#1946=CARTESIAN_POINT('',(234.84812818249981,271.99049879981015,-119.87985671286066));
#1947=CARTESIAN_POINT('',(234.95058756951792,266.2335908459159,-119.12151009461765));
#1948=CARTESIAN_POINT('',(235.04870062433332,260.49486541939439,-118.24103355334711));
#1949=CARTESIAN_POINT('',(235.14144588709826,254.77079864624014,-117.26197674382976));
#1950=B_SPLINE_CURVE_WITH_KNOTS('',3,(#1931,#1932,#1933,#1934,#1935,#1936,#1937,#1938,#1939,#1940,#1941,#1942,#1943,#1944,#1945,#1946,#1947,#1948,#1949),.UNSPECIFIED.,.F.,.U.,(4,3,3,3,3,3,4),(1.047186E-015,0.250000000000001,0.265610373579194,0.500000000000001,0.529974280485212,0.75,0.999999571791977),.UNSPECIFIED.);
#1951=EDGE_CURVE('',#1928,#1930,#1950,.T.);
#1952=ORIENTED_EDGE('',*,*,#1951,.T.);
#1953=CARTESIAN_POINT('',(288.4239780827848,256.90547643392227,-121.61278176854702));
#1954=VERTEX_POINT('',#1953);
#1955=CARTESIAN_POINT('',(235.14145321281183,254.77078362812699,-117.26188539851972));
#1956=CARTESIAN_POINT('',(244.01908725474618,255.09343059628469,-117.93463612900945));
#1957=CARTESIAN_POINT('',(252.9189410553083,255.43144710634687,-118.63232856842656));
#1958=CARTESIAN_POINT('',(270.66236426589717,256.1401166684617,-120.07803107514063));
#1959=CARTESIAN_POINT('',(279.55960200875018,256.51290137534534,-120.83040026491226));
#1960=CARTESIAN_POINT('',(288.42397808278486,256.90547643392222,-121.61278176854702));
#1961=B_SPLINE_CURVE_WITH_KNOTS('',3,(#1955,#1956,#1957,#1958,#1959,#1960),.UNSPECIFIED.,.F.,.U.,(4,2,4),(0.000005457872528,2.672684719901442,5.34469727896743),.UNSPECIFIED.);
#1962=EDGE_CURVE('',#1930,#1954,#1961,.T.);
#1963=ORIENTED_EDGE('',*,*,#1962,.T.);
#1964=CARTESIAN_POINT('',(328.18617287150323,570.54276621867211,-139.08467704293946));
#1965=VERTEX_POINT('',#1964);
#1966=CARTESIAN_POINT('',(328.1861721265148,570.54276650559223,-139.08467746793468));
#1967=CARTESIAN_POINT('',(328.02492318116725,567.99720883267105,-140.52055924653968));
#1968=CARTESIAN_POINT('',(327.85466579267768,565.41983482941941,-141.88937378584023));
#1969=CARTESIAN_POINT('',(327.67431862778858,562.81260706080934,-143.19236162859471));
#1970=CARTESIAN_POINT('',(327.02801275338334,553.46914649794644,-147.86184837971066));
#1971=CARTESIAN_POINT('',(326.24992932436163,543.71937629715057,-151.69253996525384));
#1972=CARTESIAN_POINT('',(325.29438386091903,533.72357954071208,-154.71473529200023));
#1973=CARTESIAN_POINT('',(324.38430441936828,524.20339501994681,-157.59313086860968));
#1974=CARTESIAN_POINT('',(323.31879791459551,514.52665621960546,-159.72399858226831));
#1975=CARTESIAN_POINT('',(322.06778364036359,504.70435708655361,-161.22031393679467));
#1976=CARTESIAN_POINT('',(321.10881678899949,497.17505908668676,-162.36731669586305));
#1977=CARTESIAN_POINT('',(320.05292670579473,489.65648683064796,-163.12739440132461));
#1978=CARTESIAN_POINT('',(318.9062958354682,482.12338166177034,-163.57937806272912));
#1979=CARTESIAN_POINT('',(317.94842540278665,475.83038982430645,-163.95695536028717));
#1980=CARTESIAN_POINT('',(316.92803696403735,469.5326847248856,-164.119560039796));
#1981=CARTESIAN_POINT('',(315.85620617483522,463.16964154124526,-164.11010335126318));
#1982=CARTESIAN_POINT('',(314.80111063393201,456.90594902814729,-164.10079431666253));
#1983=CARTESIAN_POINT('',(313.6808528392516,450.49760590586465,-163.91973186890772));
#1984=CARTESIAN_POINT('',(312.58223611062658,444.18303481897817,-163.6199641408557));
#1985=CARTESIAN_POINT('',(312.4085035868826,443.18446421405162,-163.57255961607964));
#1986=CARTESIAN_POINT('',(312.23537777066889,442.18822278428098,-163.52227542212833));
#1987=CARTESIAN_POINT('',(312.06314427821792,441.19526350344387,-163.46929549295686));
#1988=CARTESIAN_POINT('',(311.46404865155779,437.74136174406033,-163.28501052366477));
#1989=CARTESIAN_POINT('',(310.87620028801621,434.32852352331935,-163.06821202346958));
#1990=CARTESIAN_POINT('',(310.30933958607255,430.99298252624351,-162.82638790610878));
#1991=CARTESIAN_POINT('',(309.71971775313239,427.52350970902501,-162.57485383638311));
#1992=CARTESIAN_POINT('',(309.1344814230165,424.02996491763304,-162.28848294286684));
#1993=CARTESIAN_POINT('',(308.56077230894675,420.5402578573578,-161.96794105207027));
#1994=CARTESIAN_POINT('',(307.48299522415954,413.98445072453393,-161.36576706504007));
#1995=CARTESIAN_POINT('',(306.45729503848224,407.49873605141215,-160.65170179270848));
#1996=CARTESIAN_POINT('',(305.45431378316084,400.99149399930059,-159.78499073776459));
#1997=CARTESIAN_POINT('',(305.21792100752737,399.45780131834908,-159.58071550244645));
#1998=CARTESIAN_POINT('',(304.98238393695306,397.92135968584569,-159.3675635486245));
#1999=CARTESIAN_POINT('',(304.74673112439996,396.37973777299885,-159.14465865242701));
#2000=CARTESIAN_POINT('',(304.72744913818991,396.25359655642455,-159.12641974796384));
#2001=CARTESIAN_POINT('',(304.70816629977088,396.1274206845772,-159.10811545958344));
#2002=CARTESIAN_POINT('',(304.68888201083092,396.00120883359386,-159.08974533377804));
#2003=CARTESIAN_POINT('',(304.36174245341641,393.86014523515229,-158.77811368148619));
#2004=CARTESIAN_POINT('',(304.03417959821081,391.70872852727803,-158.44756903716475));
#2005=CARTESIAN_POINT('',(303.705575187953,389.53992810378651,-158.09717666593147));
#2006=CARTESIAN_POINT('',(302.86774484003183,384.01021895606141,-157.20379437057832));
#2007=CARTESIAN_POINT('',(302.03505320052119,378.44532473633171,-156.19299650510126));
#2008=CARTESIAN_POINT('',(301.22334623563586,372.90491166064356,-155.08852649341694));
#2009=CARTESIAN_POINT('',(299.40296026631978,360.47962684295902,-152.61157138550482));
#2010=CARTESIAN_POINT('',(297.67595301513029,348.08434460190858,-149.65052582042844));
#2011=CARTESIAN_POINT('',(296.11096775131551,335.7422886591599,-146.3545469041145));
#2012=CARTESIAN_POINT('',(295.17690163545836,328.37589581017266,-144.38733207117474));
#2013=CARTESIAN_POINT('',(294.29849355535151,321.01317221506133,-142.29562059169351));
#2014=CARTESIAN_POINT('',(293.48886302055041,313.70960579119742,-140.12187186585288));
#2015=CARTESIAN_POINT('',(292.65183487807332,306.15888929218784,-137.87456426072498));
#2016=CARTESIAN_POINT('',(291.89623471002955,298.75214581214095,-135.56532063513325));
#2017=CARTESIAN_POINT('',(291.20494710695527,291.35110072626981,-133.18078900616064));
#2018=CARTESIAN_POINT('',(290.14637111677945,280.01780240691528,-129.52933059866172));
#2019=CARTESIAN_POINT('',(289.23970142348605,268.69832882022888,-125.69898767181344));
#2020=CARTESIAN_POINT('',(288.42397808278469,256.90547643392267,-121.61278176854715));
#2021=B_SPLINE_CURVE_WITH_KNOTS('',3,(#1966,#1967,#1968,#1969,#1970,#1971,#1972,#1973,#1974,#1975,#1976,#1977,#1978,#1979,#1980,#1981,#1982,#1983,#1984,#1985,#1986,#1987,#1988,#1989,#1990,#1991,#1992,#1993,#1994,#1995,#1996,#1997,#1998,#1999,#2000,#2001,#2002,#2003,#2004,#2005,#2006,#2007,#2008,#2009,#2010,#2011,#2012,#2013,#2014,#2015,#2016,#2017,#2018,#2019,#2020),.UNSPECIFIED.,.F.,.U.,(4,3,3,3,3,3,3,3,3,3,3,3,3,3,3,3,3,3,4),(0.000001000241918,0.87811599672201,4.024995965572664,7.022143536511516,9.319611461840728,11.238866082188192,13.128154029676464,13.426921338278266,14.46615119668299,15.547109202517099,17.577810370990395,18.056426579569337,18.095588731014658,18.75993725488863,20.453801784769823,24.252570746366249,26.519877315341848,28.863908727548782,32.453348726393493),.UNSPECIFIED.);
#2022=EDGE_CURVE('',#1965,#1954,#2021,.T.);
#2023=ORIENTED_EDGE('',*,*,#2022,.F.);
#2024=CARTESIAN_POINT('',(293.71083723544211,539.9634491246253,-88.283781765219999));
#2025=VERTEX_POINT('',#2024);
#2026=CARTESIAN_POINT('',(328.1861720902379,570.54276647291897,-139.08467741393517));
#2027=CARTESIAN_POINT('',(316.795751785829,560.36186797251491,-122.07510107762235));
#2028=CARTESIAN_POINT('',(305.32823320534698,550.16337173846762,-105.12759832916737));
#2029=CARTESIAN_POINT('',(293.710837235442,539.96344912462507,-88.283781765220169));
#2030=B_SPLINE_CURVE_WITH_KNOTS('',3,(#2026,#2027,#2028,#2029),.UNSPECIFIED.,.F.,.U.,(4,4),(1.061133E-009,0.999999999999997),.UNSPECIFIED.);
#2031=EDGE_CURVE('',#1965,#2025,#2030,.T.);
#2032=ORIENTED_EDGE('',*,*,#2031,.T.);
#2033=CARTESIAN_POINT('',(293.71083723544217,539.9634491246253,-88.283781765220283));
#2034=CARTESIAN_POINT('',(292.77966016301559,535.94372191265256,-90.839651216464887));
#2035=CARTESIAN_POINT('',(291.78812718561335,531.82718590632999,-93.124303724967177));
#2036=CARTESIAN_POINT('',(290.72747466517018,527.63067547585308,-95.172412202637844));
#2037=CARTESIAN_POINT('',(289.66682214472706,523.43416504537618,-97.220520680308496));
#2038=CARTESIAN_POINT('',(288.5369349106461,519.15754408129578,-99.031684148430514));
#2039=CARTESIAN_POINT('',(287.33030941103141,514.81503495282595,-100.63513107372218));
#2040=CARTESIAN_POINT('',(286.12368391141678,510.47252582435613,-102.23857799901384));
#2041=CARTESIAN_POINT('',(284.84016599538006,506.0640551597445,-103.63403252165702));
#2042=CARTESIAN_POINT('',(283.47552285420829,501.60277752047534,-104.8502844268636));
#2043=CARTESIAN_POINT('',(282.79320128362247,499.37213870084071,-105.4584103794669));
#2044=CARTESIAN_POINT('',(282.08945607890536,497.12464640706003,-106.02249228637304));
#2045=CARTESIAN_POINT('',(281.37055959235227,494.88116626797182,-106.54223385171532));
#2046=CARTESIAN_POINT('',(280.65166310579917,492.63768612888356,-107.06197541705761));
#2047=CARTESIAN_POINT('',(279.91679149679396,490.39534784251259,-107.53832209828252));
#2048=CARTESIAN_POINT('',(279.16650114650855,488.15454473048248,-107.97678156227664));
#2049=CARTESIAN_POINT('',(277.66592044593773,483.67293850642233,-108.85370049026488));
#2050=CARTESIAN_POINT('',(276.10325935636911,479.19763271489751,-109.57917580368282));
#2051=CARTESIAN_POINT('',(274.48748690630185,474.72992611123794,-110.19547070102004));
#2052=CARTESIAN_POINT('',(272.8717144562346,470.26221950757838,-110.81176559835727));
#2053=CARTESIAN_POINT('',(271.20279724043684,465.8021267823554,-111.31890286145156));
#2054=CARTESIAN_POINT('',(269.49638318069151,461.34829371730569,-111.75721317081158));
#2055=CARTESIAN_POINT('',(267.78996912094613,456.89446065225593,-112.19552348017162));
#2056=CARTESIAN_POINT('',(266.04609290140115,452.44689092543246,-112.56515786684403));
#2057=CARTESIAN_POINT('',(264.28709501170499,448.00142754733889,-112.9031784098583));
#2058=CARTESIAN_POINT('',(262.52809712200877,443.55596416924533,-113.24119895287257));
#2059=CARTESIAN_POINT('',(260.75409220242648,439.11259039606921,-113.54783816987337));
#2060=CARTESIAN_POINT('',(258.99299103871437,434.66443896403086,-113.85395431179532));
#2061=CARTESIAN_POINT('',(257.23188987500225,430.21628753199258,-114.16007045371725));
#2062=CARTESIAN_POINT('',(255.48386788271284,425.7633206253654,-114.46590677293962));
#2063=CARTESIAN_POINT('',(253.78019671289167,421.2963742837419,-114.79247501998883));
#2064=CARTESIAN_POINT('',(252.07652554307049,416.8294279421184,-115.11904326703802));
#2065=CARTESIAN_POINT('',(250.4173965971396,412.34845212952121,-115.46652790024551));
#2066=CARTESIAN_POINT('',(248.83464229280801,407.84265706376522,-115.84283162438994));
#2067=CARTESIAN_POINT('',(247.25188798847643,403.33686199800923,-116.21913534853441));
#2068=CARTESIAN_POINT('',(245.74566999144761,398.80619862900812,-116.62435133282295));
#2069=CARTESIAN_POINT('',(244.34569752821122,394.23900699892147,-117.05118499816473));
#2070=CARTESIAN_POINT('',(244.26718041596951,393.98285717650282,-117.0751238595997));
#2071=CARTESIAN_POINT('',(244.1890093145829,393.72662748172456,-117.09912472567925));
#2072=CARTESIAN_POINT('',(244.11118956825547,393.47032296692555,-117.12318306587127));
#2073=CARTESIAN_POINT('',(243.68680036386729,392.07256887172446,-117.25438498228499));
#2074=CARTESIAN_POINT('',(243.2728602125417,390.67258661258063,-117.38729982973275));
#2075=CARTESIAN_POINT('',(242.87023913844877,389.27109563273513,-117.5212856751632));
#2076=CARTESIAN_POINT('',(242.68850459790741,388.63849258315827,-117.58176401975355));
#2077=CARTESIAN_POINT('',(242.50907631006331,388.00558268620978,-117.6424598956223));
#2078=CARTESIAN_POINT('',(242.33203464833863,387.37241229767557,-117.70334698218888));
#2079=CARTESIAN_POINT('',(241.69084697389343,385.07927380701244,-117.92386032949396));
#2080=CARTESIAN_POINT('',(241.08055888764926,382.78177466316799,-118.14688757816174));
#2081=CARTESIAN_POINT('',(240.50350806919573,380.47943820191364,-118.37080171589191));
#2082=CARTESIAN_POINT('',(239.34940643228873,375.87476527940504,-118.81862999135224));
#2083=CARTESIAN_POINT('',(238.32856157036599,371.25071898470998,-119.2702700947695));
#2084=CARTESIAN_POINT('',(237.45567720773022,366.60374797109375,-119.70863884588354));
#2085=CARTESIAN_POINT('',(236.58279284509439,361.95677695747753,-120.14700759699758));
#2086=CARTESIAN_POINT('',(235.85777504213993,357.28688273835564,-120.571951944901));
#2087=CARTESIAN_POINT('',(235.29100951322101,352.59088405825901,-120.96307466896099));
#2088=CARTESIAN_POINT('',(234.15747845538309,343.19888669806573,-121.74532011708089));
#2089=CARTESIAN_POINT('',(233.65758509404822,333.70234368508818,-122.39184609646605));
#2090=CARTESIAN_POINT('',(233.84787781748832,324.07885387665175,-122.72869639659814));
#2091=B_SPLINE_CURVE_WITH_KNOTS('',3,(#2033,#2034,#2035,#2036,#2037,#2038,#2039,#2040,#2041,#2042,#2043,#2044,#2045,#2046,#2047,#2048,#2049,#2050,#2051,#2052,#2053,#2054,#2055,#2056,#2057,#2058,#2059,#2060,#2061,#2062,#2063,#2064,#2065,#2066,#2067,#2068,#2069,#2070,#2071,#2072,#2073,#2074,#2075,#2076,#2077,#2078,#2079,#2080,#2081,#2082,#2083,#2084,#2085,#2086,#2087,#2088,#2089,#2090),.UNSPECIFIED.,.F.,.U.,(4,3,3,3,3,3,3,3,3,3,3,3,3,3,3,3,3,3,3,4),(0.0,0.0625,0.125,0.1875,0.21875,0.25,0.3125,0.374999999999999,0.437499999999999,0.499999999999999,0.562499999999999,0.624999999999999,0.687499999999999,0.691005297171175,0.710121400060546,0.718749999999999,0.749999999999999,0.812499999999999,0.875,1.0),.UNSPECIFIED.);
#2092=EDGE_CURVE('',#2025,#1928,#2091,.T.);
#2093=ORIENTED_EDGE('',*,*,#2092,.T.);
#2094=EDGE_LOOP('',(#1952,#1963,#2023,#2032,#2093));
#2095=FACE_OUTER_BOUND('',#2094,.T.);
#2096=ADVANCED_FACE('',(#2095),#1926,.T.);
#2097=CARTESIAN_POINT('',(347.57602444861607,232.57953220794124,-132.84488142864942));
#2098=CARTESIAN_POINT('',(335.85763158939085,232.57953220794124,-132.84488142864942));
#2099=CARTESIAN_POINT('',(312.42084587094052,232.57953220794155,-132.84488142864913));
#2100=CARTESIAN_POINT('',(277.2656672932651,232.5795322079407,-132.84488142864976));
#2101=CARTESIAN_POINT('',(242.11048871558938,232.57953220794181,-132.84488142864924));
#2102=CARTESIAN_POINT('',(218.67370299713906,232.57953220794124,-132.84488142864942));
#2103=CARTESIAN_POINT('',(206.9553101379139,232.57953220794124,-132.84488142864942));
#2104=CARTESIAN_POINT('',(345.4657434515259,289.00842307090124,-159.39543121067533));
#2105=CARTESIAN_POINT('',(333.92320734205828,288.72862508130169,-157.64932638164731));
#2106=CARTESIAN_POINT('',(310.83813512312287,288.1690291021028,-154.15711672359089));
#2107=CARTESIAN_POINT('',(276.21052679472001,287.32963513330344,-148.91880223650716));
#2108=CARTESIAN_POINT('',(241.58291846631684,286.49024116450573,-143.68048774942267));
#2109=CARTESIAN_POINT('',(218.4978462473816,285.93064518530616,-140.18827809136658));
#2110=CARTESIAN_POINT('',(206.95531013791393,285.65084719570666,-138.4421732623386));
#2111=CARTESIAN_POINT('',(343.2987407080555,347.71719281604317,-190.91391012270097));
#2112=CARTESIAN_POINT('',(331.93678816054376,347.45380517165472,-186.34394577894497));
#2113=CARTESIAN_POINT('',(309.21288306552009,346.92702988287783,-177.20401709143266));
#2114=CARTESIAN_POINT('',(275.12702542298496,346.13686694971193,-163.49412406016512));
#2115=CARTESIAN_POINT('',(241.0411677804492,345.34670401654705,-149.78423102889673));
#2116=CARTESIAN_POINT('',(218.31726268542576,344.81992872776976,-140.6443023413847));
#2117=CARTESIAN_POINT('',(206.95531013791393,344.55654108338138,-136.07433799762885));
#2118=CARTESIAN_POINT('',(338.92622224025513,474.66512311869212,-214.33700933793861));
#2119=CARTESIAN_POINT('',(327.9286462317267,472.226689644305,-203.46933562293376));
#2120=CARTESIAN_POINT('',(305.93349421466962,467.34982269553086,-181.73398819292402));
#2121=CARTESIAN_POINT('',(272.9407661890848,460.03452227236937,-149.13096704790979));
#2122=CARTESIAN_POINT('',(239.94803816349895,452.7192218492084,-116.52794590289501));
#2123=CARTESIAN_POINT('',(217.95288614644235,447.84235490043397,-94.792598472885402));
#2124=CARTESIAN_POINT('',(206.95531013791393,445.40392142604696,-83.924924757880547));
#2125=CARTESIAN_POINT('',(336.66398476954492,544.98172083038116,-204.12153623923743));
#2126=CARTESIAN_POINT('',(325.85492855024222,540.14376884557521,-189.75830110659371));
#2127=CARTESIAN_POINT('',(304.23681611163693,530.46786487596307,-161.03183084130578));
#2128=CARTESIAN_POINT('',(271.80964745372984,515.95400892154487,-117.94212544337456));
#2129=CARTESIAN_POINT('',(239.38247879582133,501.44015296712672,-74.852420045442742));
#2130=CARTESIAN_POINT('',(217.76436635721649,491.76424899751447,-46.125949780155047));
#2131=CARTESIAN_POINT('',(206.95531013791393,486.9262970127084,-31.762714647511181));
#2132=CARTESIAN_POINT('',(334.45846904521483,598.01463393028962,-171.02488130958392));
#2133=CARTESIAN_POINT('',(323.83320580293969,588.43579812854171,-154.43385102359647));
#2134=CARTESIAN_POINT('',(302.58267931838935,569.27812652504576,-121.25179045162133));
#2135=CARTESIAN_POINT('',(270.70688959156479,540.54161911980202,-71.478699593658931));
#2136=CARTESIAN_POINT('',(238.83109986473869,511.80511171455817,-21.70560873569621));
#2137=CARTESIAN_POINT('',(217.58057338018898,492.64744011106239,11.476451836278823));
#2138=CARTESIAN_POINT('',(206.9553101379139,483.06860430931454,28.067482122266284));
#2139=B_SPLINE_SURFACE_WITH_KNOTS('',3,3,((#2097,#2104,#2111,#2118,#2125,#2132),(#2098,#2105,#2112,#2119,#2126,#2133),(#2099,#2106,#2113,#2120,#2127,#2134),(#2100,#2107,#2114,#2121,#2128,#2135),(#2101,#2108,#2115,#2122,#2129,#2136),(#2102,#2109,#2116,#2123,#2130,#2137),(#2103,#2110,#2117,#2124,#2131,#2138)),.UNSPECIFIED.,.F.,.F.,.F.,(4,1,1,1,4),(4,1,1,4),(0.089248257327254,0.316936192995441,0.544624128663627,0.772312064331814,1.0),(0.0,0.482623689901014,0.495596018502453,1.0),.UNSPECIFIED.);
#2140=CARTESIAN_POINT('',(288.42397808278463,269.80361930629073,-144.48355652646197));
#2141=VERTEX_POINT('',#2140);
#2142=CARTESIAN_POINT('',(316.95781407849574,576.24413618526103,-147.84550590346691));
#2143=VERTEX_POINT('',#2142);
#2144=CARTESIAN_POINT('',(288.42397808278469,269.80361930629101,-144.48355652646205));
#2145=CARTESIAN_POINT('',(289.65084386385109,288.95753475004375,-150.32391991919158));
#2146=CARTESIAN_POINT('',(291.10540645392223,307.39333196087193,-155.63520050390966));
#2147=CARTESIAN_POINT('',(295.14405728783822,349.94312888359906,-166.39292294314717));
#2148=CARTESIAN_POINT('',(297.91426750904321,374.19346484205698,-171.49365074947798));
#2149=CARTESIAN_POINT('',(301.76449284516485,406.8676368143602,-175.55259537115234));
#2150=CARTESIAN_POINT('',(302.7639477215032,415.25366832171522,-176.33026285717023));
#2151=CARTESIAN_POINT('',(305.72385537885611,440.54909786181054,-177.86186403567453));
#2152=CARTESIAN_POINT('',(307.6174380689871,457.4159354332744,-177.80728994770772));
#2153=CARTESIAN_POINT('',(311.1891314837066,491.48706640708446,-175.38400625089281));
#2154=CARTESIAN_POINT('',(312.85423929589393,509.2581714038684,-172.76528835224491));
#2155=CARTESIAN_POINT('',(315.41569177705151,543.95862184198916,-163.4860851398264));
#2156=CARTESIAN_POINT('',(316.30155497269249,560.62707441908401,-156.85707388092462));
#2157=CARTESIAN_POINT('',(316.95781416726322,576.24413614274624,-147.84550583625327));
#2158=B_SPLINE_CURVE_WITH_KNOTS('',3,(#2144,#2145,#2146,#2147,#2148,#2149,#2150,#2151,#2152,#2153,#2154,#2155,#2156,#2157),.UNSPECIFIED.,.F.,.U.,(4,2,2,2,2,2,4),(0.0,6.018627299818957,13.495467908316947,16.156424186058057,21.416104881796592,27.065180104899387,32.783741732184268),.UNSPECIFIED.);
#2159=EDGE_CURVE('',#2141,#2143,#2158,.T.);
#2160=ORIENTED_EDGE('',*,*,#2159,.F.);
#2161=CARTESIAN_POINT('',(235.9812431416731,265.93080862604438,-138.14164336870604));
#2162=VERTEX_POINT('',#2161);
#2163=CARTESIAN_POINT('',(288.42397808278463,269.80361930629073,-144.48355652646197));
#2164=CARTESIAN_POINT('',(279.72148665276535,269.06692844223977,-143.31353915603063));
#2165=CARTESIAN_POINT('',(270.95483739027833,268.38047646524916,-142.20355580995323));
#2166=CARTESIAN_POINT('',(253.50242820391802,267.09877828387414,-140.10117744751443));
#2167=CARTESIAN_POINT('',(244.7248406140219,266.49684494020289,-139.09776605531164));
#2168=CARTESIAN_POINT('',(235.98124316848367,265.93080853738729,-138.14164317601441));
#2169=B_SPLINE_CURVE_WITH_KNOTS('',3,(#2163,#2164,#2165,#2166,#2167,#2168),.UNSPECIFIED.,.F.,.U.,(4,2,4),(0.000000999999998,2.643492687158606,5.28820353356168),.UNSPECIFIED.);
#2170=EDGE_CURVE('',#2141,#2162,#2169,.T.);
#2171=ORIENTED_EDGE('',*,*,#2170,.T.);
#2172=CARTESIAN_POINT('',(237.44596369993707,346.01997256806646,-141.34117813416685));
#2173=VERTEX_POINT('',#2172);
#2174=CARTESIAN_POINT('',(235.98124316848373,265.93080853738729,-138.14164317601441));
#2175=CARTESIAN_POINT('',(236.09052972784264,272.56789443122659,-139.01515667648613));
#2176=CARTESIAN_POINT('',(236.20547332809156,279.2210764427337,-139.77173450110823));
#2177=CARTESIAN_POINT('',(236.44326792670628,292.54362235268121,-141.00184825769963));
#2178=CARTESIAN_POINT('',(236.56613863867216,299.21454528776559,-141.47575471930679));
#2179=CARTESIAN_POINT('',(236.81603369783352,312.57948015885989,-142.08726258330333));
#2180=CARTESIAN_POINT('',(236.94313489297471,319.27808903361273,-142.22467572926388));
#2181=CARTESIAN_POINT('',(237.19632313228476,332.65702735765365,-142.09976201341652));
#2182=CARTESIAN_POINT('',(237.32246860372371,339.34145214073345,-141.83793727171175));
#2183=CARTESIAN_POINT('',(237.44596369993695,346.01997256806658,-141.34117813416682));
#2184=B_SPLINE_CURVE_WITH_KNOTS('',3,(#2174,#2175,#2176,#2177,#2178,#2179,#2180,#2181,#2182,#2183),.UNSPECIFIED.,.F.,.U.,(4,2,2,2,4),(0.0,0.25,0.5,0.75,1.0),.UNSPECIFIED.);
#2185=EDGE_CURVE('',#2162,#2173,#2184,.T.);
#2186=ORIENTED_EDGE('',*,*,#2185,.T.);
#2187=CARTESIAN_POINT('',(283.16873095989956,547.69006141091677,-96.122404060905211));
#2188=VERTEX_POINT('',#2187);
#2189=CARTESIAN_POINT('',(237.44596369993704,346.01997256806658,-141.34117813416688));
#2190=CARTESIAN_POINT('',(237.5293075579458,350.52714475503763,-141.00592738593153));
#2191=CARTESIAN_POINT('',(237.74741712291961,354.99678329059981,-140.62470563779473));
#2192=CARTESIAN_POINT('',(238.08763464466057,359.43371130631635,-140.21088900127378));
#2193=CARTESIAN_POINT('',(238.42824305518144,363.87573707646243,-139.79659691516605));
#2194=CARTESIAN_POINT('',(238.89123859016533,368.28497757076082,-139.34963481173315));
#2195=CARTESIAN_POINT('',(239.46340484894387,372.66613927482268,-138.88091124730519));
#2196=CARTESIAN_POINT('',(239.47000105769769,372.71664742125938,-138.8755075758524));
#2197=CARTESIAN_POINT('',(239.47661177616968,372.76715183563573,-138.87010101145725));
#2198=CARTESIAN_POINT('',(239.48323698227841,372.81765252336459,-138.86469156561378));
#2199=CARTESIAN_POINT('',(240.05197611096858,377.15287118158642,-138.4003190668235));
#2200=CARTESIAN_POINT('',(240.72760082265435,381.46137325312912,-137.91464213176644));
#2201=CARTESIAN_POINT('',(241.49609061044956,385.74585709288186,-137.41497299497254));
#2202=CARTESIAN_POINT('',(242.27465579122111,390.08651325798235,-136.90875287599079));
#2203=CARTESIAN_POINT('',(243.14853125440789,394.40252133932171,-136.38817098977688));
#2204=CARTESIAN_POINT('',(244.10151721975421,398.69981683155697,-135.85779076329999));
#2205=CARTESIAN_POINT('',(244.11870810370942,398.777335610232,-135.84822325102067));
#2206=CARTESIAN_POINT('',(244.1359247304639,398.85484829872848,-135.83865254963055));
#2207=CARTESIAN_POINT('',(244.15316698286847,398.93235492122858,-135.829078695802));
#2208=CARTESIAN_POINT('',(245.09367173882112,403.1600709625335,-135.3068583473644));
#2209=CARTESIAN_POINT('',(246.11037203266849,407.36907896444745,-134.77543936812023));
#2210=CARTESIAN_POINT('',(247.18443455203823,411.5644988871083,-134.24048279147507));
#2211=CARTESIAN_POINT('',(247.20472259826184,411.64374648376423,-134.23037795720444));
#2212=CARTESIAN_POINT('',(247.22503111991955,411.72298923046816,-134.2202718573991));
#2213=CARTESIAN_POINT('',(247.24535998109235,411.8022271460938,-134.21016447356223));
#2214=CARTESIAN_POINT('',(248.32325839443649,416.00366385243308,-133.67424006007974));
#2215=CARTESIAN_POINT('',(249.45837575819098,420.19154462762748,-133.1347495068274));
#2216=CARTESIAN_POINT('',(250.63113043469511,424.36991302581555,-132.58893306307198));
#2217=CARTESIAN_POINT('',(250.65142572188168,424.44222242548096,-132.57948735230303));
#2218=CARTESIAN_POINT('',(250.67173228915328,424.51452897514537,-132.57003974733789));
#2219=CARTESIAN_POINT('',(250.69205003612399,424.58683269191084,-132.56059019755909));
#2220=CARTESIAN_POINT('',(251.86970199413904,428.77768189105541,-132.0128778544825));
#2221=CARTESIAN_POINT('',(253.08487464997472,432.95900767956738,-131.45861152547727));
#2222=CARTESIAN_POINT('',(254.31806085642134,437.13378664307879,-130.88802827010781));
#2223=CARTESIAN_POINT('',(254.33556753168256,437.19305303709064,-130.87992810185347));
#2224=CARTESIAN_POINT('',(254.35307784034404,437.25231811132505,-130.87182464586303));
#2225=CARTESIAN_POINT('',(254.37059173140779,437.31158187058782,-130.86371785739854));
#2226=CARTESIAN_POINT('',(255.60917797247066,441.50272800421669,-130.29040398815215));
#2227=CARTESIAN_POINT('',(256.86563310708948,445.68729788842575,-129.70038221407236));
#2228=CARTESIAN_POINT('',(258.12198999180941,449.86700963529415,-129.0778401349026));
#2229=CARTESIAN_POINT('',(258.13479323248123,449.90960410513378,-129.07149595343239));
#2230=CARTESIAN_POINT('',(258.14759646354031,449.95219807038859,-129.06514839464415));
#2231=CARTESIAN_POINT('',(258.16039966911342,449.99479153165544,-129.05879743724671));
#2232=CARTESIAN_POINT('',(259.42213727094367,454.19231623480192,-128.43291966701071));
#2233=CARTESIAN_POINT('',(260.68358982144554,458.3849439612174,-127.77400033714306));
#2234=CARTESIAN_POINT('',(261.92951764273016,462.57308263602795,-127.06164961549284));
#2235=CARTESIAN_POINT('',(261.93684372516964,462.59770898169199,-127.05746097789807));
#2236=CARTESIAN_POINT('',(261.94416927077981,462.62233517214094,-127.05327049269009));
#2237=CARTESIAN_POINT('',(261.95149427721753,462.64696120721317,-127.04907815514532));
#2238=CARTESIAN_POINT('',(263.20233052427534,466.85216396731835,-126.33318420945791));
#2239=CARTESIAN_POINT('',(264.43742637322589,471.05283665709175,-125.56326233391397));
#2240=CARTESIAN_POINT('',(265.64504905006959,475.24810529908132,-124.71569808365673));
#2241=CARTESIAN_POINT('',(265.64720547249743,475.25559668820767,-124.71418460879971));
#2242=CARTESIAN_POINT('',(265.64936180730217,475.26308806009899,-124.71267088631828));
#2243=CARTESIAN_POINT('',(265.65151805444123,475.27057941474567,-124.71115691606599));
#2244=CARTESIAN_POINT('',(266.86119881462167,479.4733201023684,-123.86180126822195));
#2245=CARTESIAN_POINT('',(268.04328822923617,483.67063590208176,-122.93447300047178));
#2246=CARTESIAN_POINT('',(269.19007235222529,487.86038060133086,-121.90326547315385));
#2247=CARTESIAN_POINT('',(269.19197293399912,487.86732432530897,-121.90155643812956));
#2248=CARTESIAN_POINT('',(269.19387341983156,487.87426803246484,-121.8998471166924));
#2249=CARTESIAN_POINT('',(269.19577380968303,487.88121172277374,-121.89813750872705));
#2250=CARTESIAN_POINT('',(269.77064299686106,489.98168263437884,-121.38097996832212));
#2251=CARTESIAN_POINT('',(270.33672849987903,492.08061176176966,-120.83760119385752));
#2252=CARTESIAN_POINT('',(270.89327430416949,494.17688891258456,-120.26475097837672));
#2253=CARTESIAN_POINT('',(271.44500809200304,496.25504119376569,-119.69685375084951));
#2254=CARTESIAN_POINT('',(271.98736624031528,498.33058682385689,-119.09999190955459));
#2255=CARTESIAN_POINT('',(272.52013414834721,500.40380020464193,-118.47045456014902));
#2256=CARTESIAN_POINT('',(272.52453194595779,500.42091379709893,-118.465257967394));
#2257=CARTESIAN_POINT('',(272.52892911609541,500.43802733588382,-118.46005911466243));
#2258=CARTESIAN_POINT('',(272.53332565845562,500.45514082048845,-118.45485800000283));
#2259=CARTESIAN_POINT('',(272.80170466855725,501.49980266637755,-118.13736532294146));
#2260=CARTESIAN_POINT('',(273.06774430289329,502.54426327417633,-117.81144294988479));
#2261=CARTESIAN_POINT('',(273.33072061954192,503.58566782863085,-117.47753803853766));
#2262=CARTESIAN_POINT('',(273.58847614476974,504.60639768494991,-117.15026204312767));
#2263=CARTESIAN_POINT('',(273.84328856824118,505.62419077828474,-116.81531750842427));
#2264=CARTESIAN_POINT('',(274.09510658292129,506.63871728404445,-116.47248505797278));
#2265=CARTESIAN_POINT('',(274.10009440274166,506.65881225389865,-116.46569449339141));
#2266=CARTESIAN_POINT('',(274.10508105951703,506.67890599160262,-116.45890081682872));
#2267=CARTESIAN_POINT('',(274.11006655319272,506.69899849602939,-116.45210402606956));
#2268=CARTESIAN_POINT('',(274.61778719613307,508.74521095349712,-115.75992162676569));
#2269=CARTESIAN_POINT('',(275.11344511320027,510.77863329513161,-115.03544217939243));
#2270=CARTESIAN_POINT('',(275.59714623306485,512.79809336056144,-114.27626912413027));
#2271=CARTESIAN_POINT('',(275.60231675503655,512.81968037413355,-114.26815394555946));
#2272=CARTESIAN_POINT('',(275.60748591104436,512.84126579251608,-114.26003480287039));
#2273=CARTESIAN_POINT('',(275.61265370121242,512.86284961426566,-114.25191169312552));
#2274=CARTESIAN_POINT('',(276.10092555477542,514.90216860940632,-113.48441035834833));
#2275=CARTESIAN_POINT('',(276.57700435221153,516.92723485265867,-112.68149572359393));
#2276=CARTESIAN_POINT('',(277.0412029131557,518.93681073646508,-111.84074196535184));
#2277=CARTESIAN_POINT('',(277.50033794698828,520.92446595349986,-111.00915923823125));
#2278=CARTESIAN_POINT('',(277.94785045987732,522.89696692956579,-110.14055840947863));
#2279=CARTESIAN_POINT('',(278.38416349008259,524.85309843163338,-109.23259521184337));
#2280=CARTESIAN_POINT('',(278.38865084110205,524.87321666804235,-109.22325707775508));
#2281=CARTESIAN_POINT('',(278.39313700765035,524.89333317276191,-109.21391478038997));
#2282=CARTESIAN_POINT('',(278.39762199018423,524.91344794445399,-109.20456831719292));
#2283=CARTESIAN_POINT('',(279.2747781109332,528.84741981034017,-107.37662197877781));
#2284=CARTESIAN_POINT('',(280.106642856311,532.71511492647437,-105.38935249217828));
#2285=CARTESIAN_POINT('',(280.8981468034832,536.50582549287583,-103.22271821021177));
#2286=CARTESIAN_POINT('',(280.90081308320981,536.51859497402438,-103.21541963250853));
#2287=CARTESIAN_POINT('',(280.90347890549958,536.53136358168229,-103.20811902014154));
#2288=CARTESIAN_POINT('',(280.90614427053941,536.5441313154339,-103.20081637233906));
#2289=CARTESIAN_POINT('',(281.69875696793861,540.3409350317404,-101.02919211586172));
#2290=CARTESIAN_POINT('',(282.45092915132801,544.06047265001257,-98.677591509995096));
#2291=CARTESIAN_POINT('',(283.16873095984454,547.69006141060754,-96.122404061138567));
#2292=B_SPLINE_CURVE_WITH_KNOTS('',3,(#2189,#2190,#2191,#2192,#2193,#2194,#2195,#2196,#2197,#2198,#2199,#2200,#2201,#2202,#2203,#2204,#2205,#2206,#2207,#2208,#2209,#2210,#2211,#2212,#2213,#2214,#2215,#2216,#2217,#2218,#2219,#2220,#2221,#2222,#2223,#2224,#2225,#2226,#2227,#2228,#2229,#2230,#2231,#2232,#2233,#2234,#2235,#2236,#2237,#2238,#2239,#2240,#2241,#2242,#2243,#2244,#2245,#2246,#2247,#2248,#2249,#2250,#2251,#2252,#2253,#2254,#2255,#2256,#2257,#2258,#2259,#2260,#2261,#2262,#2263,#2264,#2265,#2266,#2267,#2268,#2269,#2270,#2271,#2272,#2273,#2274,#2275,#2276,#2277,#2278,#2279,#2280,#2281,#2282,#2283,#2284,#2285,#2286,#2287,#2288,#2289,#2290,#2291),.UNSPECIFIED.,.F.,.U.,(4,3,3,3,3,3,3,3,3,3,3,3,3,3,3,3,3,3,3,3,3,3,3,3,3,3,3,3,3,3,3,3,3,3,4),(0.0,0.062105917275861,0.124283190389315,0.125000000000002,0.186534338211919,0.248875430981765,0.250000000000004,0.311341319291245,0.312500000000004,0.373936796037247,0.375000000000004,0.436625151170349,0.437500000000005,0.499369502298429,0.500000000000005,0.562134646936989,0.562500000000006,0.624888594205498,0.625000000000007,0.687500000000007,0.687603582146363,0.718937249937402,0.750000000000008,0.75025641125516,0.765908574523056,0.781250000000007,0.781553871294379,0.812500000000007,0.812830798569292,0.844085866079493,0.875000000000004,0.875317942763021,0.937500000000002,0.937709468012333,1.0),.UNSPECIFIED.);
#2293=EDGE_CURVE('',#2173,#2188,#2292,.T.);
#2294=ORIENTED_EDGE('',*,*,#2293,.T.);
#2295=CARTESIAN_POINT('',(283.16873095984465,547.69006141060754,-96.122404061138681));
#2296=CARTESIAN_POINT('',(294.42296779644215,557.16061281641464,-113.39532518097326));
#2297=CARTESIAN_POINT('',(305.6936573845968,566.67960250502392,-130.630920614312));
#2298=CARTESIAN_POINT('',(316.95781416475182,576.24413608298198,-147.84550587073934));
#2299=QUASI_UNIFORM_CURVE('',3,(#2295,#2296,#2297,#2298),.UNSPECIFIED.,.F.,.U.);
#2300=EDGE_CURVE('',#2188,#2143,#2299,.T.);
#2301=ORIENTED_EDGE('',*,*,#2300,.T.);
#2302=EDGE_LOOP('',(#2160,#2171,#2186,#2294,#2301));
#2303=FACE_OUTER_BOUND('',#2302,.T.);
#2304=ADVANCED_FACE('',(#2303),#2139,.T.);
#2305=CARTESIAN_POINT('',(206.9553101379139,267.84037228119752,175.13958544165371));
#2306=CARTESIAN_POINT('',(218.67370299713906,267.84037228119752,175.13958544165371));
#2307=CARTESIAN_POINT('',(242.11048871558938,267.84037228119695,175.13958544165359));
#2308=CARTESIAN_POINT('',(277.2656672932651,267.8403722811982,175.13958544165416));
#2309=CARTESIAN_POINT('',(312.42084587094035,267.84037228119712,175.13958544165337));
#2310=CARTESIAN_POINT('',(335.85763158939085,267.84037228119752,175.13958544165371));
#2311=CARTESIAN_POINT('',(347.57602444861607,267.84037228119752,175.13958544165371));
#2312=CARTESIAN_POINT('',(209.06559113500407,287.583650856801,127.51547728312757));
#2313=CARTESIAN_POINT('',(220.60812724447175,286.21137871199176,126.40011270169255));
#2314=CARTESIAN_POINT('',(243.69319946340698,283.46683442237281,124.16938353882217));
#2315=CARTESIAN_POINT('',(278.32080779181024,279.35001798794622,120.82328979451756));
#2316=CARTESIAN_POINT('',(312.94841612021281,275.23320155351774,117.47719605021173));
#2317=CARTESIAN_POINT('',(336.03348833914833,272.4886572638996,115.24646688734192));
#2318=CARTESIAN_POINT('',(347.57602444861607,271.1163851190903,114.13110230590689));
#2319=CARTESIAN_POINT('',(211.2325938784744,315.86148850964935,78.554963497468876));
#2320=CARTESIAN_POINT('',(222.59454642598615,312.03547711576192,76.041880934507645));
#2321=CARTESIAN_POINT('',(245.31845152100968,304.38345432798644,71.01571580858473));
#2322=CARTESIAN_POINT('',(279.40430916354546,292.90542014632445,63.476468119700975));
#2323=CARTESIAN_POINT('',(313.49016680608042,281.4273859646612,55.937220430816339));
#2324=CARTESIAN_POINT('',(336.21407190110415,273.77536317688634,50.911055304893871));
#2325=CARTESIAN_POINT('',(347.57602444861607,269.94935178299875,48.397972741932527));
#2326=CARTESIAN_POINT('',(215.60511234627481,405.62682665813577,16.446103789197032));
#2327=CARTESIAN_POINT('',(226.60268835480321,397.43436187809465,8.900521597437038));
#2328=CARTESIAN_POINT('',(248.59784037185992,381.04943231801235,-6.19064278608289));
#2329=CARTESIAN_POINT('',(281.59056839744579,356.47203797788961,-28.827389361362698));
#2330=CARTESIAN_POINT('',(314.58329642303045,331.89464363776602,-51.46413593664284));
#2331=CARTESIAN_POINT('',(336.57844844008764,315.50971407768395,-66.555300320162715));
#2332=CARTESIAN_POINT('',(347.57602444861607,307.31724929764295,-74.100882511922649));
#2333=CARTESIAN_POINT('',(217.8673498169851,469.0576775422104,4.692333425242889));
#2334=CARTESIAN_POINT('',(228.67640603628763,459.03772702921464,-6.679073462210527));
#2335=CARTESIAN_POINT('',(250.29451847489253,438.99782600322311,-29.421887237117026));
#2336=CARTESIAN_POINT('',(282.72168713280098,408.93797446423605,-63.536107899476946));
#2337=CARTESIAN_POINT('',(315.14885579070796,378.87812292524876,-97.650328561836972));
#2338=CARTESIAN_POINT('',(336.76696822931348,358.83822189925741,-120.39314233674359));
#2339=CARTESIAN_POINT('',(347.57602444861607,348.81827138626164,-131.76454922419688));
#2340=CARTESIAN_POINT('',(220.07286554131514,519.11578244123393,34.368061871703546));
#2341=CARTESIAN_POINT('',(230.69812878359016,509.53694663948568,17.777031585716252));
#2342=CARTESIAN_POINT('',(251.94865526814002,490.37927503598905,-15.405028986258451));
#2343=CARTESIAN_POINT('',(283.82444499496609,461.64276763074434,-65.178119844220447));
#2344=CARTESIAN_POINT('',(315.70023472179037,432.90626022549952,-114.95121070218239));
#2345=CARTESIAN_POINT('',(336.95076120634093,413.7485886220029,-148.13327127415698));
#2346=CARTESIAN_POINT('',(347.57602444861607,404.1697528202547,-164.72430156014434));
#2347=B_SPLINE_SURFACE_WITH_KNOTS('',3,3,((#2305,#2312,#2319,#2326,#2333,#2340),(#2306,#2313,#2320,#2327,#2334,#2341),(#2307,#2314,#2321,#2328,#2335,#2342),(#2308,#2315,#2322,#2329,#2336,#2343),(#2309,#2316,#2323,#2330,#2337,#2344),(#2310,#2317,#2324,#2331,#2338,#2345),(#2311,#2318,#2325,#2332,#2339,#2346)),.UNSPECIFIED.,.F.,.F.,.F.,(4,1,1,1,4),(4,1,1,4),(0.089248257327255,0.316936192995441,0.544624128663627,0.772312064331814,1.0),(0.0,0.482623689901014,0.495596018502453,1.0),.UNSPECIFIED.);
#2348=CARTESIAN_POINT('',(233.84787781748832,305.38994441956424,90.358555678868058));
#2349=VERTEX_POINT('',#2348);
#2350=CARTESIAN_POINT('',(235.141445886329,275.47023489905365,153.11445202173022));
#2351=VERTEX_POINT('',#2350);
#2352=CARTESIAN_POINT('',(233.84787781748827,305.38994441956424,90.358555678868058));
#2353=CARTESIAN_POINT('',(233.96269000994295,302.31079304961162,95.285328303668564));
#2354=CARTESIAN_POINT('',(234.07828158286918,299.40134401431266,100.31893220222075));
#2355=CARTESIAN_POINT('',(234.19246831374832,296.64908291651778,105.42642336570586));
#2356=CARTESIAN_POINT('',(234.19959830385557,296.47722762082105,105.74534274616441));
#2357=CARTESIAN_POINT('',(234.20672282539712,296.30597797099631,106.06455879630197));
#2358=CARTESIAN_POINT('',(234.21384144605926,296.13532750148869,106.38406830262646));
#2359=CARTESIAN_POINT('',(234.32072747470949,293.57301215436428,111.18150082050697));
#2360=CARTESIAN_POINT('',(234.42628504192862,291.14581778902794,116.0451099307362));
#2361=CARTESIAN_POINT('',(234.52919060161523,288.83448376319495,120.96550829419796));
#2362=CARTESIAN_POINT('',(234.54235039949808,288.53890509171862,121.59474006907399));
#2363=CARTESIAN_POINT('',(234.55546727689281,288.24520813448663,122.22492694465029));
#2364=CARTESIAN_POINT('',(234.56853817427341,287.95335745283887,122.85603857159229));
#2365=CARTESIAN_POINT('',(234.66448488439678,285.81103226000641,127.48870322823655));
#2366=CARTESIAN_POINT('',(234.75795322585441,283.76826808841975,132.17122862784822));
#2367=CARTESIAN_POINT('',(234.84812818136106,281.81293441863227,136.89281425865079));
#2368=CARTESIAN_POINT('',(234.95058756798542,279.59122787797787,142.25761610311235));
#2369=CARTESIAN_POINT('',(235.04870062267204,277.48438021689361,147.66773637846947));
#2370=CARTESIAN_POINT('',(235.141445886329,275.47023489905365,153.11445202173022));
#2371=B_SPLINE_CURVE_WITH_KNOTS('',3,(#2352,#2353,#2354,#2355,#2356,#2357,#2358,#2359,#2360,#2361,#2362,#2363,#2364,#2365,#2366,#2367,#2368,#2369,#2370),.UNSPECIFIED.,.F.,.U.,(4,3,3,3,3,3,4),(0.0,0.25,0.265610373579234,0.5,0.529974280485189,0.75,0.999999571792454),.UNSPECIFIED.);
#2372=EDGE_CURVE('',#2349,#2351,#2371,.T.);
#2373=ORIENTED_EDGE('',*,*,#2372,.T.);
#2374=CARTESIAN_POINT('',(288.4239780827844,272.76966611454634,149.09036431629823));
#2375=VERTEX_POINT('',#2374);
#2376=CARTESIAN_POINT('',(235.14145321205248,275.47030649736206,153.11451070045899));
#2377=CARTESIAN_POINT('',(244.01908725422174,275.0490107584119,152.49871486432059));
#2378=CARTESIAN_POINT('',(252.91894105504821,274.61379963686693,151.8571377599815));
#2379=CARTESIAN_POINT('',(270.66236426588739,273.71611932078247,150.52056066292533));
#2380=CARTESIAN_POINT('',(279.55960200874722,273.25094084285695,149.82153504173544));
#2381=CARTESIAN_POINT('',(288.42397808278434,272.76966611454651,149.09036431629812));
#2382=B_SPLINE_CURVE_WITH_KNOTS('',3,(#2376,#2377,#2378,#2379,#2380,#2381),.UNSPECIFIED.,.F.,.U.,(4,2,4),(0.00000545781019,2.672684719910123,5.344697278965796),.UNSPECIFIED.);
#2383=EDGE_CURVE('',#2351,#2375,#2382,.T.);
#2384=ORIENTED_EDGE('',*,*,#2383,.T.);
#2385=CARTESIAN_POINT('',(328.18617287148163,414.45720584672267,-131.26344384846197));
#2386=VERTEX_POINT('',#2385);
#2387=CARTESIAN_POINT('',(328.18617212649622,414.45720562214933,-131.2634443094));
#2388=CARTESIAN_POINT('',(328.02492299699139,411.94091381482667,-129.77686588938431));
#2389=CARTESIAN_POINT('',(327.85466599816516,409.46680429433184,-128.22920532549642));
#2390=CARTESIAN_POINT('',(327.67431862797969,407.03476706877166,-126.62277193711822));
#2391=CARTESIAN_POINT('',(327.02801275310367,398.31914263143852,-120.86584110170627));
#2392=CARTESIAN_POINT('',(326.24992932340513,390.12678129784939,-114.3376382140026));
#2393=CARTESIAN_POINT('',(325.29438385900198,382.511584986461,-107.19212194899343));
#2394=CARTESIAN_POINT('',(324.38430441751939,375.25872903765742,-100.38659809500686));
#2395=CARTESIAN_POINT('',(323.3187979128848,368.57497406800172,-93.071730326735064));
#2396=CARTESIAN_POINT('',(322.06778363890203,362.36797739469853,-85.313527433289366));
#2397=CARTESIAN_POINT('',(321.10881678779583,357.60999486930791,-79.366465474287992));
#2398=CARTESIAN_POINT('',(320.05292670494521,353.19246214142601,-73.235229755404731));
#2399=CARTESIAN_POINT('',(318.90629583503477,349.03448022577089,-66.937361142845219));
#2400=CARTESIAN_POINT('',(317.94842540246066,345.56099277597377,-61.676258995230441));
#2401=CARTESIAN_POINT('',(316.92803696383658,342.27132044348957,-56.303588734028722));
#2402=CARTESIAN_POINT('',(315.85620617477667,339.09798858460539,-50.78830334808864));
#2403=CARTESIAN_POINT('',(314.80111063389421,335.9742041885761,-45.359131993061716));
#2404=CARTESIAN_POINT('',(313.68085283923472,332.92683730691988,-39.718812829224497));
#2405=CARTESIAN_POINT('',(312.58223611062658,330.02915823124903,-34.100349990038652));
#2406=CARTESIAN_POINT('',(312.40850354482558,329.57092634056767,-33.211860001226711));
#2407=CARTESIAN_POINT('',(312.23537768684895,329.1163529058955,-32.323947302961024));
#2408=CARTESIAN_POINT('',(312.06314415313511,328.66575512287409,-31.437529162386085));
#2409=CARTESIAN_POINT('',(311.46404847058523,327.09839956467448,-28.354219719087933));
#2410=CARTESIAN_POINT('',(310.87620005981012,325.57973334425594,-25.290215614254834));
#2411=CARTESIAN_POINT('',(310.30933930480847,324.12138854041291,-22.280640016625046));
#2412=CARTESIAN_POINT('',(309.71971752341392,322.60448716111904,-19.150221638815285));
#2413=CARTESIAN_POINT('',(309.13448124366431,321.10571936357815,-15.981537908954111));
#2414=CARTESIAN_POINT('',(308.56077217786344,319.63846337772105,-12.799092253735264));
#2415=CARTESIAN_POINT('',(307.48299513995164,316.88205790225942,-6.82050997909562));
#2416=CARTESIAN_POINT('',(306.45729499678163,314.25759934199095,-0.846683910914487));
#2417=CARTESIAN_POINT('',(305.4543137831609,311.75457221132478,5.222108289940628));
#2418=CARTESIAN_POINT('',(305.21792100748706,311.164633413898,6.652462731145832));
#2419=CARTESIAN_POINT('',(304.98238393692003,310.58100760454187,8.089636193196121));
#2420=CARTESIAN_POINT('',(304.74673112439996,310.00323795093448,9.536172380647869));
#2421=CARTESIAN_POINT('',(304.7274491381898,309.95596269724922,9.654533330897984));
#2422=CARTESIAN_POINT('',(304.70816629977071,309.9087267400613,9.772956985452396));
#2423=CARTESIAN_POINT('',(304.68888201083098,309.86152981018824,9.891444717564241));
#2424=CARTESIAN_POINT('',(304.36174245703648,309.06087894733531,11.901475988836241));
#2425=CARTESIAN_POINT('',(304.03417960550701,308.27143066119055,13.929929811204556));
#2426=CARTESIAN_POINT('',(303.70557519894618,307.49047915276623,15.983362235787819));
#2427=CARTESIAN_POINT('',(302.86774486609039,305.49931637714997,21.218921885737394));
#2428=CARTESIAN_POINT('',(302.03505324102622,303.59224592813342,26.543660486291451));
#2429=CARTESIAN_POINT('',(301.22334628985232,301.77853850670971,31.894033865506874));
#2430=CARTESIAN_POINT('',(299.40296029968948,297.71100209416653,43.893123841979971));
#2431=CARTESIAN_POINT('',(297.6759530288503,294.07770161390056,56.108276058963739));
#2432=CARTESIAN_POINT('',(296.11096774884265,290.76107508005481,68.444799627568244));
#2433=CARTESIAN_POINT('',(295.17690163391296,288.78153667754236,75.807890379072347));
#2434=CARTESIAN_POINT('',(294.29849355464285,286.91165016034307,83.230051786665186));
#2435=CARTESIAN_POINT('',(293.48886302055797,285.14238856799881,90.642000204317299));
#2436=CARTESIAN_POINT('',(292.65183487807752,283.31325579464573,98.304766311824721));
#2437=CARTESIAN_POINT('',(291.89623471003119,281.60974769790641,105.87381613768009));
#2438=CARTESIAN_POINT('',(291.20494710695476,279.9742901217835,113.47557501110884));
#2439=CARTESIAN_POINT('',(290.14637111677922,277.46989670386318,125.11622846808442));
#2440=CARTESIAN_POINT('',(289.23970142348605,275.12733419037721,136.83435161504275));
#2441=CARTESIAN_POINT('',(288.42397808278463,272.76966611454651,149.09036431629806));
#2442=B_SPLINE_CURVE_WITH_KNOTS('',3,(#2387,#2388,#2389,#2390,#2391,#2392,#2393,#2394,#2395,#2396,#2397,#2398,#2399,#2400,#2401,#2402,#2403,#2404,#2405,#2406,#2407,#2408,#2409,#2410,#2411,#2412,#2413,#2414,#2415,#2416,#2417,#2418,#2419,#2420,#2421,#2422,#2423,#2424,#2425,#2426,#2427,#2428,#2429,#2430,#2431,#2432,#2433,#2434,#2435,#2436,#2437,#2438,#2439,#2440,#2441),.UNSPECIFIED.,.F.,.U.,(4,3,3,3,3,3,3,3,3,3,3,3,3,3,3,3,3,3,4),(0.000000999972237,0.878116969022747,4.024996843324963,7.022144320977025,9.319612174636761,11.238866735594131,13.128154624833332,13.426921996553798,14.466151922486485,15.547109802883863,17.577810818242252,18.056427010714376,18.095589160847577,18.759937655117692,20.45380209811794,24.252570972541601,26.519877463776588,28.863908797695466,32.453348676644765),.UNSPECIFIED.);
#2443=EDGE_CURVE('',#2386,#2375,#2442,.T.);
#2444=ORIENTED_EDGE('',*,*,#2443,.F.);
#2445=CARTESIAN_POINT('',(293.71083723544217,443.16241314551019,-79.380530775909648));
#2446=VERTEX_POINT('',#2445);
#2447=CARTESIAN_POINT('',(328.18617209024865,414.45720565285842,-131.26344425429193));
#2448=CARTESIAN_POINT('',(316.7957517858398,424.09748161751401,-113.94173935143488));
#2449=CARTESIAN_POINT('',(305.32823320534703,433.67520141136828,-96.635831158106214));
#2450=CARTESIAN_POINT('',(293.71083723544211,443.1624131455103,-79.380530775909648));
#2451=B_SPLINE_CURVE_WITH_KNOTS('',3,(#2447,#2448,#2449,#2450),.UNSPECIFIED.,.F.,.U.,(4,4),(1.060815E-009,0.999999999999999),.UNSPECIFIED.);
#2452=EDGE_CURVE('',#2386,#2446,#2451,.T.);
#2453=ORIENTED_EDGE('',*,*,#2452,.T.);
#2454=CARTESIAN_POINT('',(293.71083723544223,443.16241314551019,-79.380530775909719));
#2455=CARTESIAN_POINT('',(292.77966016301565,438.93910166598948,-77.177279619680007));
#2456=CARTESIAN_POINT('',(291.78812718561335,434.90226655164525,-74.754581116862482));
#2457=CARTESIAN_POINT('',(290.72747466517023,431.03029736503777,-72.144350715658462));
#2458=CARTESIAN_POINT('',(289.66682214472706,427.15832817843034,-69.534120314454483));
#2459=CARTESIAN_POINT('',(288.53693491064627,423.45150412259034,-66.736039651265003));
#2460=CARTESIAN_POINT('',(287.33030941103164,419.89162378743276,-63.77703989249013));
#2461=CARTESIAN_POINT('',(286.123683911417,416.33174345227519,-60.818040133715257));
#2462=CARTESIAN_POINT('',(284.84016599538018,412.91900905353452,-57.697919807644638));
#2463=CARTESIAN_POINT('',(283.47552285420841,409.63506518658983,-54.442465991305305));
#2464=CARTESIAN_POINT('',(282.79320128362252,407.99309325311754,-52.814739083135663));
#2465=CARTESIAN_POINT('',(282.0894560789053,406.38083784503124,-51.150394615364732));
#2466=CARTESIAN_POINT('',(281.37055959235221,404.80898837649806,-49.467354604699651));
#2467=CARTESIAN_POINT('',(280.65166310579917,403.23713890796483,-47.784314594034576));
#2468=CARTESIAN_POINT('',(279.91679149679408,401.70344143782995,-46.08056601477125));
#2469=CARTESIAN_POINT('',(279.16650114650861,400.20332284746632,-44.359203326870983));
#2470=CARTESIAN_POINT('',(277.66592044593773,397.20308566673884,-40.916477951070462));
#2471=CARTESIAN_POINT('',(276.10325935636928,394.33715271973824,-37.403487102615614));
#2472=CARTESIAN_POINT('',(274.48748690630202,391.56957238059181,-33.842487135859528));
#2473=CARTESIAN_POINT('',(272.87171445623471,388.80199204144532,-30.281487169103439));
#2474=CARTESIAN_POINT('',(271.20279724043706,386.13275192578845,-26.672502197373419));
#2475=CARTESIAN_POINT('',(269.49638318069168,383.52624753061718,-23.034524773505169));
#2476=CARTESIAN_POINT('',(267.78996912094624,380.91974313544591,-19.39654734963694));
#2477=CARTESIAN_POINT('',(266.04609290140132,378.37584550306366,-15.729656174441439));
#2478=CARTESIAN_POINT('',(264.28709501170511,375.86037943676553,-12.04878222892612));
#2479=CARTESIAN_POINT('',(262.52809712200883,373.34491337046734,-8.367908283410801));
#2480=CARTESIAN_POINT('',(260.75409220242659,370.85766913215986,-4.673153325831155));
#2481=CARTESIAN_POINT('',(258.99299103871454,368.36848906072788,-0.973999256766901));
#2482=CARTESIAN_POINT('',(257.23188987500242,365.87930898929585,2.72515481229739));
#2483=CARTESIAN_POINT('',(255.48386788271287,363.38796351413572,6.428619116037098));
#2484=CARTESIAN_POINT('',(253.78019671289167,360.87167394531008,10.133824001700349));
#2485=CARTESIAN_POINT('',(252.07652554307046,358.35538437648438,13.839028887363618));
#2486=CARTESIAN_POINT('',(250.41739659713966,355.81396595040354,17.545925458212537));
#2487=CARTESIAN_POINT('',(248.83464229280807,353.23517983287763,21.259906587331653));
#2488=CARTESIAN_POINT('',(247.25188798847651,350.65639371535178,24.973887716450768));
#2489=CARTESIAN_POINT('',(245.74566999144778,348.04013469443782,28.694949297856901));
#2490=CARTESIAN_POINT('',(244.3456975282113,345.38689008201806,32.436836440792867));
#2491=CARTESIAN_POINT('',(244.26718041596956,345.23808350866835,32.646699263464839));
#2492=CARTESIAN_POINT('',(244.18900931458296,345.08918330154142,32.856600255306972));
#2493=CARTESIAN_POINT('',(244.1111895682555,344.94019591036277,33.066537306131629));
#2494=CARTESIAN_POINT('',(243.68680036386729,344.12769467012276,34.211426902612644));
#2495=CARTESIAN_POINT('',(243.27286021254167,343.31259590612098,35.35738968015491));
#2496=CARTESIAN_POINT('',(242.87023913844874,342.49581527030796,36.504123549160724));
#2497=CARTESIAN_POINT('',(242.68850459790738,342.12713796272544,37.021734688310467));
#2498=CARTESIAN_POINT('',(242.50907631006328,341.75811884384393,37.539502799439973));
#2499=CARTESIAN_POINT('',(242.33203464833863,341.38880388584789,38.057400897551275));
#2500=CARTESIAN_POINT('',(241.6908469738934,340.05126447987658,39.933060411208913));
#2501=CARTESIAN_POINT('',(241.08055888764926,338.7093676448718,41.811239410617382));
#2502=CARTESIAN_POINT('',(240.50350806919579,337.36428408270388,43.693164205257688));
#2503=CARTESIAN_POINT('',(239.34940643228882,334.67411695836796,47.45701379453827));
#2504=CARTESIAN_POINT('',(238.32856157036602,331.97096200809307,51.235735302311099));
#2505=CARTESIAN_POINT('',(237.45567720773025,329.26783802659492,55.040945875195675));
#2506=CARTESIAN_POINT('',(236.58279284509447,326.56471404509682,58.846156448080229));
#2507=CARTESIAN_POINT('',(235.85777504213985,323.86175433505719,62.677931300873951));
#2508=CARTESIAN_POINT('',(235.29100951322093,321.1750327799756,66.54922409194586));
#2509=CARTESIAN_POINT('',(234.15747845538303,315.80158966981236,74.291809674089663));
#2510=CARTESIAN_POINT('',(233.65758509404824,310.49341024096924,82.192794181767425));
#2511=CARTESIAN_POINT('',(233.84787781748832,305.38994441956424,90.3585556788681));
#2512=B_SPLINE_CURVE_WITH_KNOTS('',3,(#2454,#2455,#2456,#2457,#2458,#2459,#2460,#2461,#2462,#2463,#2464,#2465,#2466,#2467,#2468,#2469,#2470,#2471,#2472,#2473,#2474,#2475,#2476,#2477,#2478,#2479,#2480,#2481,#2482,#2483,#2484,#2485,#2486,#2487,#2488,#2489,#2490,#2491,#2492,#2493,#2494,#2495,#2496,#2497,#2498,#2499,#2500,#2501,#2502,#2503,#2504,#2505,#2506,#2507,#2508,#2509,#2510,#2511),.UNSPECIFIED.,.F.,.U.,(4,3,3,3,3,3,3,3,3,3,3,3,3,3,3,3,3,3,3,4),(0.0,0.0625,0.125000000000001,0.187500000000001,0.218750000000001,0.250000000000001,0.312500000000001,0.375000000000001,0.437500000000001,0.500000000000001,0.562500000000001,0.625000000000001,0.687500000000001,0.691005297171178,0.710121400060549,0.718750000000001,0.750000000000001,0.812500000000001,0.875,1.0),.UNSPECIFIED.);
#2513=EDGE_CURVE('',#2446,#2349,#2512,.T.);
#2514=ORIENTED_EDGE('',*,*,#2513,.T.);
#2515=EDGE_LOOP('',(#2373,#2384,#2444,#2453,#2514));
#2516=FACE_OUTER_BOUND('',#2515,.T.);
#2517=ADVANCED_FACE('',(#2516),#2347,.T.);
#2518=CARTESIAN_POINT('',(347.57602444861607,250.87941035806881,164.54120015698987));
#2519=CARTESIAN_POINT('',(335.85763158939085,250.87941035806881,164.54120015698987));
#2520=CARTESIAN_POINT('',(312.42084587094052,250.87941035806926,164.54120015698976));
#2521=CARTESIAN_POINT('',(277.2656672932651,250.8794103580683,164.54120015699007));
#2522=CARTESIAN_POINT('',(242.11048871558938,250.87941035806926,164.54120015698942));
#2523=CARTESIAN_POINT('',(218.67370299713906,250.87941035806881,164.54120015698987));
#2524=CARTESIAN_POINT('',(206.9553101379139,250.87941035806881,164.54120015698987));
#2525=CARTESIAN_POINT('',(345.4657434515259,256.10040519387093,102.39707227127386));
#2526=CARTESIAN_POINT('',(333.92320734205828,257.47267733868006,103.51243685270889));
#2527=CARTESIAN_POINT('',(310.83813512312287,260.21722162829883,105.74316601557904));
#2528=CARTESIAN_POINT('',(276.21052679472001,264.33403806272571,109.08925975988454));
#2529=CARTESIAN_POINT('',(241.58291846631684,268.45085449715413,112.43535350418904));
#2530=CARTESIAN_POINT('',(218.4978462473816,271.19539878677222,114.66608266705953));
#2531=CARTESIAN_POINT('',(206.95531013791393,272.5676709315814,115.78144724849453));
#2532=CARTESIAN_POINT('',(343.2987407080555,258.15898663998331,35.794546791036886));
#2533=CARTESIAN_POINT('',(331.93678816054376,261.98499803387085,38.307629353998287));
#2534=CARTESIAN_POINT('',(309.21288306552009,269.63702082164627,43.333794479920975));
#2535=CARTESIAN_POINT('',(275.12702542298496,281.11505500330827,50.873042168805284));
#2536=CARTESIAN_POINT('',(241.0411677804492,292.59308918497163,58.412289857689039));
#2537=CARTESIAN_POINT('',(218.31726268542576,300.24511197274649,63.438454983612004));
#2538=CARTESIAN_POINT('',(206.95531013791393,304.07112336663397,65.951537546573235));
#2539=CARTESIAN_POINT('',(338.92622224025513,301.34795283554837,-85.857135416532273));
#2540=CARTESIAN_POINT('',(327.9286462317267,309.54041761558943,-78.311553224772283));
#2541=CARTESIAN_POINT('',(305.93349421466962,325.92534717567167,-63.220388841252415));
#2542=CARTESIAN_POINT('',(272.9407661890848,350.50274151579453,-40.583642265972493));
#2543=CARTESIAN_POINT('',(239.94803816349895,375.08013585591806,-17.946895690692688));
#2544=CARTESIAN_POINT('',(217.95288614644235,391.46506541600013,-2.855731307172593));
#2545=CARTESIAN_POINT('',(206.95531013791393,399.65753019604119,4.689850884587399));
#2546=CARTESIAN_POINT('',(336.66398476954492,345.3531109065446,-141.64535879319541));
#2547=CARTESIAN_POINT('',(325.85492855024222,355.37306141954019,-130.27395190574219));
#2548=CARTESIAN_POINT('',(304.23681611163693,375.41296244553178,-107.53113813083547));
#2549=CARTESIAN_POINT('',(271.80964745372984,405.47281398451872,-73.416917468475731));
#2550=CARTESIAN_POINT('',(239.38247879582133,435.53266552350613,-39.302696806115755));
#2551=CARTESIAN_POINT('',(217.76436635721649,455.57256654949754,-16.559883031209033));
#2552=CARTESIAN_POINT('',(206.95531013791393,465.59251706249324,-5.188476143755727));
#2553=CARTESIAN_POINT('',(334.45846904521483,400.53211140586609,-171.02488130958193));
#2554=CARTESIAN_POINT('',(323.83320580293969,410.11094720761434,-154.43385102359463));
#2555=CARTESIAN_POINT('',(302.58267931838935,429.26861881111085,-121.25179045161993));
#2556=CARTESIAN_POINT('',(270.70688959156479,458.00512621635562,-71.478699593658092));
#2557=CARTESIAN_POINT('',(238.83109986473869,486.7416336216005,-21.705608735696046));
#2558=CARTESIAN_POINT('',(217.58057338018898,505.89930522509701,11.476451836278601));
#2559=CARTESIAN_POINT('',(206.9553101379139,515.47814102684538,28.067482122265901));
#2560=B_SPLINE_SURFACE_WITH_KNOTS('',3,3,((#2518,#2525,#2532,#2539,#2546,#2553),(#2519,#2526,#2533,#2540,#2547,#2554),(#2520,#2527,#2534,#2541,#2548,#2555),(#2521,#2528,#2535,#2542,#2549,#2556),(#2522,#2529,#2536,#2543,#2550,#2557),(#2523,#2530,#2537,#2544,#2551,#2558),(#2524,#2531,#2538,#2545,#2552,#2559)),.UNSPECIFIED.,.F.,.F.,.F.,(4,1,1,1,4),(4,1,1,4),(0.089248257327254,0.316936192995441,0.544624128663627,0.772312064331814,1.0),(0.0,0.482623689901014,0.495596018502453,1.0),.UNSPECIFIED.);
#2561=CARTESIAN_POINT('',(288.42397808278463,259.41206560614444,126.48485754822832));
#2562=VERTEX_POINT('',#2561);
#2563=CARTESIAN_POINT('',(316.95781407849739,409.72079047895079,-140.58138950632255));
#2564=VERTEX_POINT('',#2563);
#2565=CARTESIAN_POINT('',(288.42397808278463,259.41206560614455,126.48485754822822));
#2566=CARTESIAN_POINT('',(289.65084386385172,263.9311202625866,106.97689849562505));
#2567=CARTESIAN_POINT('',(291.10540645392234,268.54931495500642,88.355389479676461));
#2568=CARTESIAN_POINT('',(295.14405728783845,280.50775249712808,46.127323199107842));
#2569=CARTESIAN_POINT('',(297.91426750904344,288.21556061828477,22.575552305611279));
#2570=CARTESIAN_POINT('',(301.76449284516502,301.03749744951187,-7.750582980860984));
#2571=CARTESIAN_POINT('',(302.76394772150331,304.55703340460099,-15.401933046176875));
#2572=CARTESIAN_POINT('',(305.72385537886976,315.8783426456497,-38.0742182168946));
#2573=CARTESIAN_POINT('',(307.61743806901478,324.35902397801897,-52.6540409914113));
#2574=CARTESIAN_POINT('',(311.18913148373468,343.4932147069992,-80.948864102011058));
#2575=CARTESIAN_POINT('',(312.85423929591127,354.64664343093102,-95.029733533150988));
#2576=CARTESIAN_POINT('',(315.41569177705617,380.03289435875308,-120.44160352901466));
#2577=CARTESIAN_POINT('',(316.30155497269647,394.10801279949254,-131.56240127310025));
#2578=CARTESIAN_POINT('',(316.95781416726504,409.72079051590191,-140.58138943589725));
#2579=B_SPLINE_CURVE_WITH_KNOTS('',3,(#2565,#2566,#2567,#2568,#2569,#2570,#2571,#2572,#2573,#2574,#2575,#2576,#2577,#2578),.UNSPECIFIED.,.F.,.U.,(4,2,2,2,2,2,4),(0.0,6.018627299822898,13.49546790832744,16.156424186070545,21.416104881848749,27.065180104932963,32.78374173220579),.UNSPECIFIED.);
#2580=EDGE_CURVE('',#2562,#2564,#2579,.T.);
#2581=ORIENTED_EDGE('',*,*,#2580,.F.);
#2582=CARTESIAN_POINT('',(235.98124314167291,262.96791816923269,133.00976656024724));
#2583=VERTEX_POINT('',#2582);
#2584=CARTESIAN_POINT('',(288.42397808278457,259.41206560614449,126.48485754822835));
#2585=CARTESIAN_POINT('',(279.72148339897115,260.05698518091197,127.70785969371889));
#2586=CARTESIAN_POINT('',(270.95484069052583,260.67503250365496,128.85733535136129));
#2587=CARTESIAN_POINT('',(253.50242820391574,261.85489670631836,131.01850812631344));
#2588=CARTESIAN_POINT('',(244.72484061401656,262.42290979057725,132.04150338941935));
#2589=CARTESIAN_POINT('',(235.98124316848333,262.96791829178011,133.00976673337249));
#2590=B_SPLINE_CURVE_WITH_KNOTS('',3,(#2584,#2585,#2586,#2587,#2588,#2589),.UNSPECIFIED.,.F.,.U.,(4,2,4),(0.000000999999989,2.643493187274034,5.288203533564668),.UNSPECIFIED.);
#2591=EDGE_CURVE('',#2562,#2583,#2590,.T.);
#2592=ORIENTED_EDGE('',*,*,#2591,.T.);
#2593=CARTESIAN_POINT('',(237.44596369993704,300.24162175306293,62.050748635869155));
#2594=VERTEX_POINT('',#2593);
#2595=CARTESIAN_POINT('',(235.98124316848345,262.96791829177914,133.00976673337436));
#2596=CARTESIAN_POINT('',(236.09052972784229,265.52997635674171,126.82512499197426));
#2597=CARTESIAN_POINT('',(236.20547332809144,268.20135174643332,120.68501144169466));
#2598=CARTESIAN_POINT('',(236.44326792670628,273.7973149386541,108.5322913622997));
#2599=CARTESIAN_POINT('',(236.56613863867216,276.72236137142681,102.51814940302494));
#2600=CARTESIAN_POINT('',(236.81603369783352,282.87524746213904,90.638022352734581));
#2601=CARTESIAN_POINT('',(236.94313489297474,286.10554862429973,84.768150324202452));
#2602=CARTESIAN_POINT('',(237.19632313228487,292.90319623752487,73.244106717841476));
#2603=CARTESIAN_POINT('',(237.32246860372379,296.47215550672058,67.586137416860439));
#2604=CARTESIAN_POINT('',(237.44596369993698,300.24162175306293,62.050748635869184));
#2605=B_SPLINE_CURVE_WITH_KNOTS('',3,(#2595,#2596,#2597,#2598,#2599,#2600,#2601,#2602,#2603,#2604),.UNSPECIFIED.,.F.,.U.,(4,2,2,2,4),(0.0,0.25,0.5,0.75,1.0),.UNSPECIFIED.);
#2606=EDGE_CURVE('',#2583,#2594,#2605,.T.);
#2607=ORIENTED_EDGE('',*,*,#2606,.T.);
#2608=CARTESIAN_POINT('',(283.16873095989939,440.2372732499216,-89.991284448873415));
#2609=VERTEX_POINT('',#2608);
#2610=CARTESIAN_POINT('',(237.4459636999369,300.24162175306293,62.050748635869191));
#2611=CARTESIAN_POINT('',(237.52930755864901,302.78554351099837,58.315048396542444));
#2612=CARTESIAN_POINT('',(237.74741712262741,305.35051049734597,54.634838753560629));
#2613=CARTESIAN_POINT('',(238.0876346441791,307.92735022510368,50.999254695380536));
#2614=CARTESIAN_POINT('',(238.42824305448744,310.50715058132221,47.359493577401778));
#2615=CARTESIAN_POINT('',(238.89123859004428,313.09885136451948,43.764460349282686));
#2616=CARTESIAN_POINT('',(239.46340484886068,315.6953587305959,40.204624797794757));
#2617=CARTESIAN_POINT('',(239.47000105761526,315.72529252056592,40.163585295608755));
#2618=CARTESIAN_POINT('',(239.47661177608779,315.75522694986734,40.122550471952998));
#2619=CARTESIAN_POINT('',(239.48323698219707,315.78516201125245,40.081520316392869));
#2620=CARTESIAN_POINT('',(240.0519761109334,318.3549297211278,36.559297076791111));
#2621=CARTESIAN_POINT('',(240.72760082257216,320.92978932069747,33.07086329813373));
#2622=CARTESIAN_POINT('',(241.49609061037671,323.5047574065261,29.610226019188307));
#2623=CARTESIAN_POINT('',(242.27465579115321,326.11348497200771,26.104217570616484));
#2624=CARTESIAN_POINT('',(243.14853125440109,328.72232615086995,22.62673587231037));
#2625=CARTESIAN_POINT('',(244.10151721975066,331.33029664677173,19.170358921712896));
#2626=CARTESIAN_POINT('',(244.11870810370596,331.37734174479419,19.108009446249607));
#2627=CARTESIAN_POINT('',(244.13592473046043,331.42438655957812,19.045666839591146));
#2628=CARTESIAN_POINT('',(244.15316698286512,331.47143107145581,18.983331062458838));
#2629=CARTESIAN_POINT('',(245.09367173882168,334.03754518022657,15.583131744920195));
#2630=CARTESIAN_POINT('',(246.11037203266852,336.60227151726218,12.203733380152377));
#2631=CARTESIAN_POINT('',(247.18443455203754,339.16326746388904,8.837871435907349));
#2632=CARTESIAN_POINT('',(247.20472259826113,339.21164230539654,8.774293421149796));
#2633=CARTESIAN_POINT('',(247.22503111991892,339.26001581791309,8.710720239341178));
#2634=CARTESIAN_POINT('',(247.24535998109172,339.30838802689448,8.64715188338484));
#2635=CARTESIAN_POINT('',(248.32325839443516,341.87323053664846,5.276563170043891));
#2636=CARTESIAN_POINT('',(249.45837575819073,344.43438344846328,1.919497307330934));
#2637=CARTESIAN_POINT('',(250.63113043469508,346.99625855365264,-1.426167649992301));
#2638=CARTESIAN_POINT('',(250.65142572188165,347.04059347896788,-1.484066571650449));
#2639=CARTESIAN_POINT('',(250.67173228915325,347.0849286197049,-1.541962078037352));
#2640=CARTESIAN_POINT('',(250.69205003612399,347.12926402825047,-1.599854158654928));
#2641=CARTESIAN_POINT('',(251.86970199413923,349.69902143089325,-4.955379857005619));
#2642=CARTESIAN_POINT('',(253.08487464997472,352.26969304653011,-8.299381046853306));
#2643=CARTESIAN_POINT('',(254.31806085642134,354.85122212240981,-11.629554056754479));
#2644=CARTESIAN_POINT('',(254.33556753168259,354.88787027089921,-11.676830175432233));
#2645=CARTESIAN_POINT('',(254.35307784034404,354.92452060676237,-11.724103507281118));
#2646=CARTESIAN_POINT('',(254.37059173140779,354.9611731711471,-11.771374034094212));
#2647=CARTESIAN_POINT('',(255.6091779724706,357.55325061307082,-15.114356122166587));
#2648=CARTESIAN_POINT('',(256.86563310708942,360.15650940031458,-18.443289058763007));
#2649=CARTESIAN_POINT('',(258.12198999180941,362.78550252923458,-21.751754572462371));
#2650=CARTESIAN_POINT('',(258.13479323248123,362.81229398647383,-21.78547037466922));
#2651=CARTESIAN_POINT('',(258.14759646354025,362.83908811626384,-21.819184051233542));
#2652=CARTESIAN_POINT('',(258.16039966911336,362.86588493734178,-21.852895592027032));
#2653=CARTESIAN_POINT('',(259.42213727094367,365.50667333760344,-25.175119732846628));
#2654=CARTESIAN_POINT('',(260.68358982144554,368.17362807952122,-28.476582187599654));
#2655=CARTESIAN_POINT('',(261.92951764273022,370.8846112382796,-31.747441313732576));
#2656=CARTESIAN_POINT('',(261.93684372516958,370.90055187767581,-31.766674035882577));
#2657=CARTESIAN_POINT('',(261.9441692707797,370.91649403954455,-31.785905699805774));
#2658=CARTESIAN_POINT('',(261.95149427721742,370.9324377278956,-31.805136303000396));
#2659=CARTESIAN_POINT('',(263.20233052427534,373.65502145132893,-35.089001748472235));
#2660=CARTESIAN_POINT('',(264.43742637322595,376.42212969936628,-38.341930073027626));
#2661=CARTESIAN_POINT('',(265.6450490500697,379.25377619242346,-41.551357167562415));
#2662=CARTESIAN_POINT('',(265.64720547249755,379.25883259466082,-41.557088163426819));
#2663=CARTESIAN_POINT('',(265.64936180730217,379.2638892027295,-41.562819020553079));
#2664=CARTESIAN_POINT('',(265.65151805444111,379.26894601675178,-41.568549738859623));
#2665=CARTESIAN_POINT('',(266.86119881462162,382.10587992844398,-44.783552115937447));
#2666=CARTESIAN_POINT('',(268.043288229236,385.00762766581954,-47.954870092319801));
#2667=CARTESIAN_POINT('',(269.19007235222512,387.99555193067511,-51.067691673581663));
#2668=CARTESIAN_POINT('',(269.19197293399895,388.00050386041119,-51.072850597431469));
#2669=CARTESIAN_POINT('',(269.1938734198315,388.00545602977701,-51.07800936350656));
#2670=CARTESIAN_POINT('',(269.19577380968303,388.01040843886,-51.083167971727413));
#2671=CARTESIAN_POINT('',(269.770642996861,389.50851546241182,-52.64365037088524));
#2672=CARTESIAN_POINT('',(270.33672849987897,391.02855984867097,-54.189686928716682));
#2673=CARTESIAN_POINT('',(270.89327430416944,392.57280126324821,-55.718691086954834));
#2674=CARTESIAN_POINT('',(271.44500809200309,394.10369082961631,-57.234475141626653));
#2675=CARTESIAN_POINT('',(271.98736624031534,395.6583611617728,-58.733519463351875));
#2676=CARTESIAN_POINT('',(272.52013414834721,397.24016318938169,-60.214206243874777));
#2677=CARTESIAN_POINT('',(272.52453194595779,397.25322036694911,-60.22642875331502));
#2678=CARTESIAN_POINT('',(272.52892911609524,397.26627947487748,-60.238650086285432));
#2679=CARTESIAN_POINT('',(272.53332565845545,397.27934051460295,-60.250870241370471));
#2680=CARTESIAN_POINT('',(272.80170466855714,398.07662816139828,-60.996827599744073));
#2681=CARTESIAN_POINT('',(273.06774430289317,398.88111552002675,-61.738395832821816));
#2682=CARTESIAN_POINT('',(273.33072061954175,399.69098793292886,-62.473326176922626));
#2683=CARTESIAN_POINT('',(273.58847614476952,400.48478218716241,-63.193666165191338));
#2684=CARTESIAN_POINT('',(273.84328856824078,401.2837492097413,-63.90762857246375));
#2685=CARTESIAN_POINT('',(274.09510658292106,402.0879140739541,-64.614818074038581));
#2686=CARTESIAN_POINT('',(274.10009440274143,402.10384236031467,-64.628825546129903));
#2687=CARTESIAN_POINT('',(274.10508105951681,402.11977272565491,-64.642830395157034));
#2688=CARTESIAN_POINT('',(274.1100665531925,402.13570517132996,-64.65683261903672));
#2689=CARTESIAN_POINT('',(274.61778719613295,403.75825894191388,-66.082813389091939));
#2690=CARTESIAN_POINT('',(275.1134451132001,405.40238771867712,-67.481569069882553));
#2691=CARTESIAN_POINT('',(275.59714623306422,407.06958090311701,-68.850886260842529));
#2692=CARTESIAN_POINT('',(275.60231675503599,407.08740236070173,-68.865523573702475));
#2693=CARTESIAN_POINT('',(275.60748591104374,407.10522645371867,-68.880157523028544));
#2694=CARTESIAN_POINT('',(275.6126537012118,407.12305318399024,-68.89478810610197));
#2695=CARTESIAN_POINT('',(276.10092555478116,408.80738833493865,-70.277139494945189));
#2696=CARTESIAN_POINT('',(276.57700435220409,410.51526592728021,-71.629440988535592));
#2697=CARTESIAN_POINT('',(277.04120291315348,412.24816798217944,-72.949407875637235));
#2698=CARTESIAN_POINT('',(277.50033794697765,413.96216735771145,-74.254976423968614));
#2699=CARTESIAN_POINT('',(277.94785045987686,415.70064822925241,-75.528911963879651));
#2700=CARTESIAN_POINT('',(278.38416349007343,417.46503317510701,-76.768989938986948));
#2701=CARTESIAN_POINT('',(278.3886508410929,417.48317935465599,-76.781743775752503));
#2702=CARTESIAN_POINT('',(278.3931370076412,417.50132827386358,-76.794494031192613));
#2703=CARTESIAN_POINT('',(278.39762199017508,417.51947993427393,-76.807240702871013));
#2704=CARTESIAN_POINT('',(279.2747781109199,421.06951383302544,-79.300187107314841));
#2705=CARTESIAN_POINT('',(280.10664285630702,424.72438725061585,-81.656074588744403));
#2706=CARTESIAN_POINT('',(280.89814680350094,428.49610286273423,-83.855609096609825));
#2707=CARTESIAN_POINT('',(280.90081308322755,428.50880835701111,-83.863018502825838));
#2708=CARTESIAN_POINT('',(280.90347890551737,428.52151517661287,-83.870426135244642));
#2709=CARTESIAN_POINT('',(280.90614427055726,428.53422332200057,-83.877831993120893));
#2710=CARTESIAN_POINT('',(281.69875696797811,432.31330695376278,-86.080148336337231));
#2711=CARTESIAN_POINT('',(282.45092915145591,436.20962162701773,-88.125562101378293));
#2712=CARTESIAN_POINT('',(283.16873095984431,440.23727324956474,-89.991284448722254));
#2713=B_SPLINE_CURVE_WITH_KNOTS('',3,(#2610,#2611,#2612,#2613,#2614,#2615,#2616,#2617,#2618,#2619,#2620,#2621,#2622,#2623,#2624,#2625,#2626,#2627,#2628,#2629,#2630,#2631,#2632,#2633,#2634,#2635,#2636,#2637,#2638,#2639,#2640,#2641,#2642,#2643,#2644,#2645,#2646,#2647,#2648,#2649,#2650,#2651,#2652,#2653,#2654,#2655,#2656,#2657,#2658,#2659,#2660,#2661,#2662,#2663,#2664,#2665,#2666,#2667,#2668,#2669,#2670,#2671,#2672,#2673,#2674,#2675,#2676,#2677,#2678,#2679,#2680,#2681,#2682,#2683,#2684,#2685,#2686,#2687,#2688,#2689,#2690,#2691,#2692,#2693,#2694,#2695,#2696,#2697,#2698,#2699,#2700,#2701,#2702,#2703,#2704,#2705,#2706,#2707,#2708,#2709,#2710,#2711,#2712),.UNSPECIFIED.,.F.,.U.,(4,3,3,3,3,3,3,3,3,3,3,3,3,3,3,3,3,3,3,3,3,3,3,3,3,3,3,3,3,3,3,3,3,3,4),(0.0,0.062105917277963,0.124283190389313,0.125,0.186534338212098,0.248875430981762,0.250000000000001,0.31134131929124,0.3125,0.373936796037242,0.375,0.436625151170344,0.4375,0.499369502298425,0.5,0.562134646936984,0.5625,0.624888594205493,0.625,0.6875,0.687603582146356,0.718937249937394,0.75,0.750256411255151,0.765908574523046,0.78125,0.781553871294371,0.8125,0.812830798569286,0.844085866079948,0.875,0.875317942763019,0.9375,0.937709468012331,1.0),.UNSPECIFIED.);
#2714=EDGE_CURVE('',#2594,#2609,#2713,.T.);
#2715=ORIENTED_EDGE('',*,*,#2714,.T.);
#2716=CARTESIAN_POINT('',(283.16873095984454,440.23727324956485,-89.991284448722382));
#2717=CARTESIAN_POINT('',(294.42296779644215,430.01376046512678,-106.82948311391507));
#2718=CARTESIAN_POINT('',(305.69365738459658,419.8467918148088,-123.6909677192821));
#2719=CARTESIAN_POINT('',(316.95781416475177,409.72079045610855,-140.5813894013566));
#2720=QUASI_UNIFORM_CURVE('',3,(#2716,#2717,#2718,#2719),.UNSPECIFIED.,.F.,.U.);
#2721=EDGE_CURVE('',#2609,#2564,#2720,.T.);
#2722=ORIENTED_EDGE('',*,*,#2721,.T.);
#2723=EDGE_LOOP('',(#2581,#2592,#2607,#2715,#2722));
#2724=FACE_OUTER_BOUND('',#2723,.T.);
#2725=ADVANCED_FACE('',(#2724),#2560,.T.);
#2726=CARTESIAN_POINT('',(230.48324653358438,770.44096994779807,0.0));
#2727=DIRECTION('',(-1.0,0.0,0.0));
#2728=DIRECTION('',(0.0,0.0,1.0));
#2729=AXIS2_PLACEMENT_3D('',#2726,#2727,#2728);
#2730=PLANE('',#2729);
#2731=CARTESIAN_POINT('',(230.48324653358438,323.94586819135429,-118.00557412738675));
#2732=VERTEX_POINT('',#2731);
#2733=CARTESIAN_POINT('',(230.48324653358438,296.46107709081633,59.432500484592708));
#2734=VERTEX_POINT('',#2733);
#2735=CARTESIAN_POINT('',(230.48324653358438,499.27337266807967,0.0));
#2736=DIRECTION('',(-1.0,0.0,0.0));
#2737=DIRECTION('',(0.0,0.0,1.0));
#2738=AXIS2_PLACEMENT_3D('',#2735,#2736,#2737);
#2739=CIRCLE('',#2738,211.34107350718728);
#2740=EDGE_CURVE('',#2732,#2734,#2739,.T.);
#2741=ORIENTED_EDGE('',*,*,#2740,.T.);
#2742=CARTESIAN_POINT('',(230.48324653358438,259.91513374919123,127.43429395615567));
#2743=VERTEX_POINT('',#2742);
#2744=CARTESIAN_POINT('',(230.48324653358432,296.46107709081633,59.43250048459273));
#2745=CARTESIAN_POINT('',(230.48324653358435,292.77492685675372,64.75501186888367));
#2746=CARTESIAN_POINT('',(230.48324653436924,289.28391088723725,70.182394404170097));
#2747=CARTESIAN_POINT('',(230.48324653384438,285.95936507532065,75.699242763562026));
#2748=CARTESIAN_POINT('',(230.48324653381246,285.75729110677707,76.034570205235298));
#2749=CARTESIAN_POINT('',(230.48324653378884,285.55583298520457,76.37022858925144));
#2750=CARTESIAN_POINT('',(230.48324653377065,285.35498418526595,76.706214447583847));
#2751=CARTESIAN_POINT('',(230.48324653348931,282.25144379803248,81.897909300590399));
#2752=CARTESIAN_POINT('',(230.48324653431322,279.29341666071753,87.167803384615695));
#2753=CARTESIAN_POINT('',(230.48324653395684,276.46117693896917,92.505300403565769));
#2754=CARTESIAN_POINT('',(230.48324653391148,276.1006717103939,93.184690487696272));
#2755=CARTESIAN_POINT('',(230.48324653387698,275.74220628047459,93.865176412961389));
#2756=CARTESIAN_POINT('',(230.48324653384952,275.38573984441729,94.546736527452012));
#2757=CARTESIAN_POINT('',(230.48324653360652,272.23382825216686,100.57315867658581));
#2758=CARTESIAN_POINT('',(230.48324653375843,269.23823322806419,106.68357775441434));
#2759=CARTESIAN_POINT('',(230.48324653379524,266.37500535858908,112.86515613152099));
#2760=CARTESIAN_POINT('',(230.48324653382392,264.14475249932929,117.68017033184307));
#2761=CARTESIAN_POINT('',(230.48324653371407,261.99480195798242,122.53835495376137));
#2762=CARTESIAN_POINT('',(230.48324653361431,259.91513374919128,127.43429395615564));
#2763=B_SPLINE_CURVE_WITH_KNOTS('',3,(#2744,#2745,#2746,#2747,#2748,#2749,#2750,#2751,#2752,#2753,#2754,#2755,#2756,#2757,#2758,#2759,#2760,#2761,#2762),.UNSPECIFIED.,.F.,.U.,(4,3,3,3,3,3,4),(0.0,0.25,0.265195607157772,0.5,0.529887375232422,0.794154512130169,1.0),.UNSPECIFIED.);
#2764=EDGE_CURVE('',#2734,#2743,#2763,.T.);
#2765=ORIENTED_EDGE('',*,*,#2764,.T.);
#2766=CARTESIAN_POINT('',(230.48324653358435,252.20125736458374,-111.74630046963301));
#2767=VERTEX_POINT('',#2766);
#2768=CARTESIAN_POINT('',(230.48324653358438,499.27337266807967,0.0));
#2769=DIRECTION('',(-1.0,0.0,0.0));
#2770=DIRECTION('',(0.0,0.0,1.0));
#2771=AXIS2_PLACEMENT_3D('',#2768,#2769,#2770);
#2772=CIRCLE('',#2771,271.16759727971845);
#2773=EDGE_CURVE('',#2767,#2743,#2772,.T.);
#2774=ORIENTED_EDGE('',*,*,#2773,.F.);
#2775=CARTESIAN_POINT('',(230.48324653358429,252.20125735979803,-111.74630049638368));
#2776=CARTESIAN_POINT('',(230.48324653358429,263.98662220566098,-113.85470543463951));
#2777=CARTESIAN_POINT('',(230.48324653239487,275.80646972134969,-115.56793243208404));
#2778=CARTESIAN_POINT('',(230.4832465348434,287.67818816754942,-116.6866665133914));
#2779=CARTESIAN_POINT('',(230.4832465348596,287.75667576154223,-116.69406280961908));
#2780=CARTESIAN_POINT('',(230.48324653487606,287.83516562225964,-116.70143312780237));
#2781=CARTESIAN_POINT('',(230.48324653489274,287.91365775579209,-116.70877739959337));
#2782=CARTESIAN_POINT('',(230.48324653615592,293.84781262757156,-117.26401834243561));
#2783=CARTESIAN_POINT('',(230.48324653416924,299.79496602839225,-117.67021030306294));
#2784=CARTESIAN_POINT('',(230.48324653377955,305.75768370153571,-117.89806628306452));
#2785=CARTESIAN_POINT('',(230.48324653377679,305.79917619456648,-117.89965185413803));
#2786=CARTESIAN_POINT('',(230.48324653377409,305.84066944134651,-117.90122879029498));
#2787=CARTESIAN_POINT('',(230.48324653377148,305.8821634429043,-117.90279708006298));
#2788=CARTESIAN_POINT('',(230.48324653339142,311.88659190188224,-118.1297379235929));
#2789=CARTESIAN_POINT('',(230.48324653358432,317.90680891231278,-118.17561174107439));
#2790=CARTESIAN_POINT('',(230.48324653358432,323.94586819135418,-118.00557412738681));
#2791=B_SPLINE_CURVE_WITH_KNOTS('',3,(#2775,#2776,#2777,#2778,#2779,#2780,#2781,#2782,#2783,#2784,#2785,#2786,#2787,#2788,#2789,#2790),.UNSPECIFIED.,.F.,.U.,(4,3,3,3,3,4),(0.000000011027534,0.496716062422605,0.500000005513767,0.74827236117602,0.750000002756883,1.0),.UNSPECIFIED.);
#2792=EDGE_CURVE('',#2767,#2732,#2791,.T.);
#2793=ORIENTED_EDGE('',*,*,#2792,.T.);
#2794=EDGE_LOOP('',(#2741,#2765,#2774,#2793));
#2795=FACE_OUTER_BOUND('',#2794,.T.);
#2796=ADVANCED_FACE('',(#2795),#2730,.F.);
#2797=CARTESIAN_POINT('',(230.48324653358438,770.44096994779807,0.0));
#2798=DIRECTION('',(-1.0,0.0,0.0));
#2799=DIRECTION('',(0.0,0.0,1.0));
#2800=AXIS2_PLACEMENT_3D('',#2797,#2798,#2799);
#2801=PLANE('',#2800);
#2802=CARTESIAN_POINT('',(230.48324653358438,513.80544541220354,-210.84085992266736));
#2803=VERTEX_POINT('',#2802);
#2804=CARTESIAN_POINT('',(230.48324653358438,346.39716964936008,-145.92434992745243));
#2805=VERTEX_POINT('',#2804);
#2806=CARTESIAN_POINT('',(230.48324653358438,499.27337266807967,0.0));
#2807=DIRECTION('',(-1.0,0.0,0.0));
#2808=DIRECTION('',(0.0,0.0,1.0));
#2809=AXIS2_PLACEMENT_3D('',#2806,#2807,#2808);
#2810=CIRCLE('',#2809,211.34107350718728);
#2811=EDGE_CURVE('',#2803,#2805,#2810,.T.);
#2812=ORIENTED_EDGE('',*,*,#2811,.T.);
#2813=CARTESIAN_POINT('',(230.48324653358438,269.23291732927117,-143.5731685307851));
#2814=VERTEX_POINT('',#2813);
#2815=CARTESIAN_POINT('',(230.48324653358452,346.39716964936008,-145.92434992745248));
#2816=CARTESIAN_POINT('',(230.48324653358441,339.9446644616088,-146.45539398026713));
#2817=CARTESIAN_POINT('',(230.48324653436936,333.4989053252267,-146.76501122714552));
#2818=CARTESIAN_POINT('',(230.48324653384446,327.05890159120855,-146.885728176518));
#2819=CARTESIAN_POINT('',(230.48324653381258,326.66746252386196,-146.89306564587778));
#2820=CARTESIAN_POINT('',(230.48324653378899,326.2760447755245,-146.899704304945));
#2821=CARTESIAN_POINT('',(230.4832465337708,325.88464808692697,-146.90565153884123));
#2822=CARTESIAN_POINT('',(230.48324653348948,319.83673826190403,-146.99754892929079));
#2823=CARTESIAN_POINT('',(230.48324653431334,313.79386254123563,-146.92432853345491));
#2824=CARTESIAN_POINT('',(230.48324653395693,307.75533466932427,-146.70837157266689));
#2825=CARTESIAN_POINT('',(230.48324653391154,306.98671298310046,-146.68088321675074));
#2826=CARTESIAN_POINT('',(230.48324653387706,306.21816216994324,-146.65108042281594));
#2827=CARTESIAN_POINT('',(230.48324653384958,305.44968057855817,-146.61900935480423));
#2828=CARTESIAN_POINT('',(230.48324653360658,298.65469010736371,-146.33543378971117));
#2829=CARTESIAN_POINT('',(230.48324653375857,291.86511444605969,-145.87448564140595));
#2830=CARTESIAN_POINT('',(230.48324653379527,285.08009660130676,-145.26332452455387));
#2831=CARTESIAN_POINT('',(230.48324653382389,279.79504555460477,-144.78727305730226));
#2832=CARTESIAN_POINT('',(230.48324653371381,274.51275898514433,-144.22009253172922));
#2833=CARTESIAN_POINT('',(230.48324653361396,269.23291732927117,-143.57316853078513));
#2834=B_SPLINE_CURVE_WITH_KNOTS('',3,(#2815,#2816,#2817,#2818,#2819,#2820,#2821,#2822,#2823,#2824,#2825,#2826,#2827,#2828,#2829,#2830,#2831,#2832,#2833),.UNSPECIFIED.,.F.,.U.,(4,3,3,3,3,3,4),(0.0,0.249999999999999,0.265195607157759,0.499999999999999,0.529887375232405,0.794154512129191,1.0),.UNSPECIFIED.);
#2835=EDGE_CURVE('',#2805,#2814,#2834,.T.);
#2836=ORIENTED_EDGE('',*,*,#2835,.T.);
#2837=CARTESIAN_POINT('',(230.48324653358438,472.51245000197224,-269.843878654403));
#2838=VERTEX_POINT('',#2837);
#2839=CARTESIAN_POINT('',(230.48324653358438,499.27337266807967,0.0));
#2840=DIRECTION('',(-1.0,0.0,0.0));
#2841=DIRECTION('',(0.0,0.0,1.0));
#2842=AXIS2_PLACEMENT_3D('',#2839,#2840,#2841);
#2843=CIRCLE('',#2842,271.16759727971845);
#2844=EDGE_CURVE('',#2838,#2814,#2843,.T.);
#2845=ORIENTED_EDGE('',*,*,#2844,.F.);
#2846=CARTESIAN_POINT('',(230.48324653358438,472.51245002274624,-269.84387867192299));
#2847=CARTESIAN_POINT('',(230.48324653358438,480.23106468379069,-260.69165579176541));
#2848=CARTESIAN_POINT('',(230.48324653239561,487.62468654375647,-251.3119810729491));
#2849=CARTESIAN_POINT('',(230.48324653484383,494.5293979013411,-241.59013835261328));
#2850=CARTESIAN_POINT('',(230.48324653485997,494.57504707876444,-241.5258642504474));
#2851=CARTESIAN_POINT('',(230.48324653487651,494.62067489190383,-241.46157519621829));
#2852=CARTESIAN_POINT('',(230.4832465348932,494.66628128461332,-241.39727115047745));
#2853=CARTESIAN_POINT('',(230.48324653615617,498.11421148222138,-236.5357627529433));
#2854=CARTESIAN_POINT('',(230.48324653416901,501.43956073934817,-231.58847280794416));
#2855=CARTESIAN_POINT('',(230.48324653377927,504.6182486430331,-226.53853581742482));
#2856=CARTESIAN_POINT('',(230.48324653377651,504.64036803437784,-226.50339504993067));
#2857=CARTESIAN_POINT('',(230.48324653377387,504.66248032454013,-226.46824931221235));
#2858=CARTESIAN_POINT('',(230.48324653377122,504.68458550409878,-226.43309859764281));
#2859=CARTESIAN_POINT('',(230.48324653339114,507.88333626926914,-221.3465814387435));
#2860=CARTESIAN_POINT('',(230.48324653358446,510.9331726659193,-216.15585748022062));
#2861=CARTESIAN_POINT('',(230.48324653358446,513.80544541220365,-210.84085992266751));
#2862=B_SPLINE_CURVE_WITH_KNOTS('',3,(#2846,#2847,#2848,#2849,#2850,#2851,#2852,#2853,#2854,#2855,#2856,#2857,#2858,#2859,#2860,#2861),.UNSPECIFIED.,.F.,.U.,(4,3,3,3,3,4),(0.000000011027583,0.496716062422632,0.500000005513792,0.748272361176035,0.750000002756896,1.0),.UNSPECIFIED.);
#2863=EDGE_CURVE('',#2838,#2803,#2862,.T.);
#2864=ORIENTED_EDGE('',*,*,#2863,.T.);
#2865=EDGE_LOOP('',(#2812,#2836,#2845,#2864));
#2866=FACE_OUTER_BOUND('',#2865,.T.);
#2867=ADVANCED_FACE('',(#2866),#2801,.F.);
#2868=CARTESIAN_POINT('',(230.48324653358438,770.44096994779807,0.0));
#2869=DIRECTION('',(-1.0,0.0,0.0));
#2870=DIRECTION('',(0.0,0.0,1.0));
#2871=AXIS2_PLACEMENT_3D('',#2868,#2869,#2870);
#2872=PLANE('',#2871);
#2873=CARTESIAN_POINT('',(230.48324653358438,689.13294988892744,-92.835285795279731));
#2874=VERTEX_POINT('',#2873);
#2875=CARTESIAN_POINT('',(230.48324653358438,549.20946522662564,-205.35685041204414));
#2876=VERTEX_POINT('',#2875);
#2877=CARTESIAN_POINT('',(230.48324653358438,499.27337266807967,0.0));
#2878=DIRECTION('',(-1.0,0.0,0.0));
#2879=DIRECTION('',(0.0,0.0,1.0));
#2880=AXIS2_PLACEMENT_3D('',#2877,#2878,#2879);
#2881=CIRCLE('',#2880,211.34107350718728);
#2882=EDGE_CURVE('',#2874,#2876,#2881,.T.);
#2883=ORIENTED_EDGE('',*,*,#2882,.T.);
#2884=CARTESIAN_POINT('',(230.48324653358438,508.59115624816252,-271.0074624869402));
#2885=VERTEX_POINT('',#2884);
#2886=CARTESIAN_POINT('',(230.48324653358432,549.20946522662541,-205.35685041204414));
#2887=CARTESIAN_POINT('',(230.48324653358449,546.4431102730166,-211.21040584909514));
#2888=CARTESIAN_POINT('',(230.48324653436924,543.48836710607225,-216.94740563131649));
#2889=CARTESIAN_POINT('',(230.48324653384441,540.37290918391136,-222.58497094014314));
#2890=CARTESIAN_POINT('',(230.48324653381252,540.18354408510459,-222.9276358511799));
#2891=CARTESIAN_POINT('',(230.48324653378887,539.99358445833639,-223.26993289426642));
#2892=CARTESIAN_POINT('',(230.48324653377068,539.8030365696751,-223.61186598649761));
#2893=CARTESIAN_POINT('',(230.48324653348939,536.85866713185237,-228.89545822999426));
#2894=CARTESIAN_POINT('',(230.48324653431334,533.77381854860198,-234.09213191806708));
#2895=CARTESIAN_POINT('',(230.48324653395693,530.56753039847263,-239.21367197620387));
#2896=CARTESIAN_POINT('',(230.48324653391154,530.15941394082847,-239.865573704414));
#2897=CARTESIAN_POINT('',(230.48324653387706,529.74932855759766,-240.51625683573957));
#2898=CARTESIAN_POINT('',(230.48324653384955,529.33731340227962,-241.16574588221383));
#2899=CARTESIAN_POINT('',(230.48324653360652,525.69423452341357,-246.90859246619226));
#2900=CARTESIAN_POINT('',(230.48324653375826,521.90025388650361,-252.55806339566584));
#2901=CARTESIAN_POINT('',(230.48324653379495,517.9784639111416,-258.12848065591487));
#2902=CARTESIAN_POINT('',(230.48324653382355,514.92366572364188,-262.4674433890363));
#2903=CARTESIAN_POINT('',(230.48324653371373,511.7913296952409,-266.75844748545836));
#2904=CARTESIAN_POINT('',(230.48324653361396,508.59115624816246,-271.0074624869402));
#2905=B_SPLINE_CURVE_WITH_KNOTS('',3,(#2886,#2887,#2888,#2889,#2890,#2891,#2892,#2893,#2894,#2895,#2896,#2897,#2898,#2899,#2900,#2901,#2902,#2903,#2904),.UNSPECIFIED.,.F.,.U.,(4,3,3,3,3,3,4),(0.0,0.25,0.265195607157768,0.500000000000001,0.529887375232377,0.794154512128781,1.0),.UNSPECIFIED.);
#2906=EDGE_CURVE('',#2876,#2885,#2905,.T.);
#2907=ORIENTED_EDGE('',*,*,#2906,.T.);
#2908=CARTESIAN_POINT('',(230.48324653358435,719.58456530555225,-158.09757818464374));
#2909=VERTEX_POINT('',#2908);
#2910=CARTESIAN_POINT('',(230.48324653358438,499.27337266807967,0.0));
#2911=DIRECTION('',(-1.0,0.0,0.0));
#2912=DIRECTION('',(0.0,0.0,1.0));
#2913=AXIS2_PLACEMENT_3D('',#2910,#2911,#2912);
#2914=CIRCLE('',#2913,271.16759727971845);
#2915=EDGE_CURVE('',#2909,#2885,#2914,.T.);
#2916=ORIENTED_EDGE('',*,*,#2915,.F.);
#2917=CARTESIAN_POINT('',(230.48324653358429,719.58456533111462,-158.097578175412));
#2918=CARTESIAN_POINT('',(230.48324653358429,715.517815149532,-146.83695035568363));
#2919=CARTESIAN_POINT('',(230.48324653239507,711.09158949102289,-135.74404864061339));
#2920=CARTESIAN_POINT('',(230.4832465348434,706.12458240204262,-124.9034718391361));
#2921=CARTESIAN_POINT('',(230.4832465348596,706.091743985471,-124.8318014407437));
#2922=CARTESIAN_POINT('',(230.48324653487609,706.05888193789087,-124.76014206833244));
#2923=CARTESIAN_POINT('',(230.48324653489277,706.02599619706564,-124.68849375080168));
#2924=CARTESIAN_POINT('',(230.4832465361558,703.53977152272569,-119.27174441050433));
#2925=CARTESIAN_POINT('',(230.48324653416881,700.91796737903496,-113.91826250487958));
#2926=CARTESIAN_POINT('',(230.48324653377918,698.13393760959798,-108.64046953431503));
#2927=CARTESIAN_POINT('',(230.48324653377648,698.11456450791206,-108.60374319574711));
#2928=CARTESIAN_POINT('',(230.48324653377378,698.09518355129467,-108.56702052187158));
#2929=CARTESIAN_POINT('',(230.48324653377114,698.07579472929569,-108.5303015175338));
#2930=CARTESIAN_POINT('',(230.4832465333912,695.27011703551011,-103.21684351505986));
#2931=CARTESIAN_POINT('',(230.48324653358452,692.29973642157131,-97.98024573900237));
#2932=CARTESIAN_POINT('',(230.48324653358452,689.13294988892744,-92.835285795279731));
#2933=B_SPLINE_CURVE_WITH_KNOTS('',3,(#2917,#2918,#2919,#2920,#2921,#2922,#2923,#2924,#2925,#2926,#2927,#2928,#2929,#2930,#2931,#2932),.UNSPECIFIED.,.F.,.U.,(4,3,3,3,3,4),(0.00000001102871,0.4967160624232,0.500000005514354,0.748272361176321,0.750000002757176,0.999999999999999),.UNSPECIFIED.);
#2934=EDGE_CURVE('',#2909,#2874,#2933,.T.);
#2935=ORIENTED_EDGE('',*,*,#2934,.T.);
#2936=EDGE_LOOP('',(#2883,#2907,#2916,#2935));
#2937=FACE_OUTER_BOUND('',#2936,.T.);
#2938=ADVANCED_FACE('',(#2937),#2872,.F.);
#2939=CARTESIAN_POINT('',(230.48324653358438,770.44096994779807,0.0));
#2940=DIRECTION('',(-1.0,0.0,0.0));
#2941=DIRECTION('',(0.0,0.0,1.0));
#2942=AXIS2_PLACEMENT_3D('',#2939,#2940,#2941);
#2943=PLANE('',#2942);
#2944=CARTESIAN_POINT('',(230.48324653358438,674.60087714480426,118.00557412738797));
#2945=VERTEX_POINT('',#2944);
#2946=CARTESIAN_POINT('',(230.48324653358438,702.0856682453433,-59.432500484591237));
#2947=VERTEX_POINT('',#2946);
#2948=CARTESIAN_POINT('',(230.48324653358438,499.27337266807967,0.0));
#2949=DIRECTION('',(-1.0,0.0,0.0));
#2950=DIRECTION('',(0.0,0.0,1.0));
#2951=AXIS2_PLACEMENT_3D('',#2948,#2949,#2950);
#2952=CIRCLE('',#2951,211.34107350718728);
#2953=EDGE_CURVE('',#2945,#2947,#2952,.T.);
#2954=ORIENTED_EDGE('',*,*,#2953,.T.);
#2955=CARTESIAN_POINT('',(230.48324653358438,738.6316115869688,-127.43429395615399));
#2956=VERTEX_POINT('',#2955);
#2957=CARTESIAN_POINT('',(230.48324653358435,702.0856682453433,-59.432500484591309));
#2958=CARTESIAN_POINT('',(230.48324653358432,705.77181847916791,-64.755011869047081));
#2959=CARTESIAN_POINT('',(230.48324653436936,709.26283444892283,-70.182394404168093));
#2960=CARTESIAN_POINT('',(230.48324653384452,712.58738026085564,-75.699242763550615));
#2961=CARTESIAN_POINT('',(230.4832465338126,712.78945422940012,-76.03457020522319));
#2962=CARTESIAN_POINT('',(230.48324653378901,712.99091235097376,-76.370228589238749));
#2963=CARTESIAN_POINT('',(230.48324653377082,713.19176115091341,-76.706214447570616));
#2964=CARTESIAN_POINT('',(230.48324653348953,716.29530153816359,-81.897909300571072));
#2965=CARTESIAN_POINT('',(230.48324653431325,719.25332867544648,-87.167803384610338));
#2966=CARTESIAN_POINT('',(230.48324653395684,722.0855683972602,-92.505300403527372));
#2967=CARTESIAN_POINT('',(230.48324653391148,722.4460736258419,-93.184690487650172));
#2968=CARTESIAN_POINT('',(230.48324653387692,722.80453905579168,-93.865176412899245));
#2969=CARTESIAN_POINT('',(230.48324653384947,723.16100549190219,-94.546736527366861));
#2970=CARTESIAN_POINT('',(230.48324653360649,726.31291708459014,-100.57315867623295));
#2971=CARTESIAN_POINT('',(230.48324653375863,729.30851211091294,-106.68357775328647));
#2972=CARTESIAN_POINT('',(230.48324653379535,732.1717399798606,-112.86515613045867));
#2973=CARTESIAN_POINT('',(230.48324653382392,734.40199283879178,-117.68017033100918));
#2974=CARTESIAN_POINT('',(230.48324653371367,736.55194337813418,-122.53835495365676));
#2975=CARTESIAN_POINT('',(230.48324653361379,738.63161158696903,-127.43429395615397));
#2976=B_SPLINE_CURVE_WITH_KNOTS('',3,(#2957,#2958,#2959,#2960,#2961,#2962,#2963,#2964,#2965,#2966,#2967,#2968,#2969,#2970,#2971,#2972,#2973,#2974,#2975),.UNSPECIFIED.,.F.,.U.,(4,3,3,3,3,3,4),(0.0,0.25,0.265195607157766,0.5,0.529887375232268,0.79415451212584,1.0),.UNSPECIFIED.);
#2977=EDGE_CURVE('',#2947,#2956,#2976,.T.);
#2978=ORIENTED_EDGE('',*,*,#2977,.T.);
#2979=CARTESIAN_POINT('',(230.48324653358438,746.34548797156799,111.74630046965072));
#2980=VERTEX_POINT('',#2979);
#2981=CARTESIAN_POINT('',(230.48324653358438,499.27337266807967,0.0));
#2982=DIRECTION('',(-1.0,0.0,0.0));
#2983=DIRECTION('',(0.0,0.0,1.0));
#2984=AXIS2_PLACEMENT_3D('',#2981,#2982,#2983);
#2985=CIRCLE('',#2984,271.16759727971845);
#2986=EDGE_CURVE('',#2980,#2956,#2985,.T.);
#2987=ORIENTED_EDGE('',*,*,#2986,.F.);
#2988=CARTESIAN_POINT('',(230.48324653358446,746.34548797635364,111.74630049640172));
#2989=CARTESIAN_POINT('',(230.48324653358446,734.56012313056021,113.85470543505062));
#2990=CARTESIAN_POINT('',(230.4832465323953,722.74027561480148,115.56793243201008));
#2991=CARTESIAN_POINT('',(230.48324653484366,710.86855716860646,116.68666651336446));
#2992=CARTESIAN_POINT('',(230.48324653485986,710.79006957461377,116.69406280959242));
#2993=CARTESIAN_POINT('',(230.48324653487634,710.71157971389653,116.70143312777608));
#2994=CARTESIAN_POINT('',(230.48324653489303,710.6330875803643,116.70877739956744));
#2995=CARTESIAN_POINT('',(230.48324653615606,704.6989327085879,117.26401834243717));
#2996=CARTESIAN_POINT('',(230.48324653416915,698.7517793077634,117.67021030306209));
#2997=CARTESIAN_POINT('',(230.48324653377938,692.78906163461795,117.89806628293503));
#2998=CARTESIAN_POINT('',(230.48324653377671,692.74756914158684,117.89965185400767));
#2999=CARTESIAN_POINT('',(230.48324653377395,692.70607589480676,117.90122879016373));
#3000=CARTESIAN_POINT('',(230.48324653377134,692.66458189324896,117.90279707993082));
#3001=CARTESIAN_POINT('',(230.48324653339131,686.66015343426864,118.12973792332932));
#3002=CARTESIAN_POINT('',(230.48324653358438,680.63993642386379,118.17561174043357));
#3003=CARTESIAN_POINT('',(230.48324653358438,674.60087714480437,118.00557412738803));
#3004=B_SPLINE_CURVE_WITH_KNOTS('',3,(#2988,#2989,#2990,#2991,#2992,#2993,#2994,#2995,#2996,#2997,#2998,#2999,#3000,#3001,#3002,#3003),.UNSPECIFIED.,.F.,.U.,(4,3,3,3,3,4),(0.000000011027668,0.496716062422679,0.500000005513834,0.748272361176051,0.750000002756917,1.0),.UNSPECIFIED.);
#3005=EDGE_CURVE('',#2980,#2945,#3004,.T.);
#3006=ORIENTED_EDGE('',*,*,#3005,.T.);
#3007=EDGE_LOOP('',(#2954,#2978,#2987,#3006));
#3008=FACE_OUTER_BOUND('',#3007,.T.);
#3009=ADVANCED_FACE('',(#3008),#2943,.F.);
#3010=CARTESIAN_POINT('',(230.48324653358438,770.44096994779807,0.0));
#3011=DIRECTION('',(-1.0,0.0,0.0));
#3012=DIRECTION('',(0.0,0.0,1.0));
#3013=AXIS2_PLACEMENT_3D('',#3010,#3011,#3012);
#3014=PLANE('',#3013);
#3015=CARTESIAN_POINT('',(230.48324653358438,484.74129992395569,210.84085992266733));
#3016=VERTEX_POINT('',#3015);
#3017=CARTESIAN_POINT('',(230.48324653358438,652.14957568679802,145.92434992745351));
#3018=VERTEX_POINT('',#3017);
#3019=CARTESIAN_POINT('',(230.48324653358438,499.27337266807967,0.0));
#3020=DIRECTION('',(-1.0,0.0,0.0));
#3021=DIRECTION('',(0.0,0.0,1.0));
#3022=AXIS2_PLACEMENT_3D('',#3019,#3020,#3021);
#3023=CIRCLE('',#3022,211.34107350718728);
#3024=EDGE_CURVE('',#3016,#3018,#3023,.T.);
#3025=ORIENTED_EDGE('',*,*,#3024,.T.);
#3026=CARTESIAN_POINT('',(230.48324653358438,729.31382800688709,143.5731685307868));
#3027=VERTEX_POINT('',#3026);
#3028=CARTESIAN_POINT('',(230.48324653358432,652.14957568679836,145.92434992745353));
#3029=CARTESIAN_POINT('',(230.48324653358429,658.60208087455453,146.45539398021074));
#3030=CARTESIAN_POINT('',(230.48324653436933,665.04784001092958,146.76501122714751));
#3031=CARTESIAN_POINT('',(230.48324653384446,671.48784374494778,146.88572817661196));
#3032=CARTESIAN_POINT('',(230.48324653381258,671.87928281229449,146.89306564597734));
#3033=CARTESIAN_POINT('',(230.48324653378899,672.27070056063201,146.89970430504945));
#3034=CARTESIAN_POINT('',(230.4832465337708,672.66209724922942,146.90565153894957));
#3035=CARTESIAN_POINT('',(230.48324653348945,678.71000707424969,146.9975489294593));
#3036=CARTESIAN_POINT('',(230.48324653431322,684.75288279492349,146.92432853345372));
#3037=CARTESIAN_POINT('',(230.48324653395679,690.79141066683314,146.70837157263369));
#3038=CARTESIAN_POINT('',(230.48324653391143,691.56003235307583,146.6808832167128));
#3039=CARTESIAN_POINT('',(230.48324653387684,692.32858316623208,146.65108042277333));
#3040=CARTESIAN_POINT('',(230.48324653384935,693.09706475759799,146.61900935475811));
#3041=CARTESIAN_POINT('',(230.48324653360638,699.89205522904183,146.33543378961667));
#3042=CARTESIAN_POINT('',(230.4832465337584,706.68163088915799,145.87448564135642));
#3043=CARTESIAN_POINT('',(230.48324653379518,713.46664873484042,145.26332452443648));
#3044=CARTESIAN_POINT('',(230.48324653382389,718.75169978120584,144.78727305722765));
#3045=CARTESIAN_POINT('',(230.48324653371384,724.03398635161784,144.22009253165683));
#3046=CARTESIAN_POINT('',(230.48324653361402,729.31382800688709,143.57316853078675));
#3047=B_SPLINE_CURVE_WITH_KNOTS('',3,(#3028,#3029,#3030,#3031,#3032,#3033,#3034,#3035,#3036,#3037,#3038,#3039,#3040,#3041,#3042,#3043,#3044,#3045,#3046),.UNSPECIFIED.,.F.,.U.,(4,3,3,3,3,3,4),(0.0,0.250000000000001,0.265195607157764,0.500000000000002,0.529887375233148,0.79415451215274,1.0),.UNSPECIFIED.);
#3048=EDGE_CURVE('',#3018,#3027,#3047,.T.);
#3049=ORIENTED_EDGE('',*,*,#3048,.T.);
#3050=CARTESIAN_POINT('',(230.48324653358438,526.03429533412816,269.84387865440999));
#3051=VERTEX_POINT('',#3050);
#3052=CARTESIAN_POINT('',(230.48324653358438,499.27337266807967,0.0));
#3053=DIRECTION('',(-1.0,0.0,0.0));
#3054=DIRECTION('',(0.0,0.0,1.0));
#3055=AXIS2_PLACEMENT_3D('',#3052,#3053,#3054);
#3056=CIRCLE('',#3055,271.16759727971845);
#3057=EDGE_CURVE('',#3051,#3027,#3056,.T.);
#3058=ORIENTED_EDGE('',*,*,#3057,.F.);
#3059=CARTESIAN_POINT('',(230.48324653358441,526.03429531335314,269.84387867193072));
#3060=CARTESIAN_POINT('',(230.48324653358441,518.3156806512518,260.69165579266308));
#3061=CARTESIAN_POINT('',(230.48324653239524,510.9220587921418,251.31198107314242));
#3062=CARTESIAN_POINT('',(230.48324653484366,504.01734743473349,241.59013835267348));
#3063=CARTESIAN_POINT('',(230.48324653485986,503.97169825731123,241.5258642505068));
#3064=CARTESIAN_POINT('',(230.48324653487626,503.92607044417298,241.4615751962769));
#3065=CARTESIAN_POINT('',(230.48324653489294,503.88046405146463,241.39727115053523));
#3066=CARTESIAN_POINT('',(230.48324653615597,500.43253385393768,236.53576275294139));
#3067=CARTESIAN_POINT('',(230.48324653416904,497.10718459681141,231.58847280794248));
#3068=CARTESIAN_POINT('',(230.48324653377935,493.92849669315558,226.53853581740623));
#3069=CARTESIAN_POINT('',(230.48324653377662,493.90637730181106,226.503395049912));
#3070=CARTESIAN_POINT('',(230.48324653377392,493.88426501164895,226.46824931219351));
#3071=CARTESIAN_POINT('',(230.48324653377131,493.86215983209047,226.43309859762385));
#3072=CARTESIAN_POINT('',(230.48324653339131,490.66340906695007,221.34658143870661));
#3073=CARTESIAN_POINT('',(230.48324653358438,487.61357267072754,216.15585747995712));
#3074=CARTESIAN_POINT('',(230.48324653358438,484.74129992395558,210.84085992266748));
#3075=B_SPLINE_CURVE_WITH_KNOTS('',3,(#3059,#3060,#3061,#3062,#3063,#3064,#3065,#3066,#3067,#3068,#3069,#3070,#3071,#3072,#3073,#3074),.UNSPECIFIED.,.F.,.U.,(4,3,3,3,3,4),(0.000000011028039,0.496716062422862,0.500000005514019,0.74827236117615,0.75000000275701,1.0),.UNSPECIFIED.);
#3076=EDGE_CURVE('',#3051,#3016,#3075,.T.);
#3077=ORIENTED_EDGE('',*,*,#3076,.T.);
#3078=EDGE_LOOP('',(#3025,#3049,#3058,#3077));
#3079=FACE_OUTER_BOUND('',#3078,.T.);
#3080=ADVANCED_FACE('',(#3079),#3014,.F.);
#3081=CARTESIAN_POINT('',(288.42397808278463,770.44096994779807,0.0));
#3082=CARTESIAN_POINT('',(291.00651117620208,742.87256811210284,0.0));
#3083=CARTESIAN_POINT('',(296.14645184524011,708.92817117640493,0.0));
#3084=CARTESIAN_POINT('',(315.25983306762225,662.5857373662227,0.0));
#3085=CARTESIAN_POINT('',(335.18049331938573,649.10698027594765,0.0));
#3086=CARTESIAN_POINT('',(350.09980105719865,644.99317679772946,0.0));
#3087=B_SPLINE_CURVE_WITH_KNOTS('',3,(#3081,#3082,#3083,#3084,#3085,#3086),.UNSPECIFIED.,.F.,.U.,(4,1,1,4),(0.0,0.558859228942544,0.684863864953562,1.0),.UNSPECIFIED.);
#3088=CARTESIAN_POINT('',(118.85551844828268,499.27337266807967,0.0));
#3089=DIRECTION('',(1.0,0.0,0.0));
#3090=AXIS1_PLACEMENT('',#3088,#3089);
#3091=SURFACE_OF_REVOLUTION('',#3087,#3090);
#3092=ORIENTED_EDGE('',*,*,#89,.T.);
#3093=ORIENTED_EDGE('',*,*,#1037,.T.);
#3094=CARTESIAN_POINT('',(322.40182735881007,418.77192347910807,139.43270979732438));
#3095=VERTEX_POINT('',#3094);
#3096=CARTESIAN_POINT('',(316.95781399999436,422.30260907627337,147.84550599983834));
#3097=CARTESIAN_POINT('',(316.96327292436337,422.17270267394491,147.77054564403167));
#3098=CARTESIAN_POINT('',(316.97174306601192,422.04484216247124,147.69238195316251));
#3099=CARTESIAN_POINT('',(316.99868472136734,421.7498996236896,147.50164818966883));
#3100=CARTESIAN_POINT('',(317.01958722627484,421.58483049736435,147.38669444123491));
#3101=CARTESIAN_POINT('',(317.14840861425949,420.79893264608518,146.79855147364475));
#3102=CARTESIAN_POINT('',(317.33146860969623,420.25077963301777,146.2578432855131));
#3103=CARTESIAN_POINT('',(317.85798548607642,419.31848552124444,145.05858054048906));
#3104=CARTESIAN_POINT('',(318.20370528294751,418.94904401082931,144.40570256584064));
#3105=CARTESIAN_POINT('',(319.06705726197924,418.40812867738578,143.02100899949426));
#3106=CARTESIAN_POINT('',(319.59347296511322,418.26192637464175,142.29554409958459));
#3107=CARTESIAN_POINT('',(320.52501835357594,418.24532663142122,141.19805477899288));
#3108=CARTESIAN_POINT('',(320.89295592214825,418.28813268056194,140.80243154948246));
#3109=CARTESIAN_POINT('',(321.6409943544395,418.4663084230391,140.07266283443553));
#3110=CARTESIAN_POINT('',(322.01871892903517,418.59781895140003,139.73814739702806));
#3111=CARTESIAN_POINT('',(322.40182735909968,418.77192347894288,139.43270979759365));
#3112=B_SPLINE_CURVE_WITH_KNOTS('',3,(#3096,#3097,#3098,#3099,#3100,#3101,#3102,#3103,#3104,#3105,#3106,#3107,#3108,#3109,#3110,#3111),.UNSPECIFIED.,.F.,.U.,(4,2,2,2,2,2,2,4),(0.0,0.045024521482731,0.105681972485343,0.342031291755906,0.587954200437134,0.857570929379921,1.019465221976599,1.175310539058182),.UNSPECIFIED.);
#3113=EDGE_CURVE('',#1022,#3095,#3112,.T.);
#3114=ORIENTED_EDGE('',*,*,#3113,.T.);
#3115=CARTESIAN_POINT('',(322.40182735909968,418.77192347895755,139.43270979760212));
#3116=CARTESIAN_POINT('',(322.82507139715614,418.96797995457212,139.09741687669151));
#3117=CARTESIAN_POINT('',(323.2521748186283,419.21478736353595,138.79980700894936));
#3118=CARTESIAN_POINT('',(324.12080045703408,419.81999497352155,138.27680122866437));
#3119=CARTESIAN_POINT('',(324.55839790647394,420.18148392214835,138.05839033424863));
#3120=CARTESIAN_POINT('',(325.56373829870176,421.15905832558929,137.66232706574323));
#3121=CARTESIAN_POINT('',(326.10446869931189,421.81096626835085,137.53989117979197));
#3122=CARTESIAN_POINT('',(326.90598526472911,423.03691268201186,137.51439301656976));
#3123=CARTESIAN_POINT('',(327.19933922198521,423.57718820791308,137.55988927968761));
#3124=CARTESIAN_POINT('',(327.74102318739102,424.82423384739991,137.77951179674551));
#3125=CARTESIAN_POINT('',(327.95788937602686,425.53220539641131,137.9806051082648));
#3126=CARTESIAN_POINT('',(328.12417150202435,426.48176402872093,138.3452183798091));
#3127=CARTESIAN_POINT('',(328.15571701718659,426.72711601069625,138.44817452335022));
#3128=CARTESIAN_POINT('',(328.18767628618775,427.12146822141023,138.62778369820094));
#3129=CARTESIAN_POINT('',(328.19533658065006,427.27179638201272,138.69966231193743));
#3130=CARTESIAN_POINT('',(328.2003971038859,427.52036585511433,138.82422915147177));
#3131=CARTESIAN_POINT('',(328.20036100555336,427.61927996366683,138.87533894319955));
#3132=CARTESIAN_POINT('',(328.19620771086699,427.81369713505808,138.97886407411173));
#3133=CARTESIAN_POINT('',(328.19217705413712,427.90920548842564,139.03121711829544));
#3134=CARTESIAN_POINT('',(328.18617360073694,428.00397942907784,139.08467657243494));
#3135=B_SPLINE_CURVE_WITH_KNOTS('',3,(#3115,#3116,#3117,#3118,#3119,#3120,#3121,#3122,#3123,#3124,#3125,#3126,#3127,#3128,#3129,#3130,#3131,#3132,#3133,#3134),.UNSPECIFIED.,.F.,.U.,(4,2,2,2,2,2,2,2,2,4),(0.000000923170768,0.172336365099688,0.354263336260647,0.609544924838509,0.793927187308944,1.022903472014465,1.103264108035432,1.153313966282568,1.186726349854753,1.219434372747944),.UNSPECIFIED.);
#3136=EDGE_CURVE('',#3095,#756,#3135,.T.);
#3137=ORIENTED_EDGE('',*,*,#3136,.T.);
#3138=ORIENTED_EDGE('',*,*,#768,.T.);
#3139=CARTESIAN_POINT('',(350.0998010571987,499.27337266807967,145.71980412964996));
#3140=VERTEX_POINT('',#3139);
#3141=CARTESIAN_POINT('',(321.35930652368131,499.27337266807967,161.98176525196209));
#3142=CARTESIAN_POINT('',(329.38376070324739,499.27337266807967,154.27359714299712));
#3143=CARTESIAN_POINT('',(339.57026896937037,499.27337266807962,148.62318453363005));
#3144=CARTESIAN_POINT('',(350.09980105719865,499.27337266807962,145.71980412964976));
#3145=B_SPLINE_CURVE_WITH_KNOTS('',3,(#3141,#3142,#3143,#3144),.UNSPECIFIED.,.F.,.U.,(4,4),(0.777587800699654,1.0),.UNSPECIFIED.);
#3146=EDGE_CURVE('',#705,#3140,#3145,.T.);
#3147=ORIENTED_EDGE('',*,*,#3146,.T.);
#3148=CARTESIAN_POINT('',(350.0998010571987,499.27337266807967,0.0));
#3149=DIRECTION('',(-1.0,0.0,0.0));
#3150=DIRECTION('',(0.0,0.0,1.0));
#3151=AXIS2_PLACEMENT_3D('',#3148,#3149,#3150);
#3152=CIRCLE('',#3151,145.71980412964996);
#3153=EDGE_CURVE('',#3140,#3140,#3152,.T.);
#3154=ORIENTED_EDGE('',*,*,#3153,.F.);
#3155=ORIENTED_EDGE('',*,*,#3146,.F.);
#3156=ORIENTED_EDGE('',*,*,#753,.T.);
#3157=CARTESIAN_POINT('',(288.42397808278463,499.27337266807967,0.0));
#3158=DIRECTION('',(-1.0,0.0,0.0));
#3159=DIRECTION('',(0.0,0.0,1.0));
#3160=AXIS2_PLACEMENT_3D('',#3157,#3158,#3159);
#3161=CIRCLE('',#3160,271.16759727971845);
#3162=EDGE_CURVE('',#694,#1299,#3161,.T.);
#3163=ORIENTED_EDGE('',*,*,#3162,.T.);
#3164=ORIENTED_EDGE('',*,*,#1317,.T.);
#3165=CARTESIAN_POINT('',(322.40182735892466,579.7749168765281,139.43265493768084));
#3166=VERTEX_POINT('',#3165);
#3167=CARTESIAN_POINT('',(316.95781399999066,588.82595490349229,140.58138961905701));
#3168=CARTESIAN_POINT('',(316.96327292435933,588.69608412992216,140.65641168568538));
#3169=CARTESIAN_POINT('',(316.97174306600743,588.56446213223876,140.72806029132906));
#3170=CARTESIAN_POINT('',(316.99868472136382,588.25181057828581,140.88812114083342));
#3171=CARTESIAN_POINT('',(317.01958722627194,588.06972314871325,140.9735983233974));
#3172=CARTESIAN_POINT('',(317.14840861426444,587.1674274720333,141.3601343436107));
#3173=CARTESIAN_POINT('',(317.33146860972005,586.42508393849675,141.56449468402477));
#3174=CARTESIAN_POINT('',(317.85798548613576,584.92034487959154,141.77225369607012));
#3175=CARTESIAN_POINT('',(318.20370528300725,584.17021521280117,141.76576044195852));
#3176=CARTESIAN_POINT('',(319.06705726205951,582.70057774117686,141.54186007881529));
#3177=CARTESIAN_POINT('',(319.59347296522151,581.99920555691506,141.30574253710552));
#3178=CARTESIAN_POINT('',(320.52501835369264,581.0404520532984,140.7713736761271));
#3179=CARTESIAN_POINT('',(320.89295592224966,580.71923531079665,140.53649093539352));
#3180=CARTESIAN_POINT('',(321.64099435453284,580.17632493590315,140.01730185856695));
#3181=CARTESIAN_POINT('',(322.01871892913925,579.95238133331088,139.73615268143951));
#3182=CARTESIAN_POINT('',(322.40182735921508,579.77491687667896,139.43265493795911));
#3183=B_SPLINE_CURVE_WITH_KNOTS('',3,(#3167,#3168,#3169,#3170,#3171,#3172,#3173,#3174,#3175,#3176,#3177,#3178,#3179,#3180,#3181,#3182),.UNSPECIFIED.,.F.,.U.,(4,2,2,2,2,2,2,4),(0.0,0.045024521482999,0.105681972482708,0.342031291752893,0.587954200410229,0.857570929344553,1.019465221923098,1.175310538998471),.UNSPECIFIED.);
#3184=EDGE_CURVE('',#1301,#3166,#3183,.T.);
#3185=ORIENTED_EDGE('',*,*,#3184,.T.);
#3186=CARTESIAN_POINT('',(322.40182735921513,579.77491687669362,139.43265493795062));
#3187=CARTESIAN_POINT('',(322.82507139822121,579.5825729268721,139.09521858826997));
#3188=CARTESIAN_POINT('',(323.25217482053677,579.44823892536408,138.73267216761758));
#3189=CARTESIAN_POINT('',(324.12080046094724,579.29790643855642,137.94704411060465));
#3190=CARTESIAN_POINT('',(324.55839791139545,579.28950153031792,137.52478004951905));
#3191=CARTESIAN_POINT('',(325.56373828777635,579.43528787936793,136.48014416350028));
#3192=CARTESIAN_POINT('',(326.10446869974049,579.65520925799365,135.85435737323732));
#3193=CARTESIAN_POINT('',(326.90598529659599,580.24610043092048,134.77990751172706));
#3194=CARTESIAN_POINT('',(327.19933923385952,580.55563911310719,134.33476333107046));
#3195=CARTESIAN_POINT('',(327.74102318898292,581.36936059874654,133.3646014031151));
#3196=CARTESIAN_POINT('',(327.95788937674627,581.89749828857589,132.85202671360577));
#3197=CARTESIAN_POINT('',(328.12417150220074,582.68804195895791,132.21199145280201));
#3198=CARTESIAN_POINT('',(328.15571701728697,582.89988058550966,132.05098847551278));
#3199=CARTESIAN_POINT('',(328.18767628621538,583.25260279875442,131.79927403066128));
#3200=CARTESIAN_POINT('',(328.19533658065848,583.39001558448012,131.70502533159708));
#3201=CARTESIAN_POINT('',(328.20039710386686,583.62217836829791,131.5520412732273));
#3202=CARTESIAN_POINT('',(328.20036100552943,583.7158978004112,131.4919340384119));
#3203=CARTESIAN_POINT('',(328.19620771084874,583.90276177906105,131.37532639472801));
#3204=CARTESIAN_POINT('',(328.19217705410745,583.9958550222234,131.31879025637846));
#3205=CARTESIAN_POINT('',(328.18617360071784,584.08953923774015,131.26344334332484));
#3206=B_SPLINE_CURVE_WITH_KNOTS('',3,(#3186,#3187,#3188,#3189,#3190,#3191,#3192,#3193,#3194,#3195,#3196,#3197,#3198,#3199,#3200,#3201,#3202,#3203,#3204,#3205),.UNSPECIFIED.,.F.,.U.,(4,2,2,2,2,2,2,2,2,4),(0.000000923186616,0.172336365506471,0.354263337129813,0.609544918580153,0.793927187813621,1.022903488575486,1.103264130327888,1.153313992178278,1.186726378107477,1.219434403314474),.UNSPECIFIED.);
#3207=EDGE_CURVE('',#3166,#1123,#3206,.T.);
#3208=ORIENTED_EDGE('',*,*,#3207,.T.);
#3209=ORIENTED_EDGE('',*,*,#1180,.T.);
#3210=CARTESIAN_POINT('',(288.42397808278463,499.27337266807967,0.0));
#3211=DIRECTION('',(-1.0,0.0,0.0));
#3212=DIRECTION('',(0.0,0.0,1.0));
#3213=AXIS2_PLACEMENT_3D('',#3210,#3211,#3212);
#3214=CIRCLE('',#3213,271.16759727971845);
#3215=EDGE_CURVE('',#1112,#1720,#3214,.T.);
#3216=ORIENTED_EDGE('',*,*,#3215,.T.);
#3217=ORIENTED_EDGE('',*,*,#1738,.T.);
#3218=CARTESIAN_POINT('',(322.40182735869257,660.27636606565909,-0.000054859548611));
#3219=VERTEX_POINT('',#3218);
#3220=CARTESIAN_POINT('',(316.957813999998,665.79671849520753,-7.264116380627506));
#3221=CARTESIAN_POINT('',(316.9632729241095,665.79675412396409,-7.114133965280958));
#3222=CARTESIAN_POINT('',(316.97174306484931,665.79299263857251,-6.964321675794234));
#3223=CARTESIAN_POINT('',(316.99868472186148,665.77528362221233,-6.613527043792544));
#3224=CARTESIAN_POINT('',(317.01958722671856,665.75826531897792,-6.413096114044365));
#3225=CARTESIAN_POINT('',(317.14840861461016,665.64186749363614,-5.438417128657233));
#3226=CARTESIAN_POINT('',(317.3314686098326,665.44767697343923,-4.693348601218091));
#3227=CARTESIAN_POINT('',(317.85798548581852,664.87523202675811,-3.286326844739138));
#3228=CARTESIAN_POINT('',(318.20370528278272,664.49454387024264,-2.639942123911103));
#3229=CARTESIAN_POINT('',(319.06705726190785,663.56582173194909,-1.47914892049773));
#3230=CARTESIAN_POINT('',(319.59347296500664,663.01065185047969,-0.989801562272226));
#3231=CARTESIAN_POINT('',(320.52501835347584,662.06849809006349,-0.426681102637121));
#3232=CARTESIAN_POINT('',(320.89295592206958,661.70447529838668,-0.26594061387188));
#3233=CARTESIAN_POINT('',(321.64099435436663,660.98338918102286,-0.055360975710777));
#3234=CARTESIAN_POINT('',(322.01871892894104,660.62793505010836,-0.001994715461175));
#3235=CARTESIAN_POINT('',(322.40182735898253,660.27636606597514,-0.000054859540127));
#3236=B_SPLINE_CURVE_WITH_KNOTS('',3,(#3220,#3221,#3222,#3223,#3224,#3225,#3226,#3227,#3228,#3229,#3230,#3231,#3232,#3233,#3234,#3235),.UNSPECIFIED.,.F.,.U.,(4,2,2,2,2,2,2,4),(0.0,0.045024519355062,0.105681958889555,0.34203123458619,0.587954098364596,0.857570777981228,1.019465040971076,1.175310329534002),.UNSPECIFIED.);
#3237=EDGE_CURVE('',#1722,#3219,#3236,.T.);
#3238=ORIENTED_EDGE('',*,*,#3237,.T.);
#3239=CARTESIAN_POINT('',(322.4018273589827,660.2763660659748,-0.000054859557091));
#3240=CARTESIAN_POINT('',(322.82507139712766,659.8879656408667,-0.002198287527635));
#3241=CARTESIAN_POINT('',(323.25217481881145,659.50682423031583,-0.067134839658902));
#3242=CARTESIAN_POINT('',(324.12080045741141,658.75128413311006,-0.329757114329458));
#3243=CARTESIAN_POINT('',(324.55839790695308,658.38139027568991,-0.533610279838058));
#3244=CARTESIAN_POINT('',(325.56373829915435,657.54960222197906,-1.182182913009275));
#3245=CARTESIAN_POINT('',(326.10446869967205,657.11761566310997,-1.685533809253662));
#3246=CARTESIAN_POINT('',(326.90598526498314,656.48256039927401,-2.734485465324284));
#3247=CARTESIAN_POINT('',(327.19933922219411,656.25182355600032,-3.225125927254569));
#3248=CARTESIAN_POINT('',(327.74102318752398,655.81849941534199,-4.414910389030013));
#3249=CARTESIAN_POINT('',(327.95788937612429,655.63866555717709,-5.12857839125777));
#3250=CARTESIAN_POINT('',(328.12417150209768,655.47965059676756,-6.133226924823725));
#3251=CARTESIAN_POINT('',(328.15571701725571,655.44613724156886,-6.397186045815021));
#3252=CARTESIAN_POINT('',(328.18767628625289,655.40450724439415,-6.828509665693238));
#3253=CARTESIAN_POINT('',(328.19533658071509,655.39159186957977,-6.994636978531146));
#3254=CARTESIAN_POINT('',(328.20039710395213,655.37518518053378,-7.272187876658126));
#3255=CARTESIAN_POINT('',(328.20036100561816,655.36999050427494,-7.383404903378189));
#3256=CARTESIAN_POINT('',(328.1962077109248,655.36243731188051,-7.603537678302896));
#3257=CARTESIAN_POINT('',(328.19217705414019,655.36002220140642,-7.712426861887057));
#3258=CARTESIAN_POINT('',(328.18617360071789,655.35893247645038,-7.821233229240927));
#3259=B_SPLINE_CURVE_WITH_KNOTS('',3,(#3239,#3240,#3241,#3242,#3243,#3244,#3245,#3246,#3247,#3248,#3249,#3250,#3251,#3252,#3253,#3254,#3255,#3256,#3257,#3258),.UNSPECIFIED.,.F.,.U.,(4,2,2,2,2,2,2,2,2,4),(0.000000923155232,0.172336365138839,0.354263336356348,0.609544924903334,0.793927187362367,1.022903472055603,1.103264108075139,1.153313966321103,1.186726349915238,1.219434372829606),.UNSPECIFIED.);
#3260=EDGE_CURVE('',#3219,#1544,#3259,.T.);
#3261=ORIENTED_EDGE('',*,*,#3260,.T.);
#3262=ORIENTED_EDGE('',*,*,#1601,.T.);
#3263=CARTESIAN_POINT('',(288.42397808278463,499.27337266807967,0.0));
#3264=DIRECTION('',(-1.0,0.0,0.0));
#3265=DIRECTION('',(0.0,0.0,1.0));
#3266=AXIS2_PLACEMENT_3D('',#3263,#3264,#3265);
#3267=CIRCLE('',#3266,271.16759727971845);
#3268=EDGE_CURVE('',#1533,#2141,#3267,.T.);
#3269=ORIENTED_EDGE('',*,*,#3268,.T.);
#3270=ORIENTED_EDGE('',*,*,#2159,.T.);
#3271=CARTESIAN_POINT('',(322.40182735894962,579.77482185698625,-139.43270979721214));
#3272=VERTEX_POINT('',#3271);
#3273=CARTESIAN_POINT('',(316.95781399999316,576.24413625985903,-147.845505999854));
#3274=CARTESIAN_POINT('',(316.96327292436035,576.37404266218664,-147.77054564405023));
#3275=CARTESIAN_POINT('',(316.97174306600721,576.50190317365946,-147.692381953184));
#3276=CARTESIAN_POINT('',(316.99868472135853,576.7968457124424,-147.50164818969517));
#3277=CARTESIAN_POINT('',(317.01958722626392,576.96191483876976,-147.38669444126285));
#3278=CARTESIAN_POINT('',(317.14840861424454,577.74781269009975,-146.79855147365134));
#3279=CARTESIAN_POINT('',(317.33146860968981,578.29596570321189,-146.25784328548372));
#3280=CARTESIAN_POINT('',(317.85798548608545,579.22825981499818,-145.05858054043162));
#3281=CARTESIAN_POINT('',(318.20370528294075,579.59770132540291,-144.40570256580929));
#3282=CARTESIAN_POINT('',(319.06705726194377,580.13861665882939,-143.02100899950705));
#3283=CARTESIAN_POINT('',(319.59347296505319,580.28481896156575,-142.29554409962981));
#3284=CARTESIAN_POINT('',(320.52501835351046,580.30141870478485,-141.19805477904097));
#3285=CARTESIAN_POINT('',(320.89295592210283,580.25861265563674,-140.8024315495106));
#3286=CARTESIAN_POINT('',(321.64099435446803,580.08043691312832,-140.07266283439847));
#3287=CARTESIAN_POINT('',(322.01871892911987,579.94892638473607,-139.7381473969493));
#3288=CARTESIAN_POINT('',(322.4018273592402,579.77482185715189,-139.432709797482));
#3289=B_SPLINE_CURVE_WITH_KNOTS('',3,(#3273,#3274,#3275,#3276,#3277,#3278,#3279,#3280,#3281,#3282,#3283,#3284,#3285,#3286,#3287,#3288),.UNSPECIFIED.,.F.,.U.,(4,2,2,2,2,2,2,4),(0.0,0.045024521482037,0.105681972484749,0.342031291774728,0.58795420044596,0.857570929373289,1.019465221976229,1.175310539077533),.UNSPECIFIED.);
#3290=EDGE_CURVE('',#2143,#3272,#3289,.T.);
#3291=ORIENTED_EDGE('',*,*,#3290,.T.);
#3292=CARTESIAN_POINT('',(322.4018273592402,579.77482185713723,-139.43270979749047));
#3293=CARTESIAN_POINT('',(322.82507139743245,579.57876538147912,-139.09741687646383));
#3294=CARTESIAN_POINT('',(323.25217481888888,579.33195797256133,-138.79980700871661));
#3295=CARTESIAN_POINT('',(324.12080045759092,578.72675036245164,-138.27680122822051));
#3296=CARTESIAN_POINT('',(324.55839790718221,578.36526141373963,-138.05839033371802));
#3297=CARTESIAN_POINT('',(325.56373829937689,577.38768701036679,-137.66232706523778));
#3298=CARTESIAN_POINT('',(326.10446869982803,576.73577906784544,-137.53989117930584));
#3299=CARTESIAN_POINT('',(326.90598526506392,575.50983265454511,-137.51439301605762));
#3300=CARTESIAN_POINT('',(327.19933922226699,574.96955712876684,-137.55988927915834));
#3301=CARTESIAN_POINT('',(327.74102318756269,573.72251148956036,-137.77951179616838));
#3302=CARTESIAN_POINT('',(327.95788937614225,573.01453994071983,-137.98060510764876));
#3303=CARTESIAN_POINT('',(328.12417150210706,572.06498130860564,-138.34521837912686));
#3304=CARTESIAN_POINT('',(328.15571701726537,571.81962932666022,-138.44817452265829));
#3305=CARTESIAN_POINT('',(328.18767628626335,571.4252771159895,-138.62778369749356));
#3306=CARTESIAN_POINT('',(328.19533658072555,571.27494895539382,-138.69966231122828));
#3307=CARTESIAN_POINT('',(328.20039710396225,571.02637948225879,-138.82422915078217));
#3308=CARTESIAN_POINT('',(328.20036100562868,570.92746537366884,-138.87533894253107));
#3309=CARTESIAN_POINT('',(328.19620771093741,570.73304820219869,-138.97886407348994));
#3310=CARTESIAN_POINT('',(328.19217705415292,570.6375398477669,-139.03121711826557));
#3311=CARTESIAN_POINT('',(328.1861736007329,570.54276590708196,-139.08467657243813));
#3312=B_SPLINE_CURVE_WITH_KNOTS('',3,(#3292,#3293,#3294,#3295,#3296,#3297,#3298,#3299,#3300,#3301,#3302,#3303,#3304,#3305,#3306,#3307,#3308,#3309,#3310,#3311),.UNSPECIFIED.,.F.,.U.,(4,2,2,2,2,2,2,2,2,4),(0.000000923192307,0.172336365189543,0.354263336422404,0.609544924941075,0.793927187387687,1.022903472058869,1.10326410807664,1.153313966323252,1.186726349910152,1.219434372819682),.UNSPECIFIED.);
#3313=EDGE_CURVE('',#3272,#1965,#3312,.T.);
#3314=ORIENTED_EDGE('',*,*,#3313,.T.);
#3315=ORIENTED_EDGE('',*,*,#2022,.T.);
#3316=CARTESIAN_POINT('',(288.42397808278463,499.27337266807967,0.0));
#3317=DIRECTION('',(-1.0,0.0,0.0));
#3318=DIRECTION('',(0.0,0.0,1.0));
#3319=AXIS2_PLACEMENT_3D('',#3316,#3317,#3318);
#3320=CIRCLE('',#3319,271.16759727971845);
#3321=EDGE_CURVE('',#1954,#2562,#3320,.T.);
#3322=ORIENTED_EDGE('',*,*,#3321,.T.);
#3323=ORIENTED_EDGE('',*,*,#2580,.T.);
#3324=CARTESIAN_POINT('',(322.40182735866904,418.77182845951529,-139.43265493788616));
#3325=VERTEX_POINT('',#3324);
#3326=CARTESIAN_POINT('',(316.95781399999538,409.72079043278478,-140.58138961912528));
#3327=CARTESIAN_POINT('',(316.96327292436177,409.85066120634065,-140.6564116857476));
#3328=CARTESIAN_POINT('',(316.97174306600687,409.9822832040096,-140.7280602913861));
#3329=CARTESIAN_POINT('',(316.99868472135722,410.2949347579459,-140.88812114088816));
#3330=CARTESIAN_POINT('',(317.01958722626091,410.4770221875051,-140.97359832344992));
#3331=CARTESIAN_POINT('',(317.1484086142288,411.37931786413719,-141.36013434366694));
#3332=CARTESIAN_POINT('',(317.33146860965741,412.12166139765316,-141.56449468410557));
#3333=CARTESIAN_POINT('',(317.85798548601116,413.62640045657457,-141.77225369624014));
#3334=CARTESIAN_POINT('',(318.20370528286662,414.37653012341934,-141.76576044217842));
#3335=CARTESIAN_POINT('',(319.06705726183492,415.84616759501762,-141.54186007911665));
#3336=CARTESIAN_POINT('',(319.59347296490557,416.54753977921649,-141.30574253747295));
#3337=CARTESIAN_POINT('',(320.5250183533505,417.50629328284754,-140.77137367651306));
#3338=CARTESIAN_POINT('',(320.89295592196879,417.82751002539243,-140.53649093572801));
#3339=CARTESIAN_POINT('',(321.6409943543091,418.37042040025801,-140.0173018588136));
#3340=CARTESIAN_POINT('',(322.01871892890074,418.59436400279554,-139.73615268166631));
#3341=CARTESIAN_POINT('',(322.40182735895883,418.77182845936477,-139.43265493816398));
#3342=B_SPLINE_CURVE_WITH_KNOTS('',3,(#3326,#3327,#3328,#3329,#3330,#3331,#3332,#3333,#3334,#3335,#3336,#3337,#3338,#3339,#3340,#3341),.UNSPECIFIED.,.F.,.U.,(4,2,2,2,2,2,2,4),(0.0,0.045024521478385,0.1056819724689,0.34203129171234,0.587954200361286,0.857570929242959,1.019465221836763,1.175310538893813),.UNSPECIFIED.);
#3343=EDGE_CURVE('',#2564,#3325,#3342,.T.);
#3344=ORIENTED_EDGE('',*,*,#3343,.T.);
#3345=CARTESIAN_POINT('',(322.40182735895883,418.7718284593501,-139.43265493815542));
#3346=CARTESIAN_POINT('',(322.82507139815999,418.96417240932686,-139.09521858835274));
#3347=CARTESIAN_POINT('',(323.25217482094928,419.09850641104987,-138.73267216733925));
#3348=CARTESIAN_POINT('',(324.12080046179301,419.24883889803061,-137.94704411001425));
#3349=CARTESIAN_POINT('',(324.55839791246484,419.25724380631868,-137.52478004875681));
#3350=CARTESIAN_POINT('',(325.56373828879856,419.11145745730005,-136.48014416285073));
#3351=CARTESIAN_POINT('',(326.10446870053687,418.89153607884163,-135.85435737291036));
#3352=CARTESIAN_POINT('',(326.90598529712844,418.30064490624585,-134.77990751185885));
#3353=CARTESIAN_POINT('',(327.19933923430938,417.99110622419551,-134.33476333136548));
#3354=CARTESIAN_POINT('',(327.7410231892668,417.17738473887823,-133.36460140377076));
#3355=CARTESIAN_POINT('',(327.9578893769488,416.64924704925306,-132.85202671446797));
#3356=CARTESIAN_POINT('',(328.12417150235143,415.85870337913809,-132.21199145389409));
#3357=CARTESIAN_POINT('',(328.15571701742869,415.64686475264341,-132.05098847665323));
#3358=CARTESIAN_POINT('',(328.18767628634987,415.29414253948693,-131.79927403187199));
#3359=CARTESIAN_POINT('',(328.19533658079246,415.15672975378317,-131.70502533282541));
#3360=CARTESIAN_POINT('',(328.2003971040038,414.92456696985101,-131.55204127438506));
#3361=CARTESIAN_POINT('',(328.20036100566307,414.83084753759755,-131.49193403948428));
#3362=CARTESIAN_POINT('',(328.19620771096362,414.64398355866547,-131.37532639563835));
#3363=CARTESIAN_POINT('',(328.19217705414297,414.55089031408426,-131.31879025644361));
#3364=CARTESIAN_POINT('',(328.18617360071391,414.45720609841669,-131.26344334332668));
#3365=B_SPLINE_CURVE_WITH_KNOTS('',3,(#3345,#3346,#3347,#3348,#3349,#3350,#3351,#3352,#3353,#3354,#3355,#3356,#3357,#3358,#3359,#3360,#3361,#3362,#3363,#3364),.UNSPECIFIED.,.F.,.U.,(4,2,2,2,2,2,2,2,2,4),(0.000000923151466,0.172336365577559,0.354263337311961,0.6095449186822,0.793927187879526,1.022903488589864,1.103264130334593,1.153313992182734,1.186726378164735,1.219434403423714),.UNSPECIFIED.);
#3366=EDGE_CURVE('',#3325,#2386,#3365,.T.);
#3367=ORIENTED_EDGE('',*,*,#3366,.T.);
#3368=ORIENTED_EDGE('',*,*,#2443,.T.);
#3369=CARTESIAN_POINT('',(288.42397808278463,499.27337266807967,0.0));
#3370=DIRECTION('',(-1.0,0.0,0.0));
#3371=DIRECTION('',(0.0,0.0,1.0));
#3372=AXIS2_PLACEMENT_3D('',#3369,#3370,#3371);
#3373=CIRCLE('',#3372,271.16759727971845);
#3374=EDGE_CURVE('',#2375,#275,#3373,.T.);
#3375=ORIENTED_EDGE('',*,*,#3374,.T.);
#3376=ORIENTED_EDGE('',*,*,#293,.T.);
#3377=CARTESIAN_POINT('',(322.40182735896389,338.27037927074917,0.000054859550014));
#3378=VERTEX_POINT('',#3377);
#3379=CARTESIAN_POINT('',(316.95781399999657,332.75002684095176,7.264116380664331));
#3380=CARTESIAN_POINT('',(316.9632729241099,332.74999121219719,7.114133965314586));
#3381=CARTESIAN_POINT('',(316.97174306485158,332.7537526975907,6.96432167582474));
#3382=CARTESIAN_POINT('',(316.99868472187001,332.77146171395736,6.613527043802448));
#3383=CARTESIAN_POINT('',(317.01958722673066,332.78848001719587,6.413096114047878));
#3384=CARTESIAN_POINT('',(317.14840861463733,332.90487784255555,5.43841712866886));
#3385=CARTESIAN_POINT('',(317.33146860987159,333.09906836276667,4.693348601252553));
#3386=CARTESIAN_POINT('',(317.85798548588161,333.67151330947473,3.286326844821844));
#3387=CARTESIAN_POINT('',(318.20370528286224,334.05220146600743,2.639942124024498));
#3388=CARTESIAN_POINT('',(319.06705726204211,334.98092360435567,1.479148920611284));
#3389=CARTESIAN_POINT('',(319.59347296519934,335.53609348588225,0.989801562366549));
#3390=CARTESIAN_POINT('',(320.52501835368491,336.47824724630425,0.426681102741873));
#3391=CARTESIAN_POINT('',(320.8929559222388,336.84227003793808,0.26594061398371));
#3392=CARTESIAN_POINT('',(321.64099435453636,337.56335615529827,0.055360975771134));
#3393=CARTESIAN_POINT('',(322.0187189291604,337.91881028625642,0.001994715487548));
#3394=CARTESIAN_POINT('',(322.40182735925373,338.27037927043307,0.000054859541536));
#3395=B_SPLINE_CURVE_WITH_KNOTS('',3,(#3379,#3380,#3381,#3382,#3383,#3384,#3385,#3386,#3387,#3388,#3389,#3390,#3391,#3392,#3393,#3394),.UNSPECIFIED.,.F.,.U.,(4,2,2,2,2,2,2,4),(0.0,0.04502451935604,0.105681958888237,0.342031234565973,0.587954098330133,0.857570777957181,1.019465040922573,1.175310329499458),.UNSPECIFIED.);
#3396=EDGE_CURVE('',#277,#3378,#3395,.T.);
#3397=ORIENTED_EDGE('',*,*,#3396,.T.);
#3398=CARTESIAN_POINT('',(322.40182735925396,338.2703792704333,0.000054859558492));
#3399=CARTESIAN_POINT('',(322.82507139739721,338.65877969553537,0.002198287556847));
#3400=CARTESIAN_POINT('',(323.25217481880026,339.03992110583363,0.067134839660164));
#3401=CARTESIAN_POINT('',(324.12080045739287,339.79546120303354,0.329757114330916));
#3402=CARTESIAN_POINT('',(324.55839790692892,340.1653550604492,0.53361027983901));
#3403=CARTESIAN_POINT('',(325.56373829913264,340.9971431141629,1.182182913012869));
#3404=CARTESIAN_POINT('',(326.10446869965369,341.42912967303505,1.685533809264465));
#3405=CARTESIAN_POINT('',(326.90598526496979,342.06418493687551,2.734485465346803));
#3406=CARTESIAN_POINT('',(327.19933922218252,342.29492178015084,3.225125927282142));
#3407=CARTESIAN_POINT('',(327.74102318751608,342.7282459208127,4.414910389069201));
#3408=CARTESIAN_POINT('',(327.95788937611854,342.90807977897947,5.128578391304384));
#3409=CARTESIAN_POINT('',(328.12417150209313,343.06709473939065,6.133226924878939));
#3410=CARTESIAN_POINT('',(328.15571701725185,343.10060809458997,6.397186045873969));
#3411=CARTESIAN_POINT('',(328.18767628624914,343.14223809176502,6.828509665755632));
#3412=CARTESIAN_POINT('',(328.19533658071134,343.15515346657992,6.994636978595022));
#3413=CARTESIAN_POINT('',(328.20039710394826,343.17156015562523,7.272187876710953));
#3414=CARTESIAN_POINT('',(328.20036100561435,343.17675483188344,7.383404903415932));
#3415=CARTESIAN_POINT('',(328.19620771092247,343.18430802427815,7.603537678321804));
#3416=CARTESIAN_POINT('',(328.1921770541382,343.18672313475224,7.712426861905094));
#3417=CARTESIAN_POINT('',(328.18617360071767,343.1878128597088,7.821233229241162));
#3418=B_SPLINE_CURVE_WITH_KNOTS('',3,(#3398,#3399,#3400,#3401,#3402,#3403,#3404,#3405,#3406,#3407,#3408,#3409,#3410,#3411,#3412,#3413,#3414,#3415,#3416,#3417),.UNSPECIFIED.,.F.,.U.,(4,2,2,2,2,2,2,2,2,4),(0.000000923192405,0.172336365169446,0.35426333638092,0.609544924926135,0.793927187383598,1.022903472075068,1.103264108093523,1.153313966338028,1.186726349927115,1.219434372839853),.UNSPECIFIED.);
#3419=EDGE_CURVE('',#3378,#513,#3418,.T.);
#3420=ORIENTED_EDGE('',*,*,#3419,.T.);
#3421=ORIENTED_EDGE('',*,*,#567,.T.);
#3422=EDGE_LOOP('',(#3092,#3093,#3114,#3137,#3138,#3147,#3154,#3155,#3156,#3163,#3164,#3185,#3208,#3209,#3216,#3217,#3238,#3261,#3262,#3269,#3270,#3291,#3314,#3315,#3322,#3323,#3344,#3367,#3368,#3375,#3376,#3397,#3420,#3421));
#3423=FACE_OUTER_BOUND('',#3422,.T.);
#3424=ADVANCED_FACE('',(#3423),#3091,.F.);
#3425=CARTESIAN_POINT('',(118.85551844828268,499.27337266807967,0.0));
#3426=DIRECTION('',(-1.0,0.0,0.0));
#3427=DIRECTION('',(0.0,0.0,1.0));
#3428=AXIS2_PLACEMENT_3D('',#3425,#3426,#3427);
#3429=CYLINDRICAL_SURFACE('',#3428,271.16759727971845);
#3430=ORIENTED_EDGE('',*,*,#304,.F.);
#3431=ORIENTED_EDGE('',*,*,#3374,.F.);
#3432=ORIENTED_EDGE('',*,*,#2383,.F.);
#3433=CARTESIAN_POINT('',(230.48324653358438,278.96218003063257,158.09757818467781));
#3434=VERTEX_POINT('',#3433);
#3435=CARTESIAN_POINT('',(235.14144420818511,275.47024599044994,153.11442225921235));
#3436=CARTESIAN_POINT('',(234.80751435577503,275.48608505970208,153.13757378974745));
#3437=CARTESIAN_POINT('',(234.47943249073862,275.52497213905019,153.19442049653244));
#3438=CARTESIAN_POINT('',(233.81730807955549,275.6507327630502,153.3779453802839));
#3439=CARTESIAN_POINT('',(233.48961920698559,275.74049310611036,153.50881252619428));
#3440=CARTESIAN_POINT('',(232.58997463461526,276.06416494412781,153.97940457355429));
#3441=CARTESIAN_POINT('',(232.08621681060356,276.35004435285231,154.39361541397));
#3442=CARTESIAN_POINT('',(231.27503640056187,277.0122917304372,155.34547647822788));
#3443=CARTESIAN_POINT('',(230.97132334683724,277.38773941909875,155.8816832500433));
#3444=CARTESIAN_POINT('',(230.57945832839462,278.16250142072772,156.97860644955642));
#3445=CARTESIAN_POINT('',(230.4832465287439,278.56164137177677,157.53942189909336));
#3446=CARTESIAN_POINT('',(230.48324653358438,278.96218005271271,158.09757816883291));
#3447=B_SPLINE_CURVE_WITH_KNOTS('',3,(#3435,#3436,#3437,#3438,#3439,#3440,#3441,#3442,#3443,#3444,#3445,#3446),.UNSPECIFIED.,.F.,.U.,(4,2,2,2,2,4),(0.000000117409497,0.100531895188495,0.209515042484949,0.420043030845783,0.632576527259085,0.837438232375372),.UNSPECIFIED.);
#3448=EDGE_CURVE('',#2351,#3434,#3447,.T.);
#3449=ORIENTED_EDGE('',*,*,#3448,.T.);
#3450=CARTESIAN_POINT('',(230.48324653358438,489.95558908799683,271.0074624869402));
#3451=VERTEX_POINT('',#3450);
#3452=CARTESIAN_POINT('',(230.48324653358438,499.27337266807967,0.0));
#3453=DIRECTION('',(-1.0,0.0,0.0));
#3454=DIRECTION('',(0.0,0.0,1.0));
#3455=AXIS2_PLACEMENT_3D('',#3452,#3453,#3454);
#3456=CIRCLE('',#3455,271.16759727971845);
#3457=EDGE_CURVE('',#3434,#3451,#3456,.T.);
#3458=ORIENTED_EDGE('',*,*,#3457,.T.);
#3459=CARTESIAN_POINT('',(230.48324653361416,489.95558908799683,271.0074624869402));
#3460=CARTESIAN_POINT('',(230.48324863912583,490.74111098353507,271.03447031525928));
#3461=CARTESIAN_POINT('',(230.59531790659651,491.53029850596067,271.0580655706666));
#3462=CARTESIAN_POINT('',(231.05426512270958,493.03892177163573,271.09697876336867));
#3463=CARTESIAN_POINT('',(231.40502723822433,493.76296405465126,271.11233516216919));
#3464=CARTESIAN_POINT('',(232.29433521938265,494.94019983997219,271.13352607064388));
#3465=CARTESIAN_POINT('',(232.80035642346749,495.41333540886126,271.14034251055642));
#3466=CARTESIAN_POINT('',(233.79960949878668,495.99866786699511,271.14792943811875));
#3467=CARTESIAN_POINT('',(234.24182376347969,496.17222995888994,271.14987984276388));
#3468=CARTESIAN_POINT('',(235.12735017483851,496.34898703733739,271.15184092140311));
#3469=CARTESIAN_POINT('',(235.55572010860288,496.36455313057252,271.15200074385581));
#3470=CARTESIAN_POINT('',(235.98124310783027,496.31048194520531,271.1514099041712));
#3471=B_SPLINE_CURVE_WITH_KNOTS('',3,(#3459,#3460,#3461,#3462,#3463,#3464,#3465,#3466,#3467,#3468,#3469,#3470),.UNSPECIFIED.,.F.,.U.,(4,2,2,2,2,4),(0.000000999999984,0.235796564699718,0.473706258885741,0.680340559333771,0.823749171143439,0.953532132950317),.UNSPECIFIED.);
#3472=EDGE_CURVE('',#3451,#296,#3471,.T.);
#3473=ORIENTED_EDGE('',*,*,#3472,.T.);
#3474=EDGE_LOOP('',(#3430,#3431,#3432,#3449,#3458,#3473));
#3475=FACE_OUTER_BOUND('',#3474,.T.);
#3476=CARTESIAN_POINT('',(309.41795261780106,499.27337266807967,271.16759727971845));
#3477=VERTEX_POINT('',#3476);
#3478=CARTESIAN_POINT('',(309.41795261780106,499.27337266807967,0.0));
#3479=DIRECTION('',(-1.0,0.0,0.0));
#3480=DIRECTION('',(0.0,0.0,1.0));
#3481=AXIS2_PLACEMENT_3D('',#3478,#3479,#3480);
#3482=CIRCLE('',#3481,271.16759727971845);
#3483=EDGE_CURVE('',#3477,#3477,#3482,.T.);
#3484=ORIENTED_EDGE('',*,*,#3483,.T.);
#3485=EDGE_LOOP('',(#3484));
#3486=FACE_BOUND('',#3485,.T.);
#3487=CARTESIAN_POINT('',(206.9553101379139,499.27337266807967,271.16759727971845));
#3488=VERTEX_POINT('',#3487);
#3489=CARTESIAN_POINT('',(206.9553101379139,499.27337266807967,0.0));
#3490=DIRECTION('',(-1.0,0.0,0.0));
#3491=DIRECTION('',(0.0,0.0,1.0));
#3492=AXIS2_PLACEMENT_3D('',#3489,#3490,#3491);
#3493=CIRCLE('',#3492,271.16759727971845);
#3494=EDGE_CURVE('',#3488,#3488,#3493,.T.);
#3495=ORIENTED_EDGE('',*,*,#3494,.F.);
#3496=EDGE_LOOP('',(#3495));
#3497=FACE_BOUND('',#3496,.T.);
#3498=ORIENTED_EDGE('',*,*,#702,.F.);
#3499=CARTESIAN_POINT('',(235.14144420830277,743.77591536914429,117.26198201961991));
#3500=CARTESIAN_POINT('',(234.8075143559831,743.78804564810764,117.2366892179876));
#3501=CARTESIAN_POINT('',(234.47943249103983,743.81783280063371,117.17458866599527));
#3502=CARTESIAN_POINT('',(233.81730808003579,743.9138897001767,116.97391432896538));
#3503=CARTESIAN_POINT('',(233.48961920754775,743.98234380151041,116.83074601869954));
#3504=CARTESIAN_POINT('',(232.58997463510661,744.22805255033552,116.31514196080477));
#3505=CARTESIAN_POINT('',(232.08621681096176,744.44382995634339,115.86045771012353));
#3506=CARTESIAN_POINT('',(231.27503640077762,744.93704213012006,114.81100412531178));
#3507=CARTESIAN_POINT('',(230.97132334698813,745.21368697186517,114.21775350322434));
#3508=CARTESIAN_POINT('',(230.57945832845246,745.77626932781357,112.9983283282026));
#3509=CARTESIAN_POINT('',(230.48324652875351,746.06237977840851,112.37225526619122));
#3510=CARTESIAN_POINT('',(230.48324653358446,746.34548794680757,111.74630045845193));
#3511=B_SPLINE_CURVE_WITH_KNOTS('',3,(#3499,#3500,#3501,#3502,#3503,#3504,#3505,#3506,#3507,#3508,#3509,#3510),.UNSPECIFIED.,.F.,.U.,(4,2,2,2,2,4),(0.000000117409641,0.100531895162246,0.209515042431936,0.420043030837735,0.632576527258203,0.837438232365311),.UNSPECIFIED.);
#3512=EDGE_CURVE('',#670,#2980,#3511,.T.);
#3513=ORIENTED_EDGE('',*,*,#3512,.T.);
#3514=ORIENTED_EDGE('',*,*,#2986,.T.);
#3515=CARTESIAN_POINT('',(230.48324653361385,738.63161158696914,-127.43429395615401));
#3516=CARTESIAN_POINT('',(230.48324863911,738.26224165689734,-128.12807687146548));
#3517=CARTESIAN_POINT('',(230.5953188754394,737.8880789126971,-128.82333665683677));
#3518=CARTESIAN_POINT('',(231.0542651227303,737.16746861450088,-130.1492965268788));
#3519=CARTESIAN_POINT('',(231.40502723821118,736.81874650450243,-130.78401373671551));
#3520=CARTESIAN_POINT('',(232.29433521931296,736.24848047694741,-131.81412528721742));
#3521=CARTESIAN_POINT('',(232.8003564233839,736.01781590264068,-132.22728092924766));
#3522=CARTESIAN_POINT('',(233.79960949869803,735.73172014558099,-132.73798717142941));
#3523=CARTESIAN_POINT('',(234.24182376340536,735.64662819960176,-132.8892715544703));
#3524=CARTESIAN_POINT('',(235.12735017480136,735.55994800429585,-133.04332821402861));
#3525=CARTESIAN_POINT('',(235.55572010857873,735.55230336798331,-133.05688875743277));
#3526=CARTESIAN_POINT('',(235.98124310783052,735.57882727849596,-133.00976631744007));
#3527=B_SPLINE_CURVE_WITH_KNOTS('',3,(#3515,#3516,#3517,#3518,#3519,#3520,#3521,#3522,#3523,#3524,#3525,#3526),.UNSPECIFIED.,.F.,.U.,(4,2,2,2,2,4),(0.00000099999998,0.235795812012232,0.473705755678994,0.680340272824931,0.82374903503613,0.95353213295848),.UNSPECIFIED.);
#3528=EDGE_CURVE('',#2956,#1320,#3527,.T.);
#3529=ORIENTED_EDGE('',*,*,#3528,.T.);
#3530=ORIENTED_EDGE('',*,*,#1328,.F.);
#3531=ORIENTED_EDGE('',*,*,#3162,.F.);
#3532=EDGE_LOOP('',(#3498,#3513,#3514,#3529,#3530,#3531));
#3533=FACE_BOUND('',#3532,.T.);
#3534=ORIENTED_EDGE('',*,*,#107,.F.);
#3535=ORIENTED_EDGE('',*,*,#509,.F.);
#3536=CARTESIAN_POINT('',(235.1414442083219,519.97278869150023,270.37640427882189));
#3537=CARTESIAN_POINT('',(234.80751435595971,520.00075803972072,270.37426300774365));
#3538=CARTESIAN_POINT('',(234.47943249097361,520.0694322715965,270.36900916254132));
#3539=CARTESIAN_POINT('',(233.81730807988424,520.29124979513824,270.35185970923828));
#3540=CARTESIAN_POINT('',(233.48961920735735,520.44946423952808,270.33955854485254));
#3541=CARTESIAN_POINT('',(232.5899746349321,521.01884482637479,270.29454653431958));
#3542=CARTESIAN_POINT('',(232.08621681083417,521.52050164112757,270.25407312414768));
#3543=CARTESIAN_POINT('',(231.27503640070259,522.67596119250879,270.15648060369227));
#3544=CARTESIAN_POINT('',(230.97132334693839,523.32805372291114,270.09943675342686));
#3545=CARTESIAN_POINT('',(230.5794583284343,524.66539808047673,269.97693477788789));
#3546=CARTESIAN_POINT('',(230.48324652875141,525.35064848211562,269.91167716538428));
#3547=CARTESIAN_POINT('',(230.48324653358441,526.03429533144606,269.84387862736651));
#3548=B_SPLINE_CURVE_WITH_KNOTS('',3,(#3536,#3537,#3538,#3539,#3540,#3541,#3542,#3543,#3544,#3545,#3546,#3547),.UNSPECIFIED.,.F.,.U.,(4,2,2,2,2,4),(0.000000117409669,0.100531895174752,0.209515042456643,0.420043030846152,0.632576527261874,0.837438232372552),.UNSPECIFIED.);
#3549=EDGE_CURVE('',#479,#3051,#3548,.T.);
#3550=ORIENTED_EDGE('',*,*,#3549,.T.);
#3551=ORIENTED_EDGE('',*,*,#3057,.T.);
#3552=CARTESIAN_POINT('',(230.48324653361396,729.31382800688709,143.57316853078683));
#3553=CARTESIAN_POINT('',(230.48324863923119,729.72997841998915,142.90639052832938));
#3554=CARTESIAN_POINT('',(230.59531790673253,730.14500627169764,142.23473171341928));
#3555=CARTESIAN_POINT('',(231.05426512281181,730.93301771793813,140.94768223699268));
#3556=CARTESIAN_POINT('',(231.40502723835942,731.30833789099233,140.32832142576589));
#3557=CARTESIAN_POINT('',(232.29433521954735,731.91530764879144,139.31940078355552));
#3558=CARTESIAN_POINT('',(232.8003564236059,732.15777864338133,138.91306158139071));
#3559=CARTESIAN_POINT('',(233.79960949889892,732.45701534447608,138.40994226673135));
#3560=CARTESIAN_POINT('',(234.24182376357874,732.54548549039987,138.26060828832954));
#3561=CARTESIAN_POINT('',(235.12735017492912,732.63556237355147,138.10851270740227));
#3562=CARTESIAN_POINT('',(235.55572010860263,732.64348383047502,138.09511198644569));
#3563=CARTESIAN_POINT('',(235.98124310783047,732.61593655562262,138.14164358673122));
#3564=B_SPLINE_CURVE_WITH_KNOTS('',3,(#3552,#3553,#3554,#3555,#3556,#3557,#3558,#3559,#3560,#3561,#3562,#3563),.UNSPECIFIED.,.F.,.U.,(4,2,2,2,2,4),(0.000000999999977,0.235796564645178,0.473706258866506,0.680340559313449,0.823749171120436,0.953532132925331),.UNSPECIFIED.);
#3565=EDGE_CURVE('',#3027,#888,#3564,.T.);
#3566=ORIENTED_EDGE('',*,*,#3565,.T.);
#3567=ORIENTED_EDGE('',*,*,#896,.F.);
#3568=EDGE_LOOP('',(#3534,#3535,#3550,#3551,#3566,#3567));
#3569=FACE_BOUND('',#3568,.T.);
#3570=ORIENTED_EDGE('',*,*,#1120,.F.);
#3571=CARTESIAN_POINT('',(235.1414442091108,723.07649934573237,-153.11442225917884));
#3572=CARTESIAN_POINT('',(234.80751435657592,723.06066027650854,-153.13757378967244));
#3573=CARTESIAN_POINT('',(234.47943249142247,723.0217731971743,-153.19442049643771));
#3574=CARTESIAN_POINT('',(233.8173080799686,722.89601257316576,-153.37794538020177));
#3575=CARTESIAN_POINT('',(233.48961920726228,722.80625223008064,-153.50881252614826));
#3576=CARTESIAN_POINT('',(232.58997463474131,722.48258039202074,-153.97940457357004));
#3577=CARTESIAN_POINT('',(232.08621681070045,722.19670098328947,-154.39361541399546));
#3578=CARTESIAN_POINT('',(231.27503640062429,721.53445360569947,-155.34547647826034));
#3579=CARTESIAN_POINT('',(230.97132334688442,721.15900591704212,-155.88168325006976));
#3580=CARTESIAN_POINT('',(230.57945832841762,720.38424391543015,-156.97860644955847));
#3581=CARTESIAN_POINT('',(230.48324652875266,719.98510396439315,-157.53942189907858));
#3582=CARTESIAN_POINT('',(230.48324653358424,719.58456528347142,-158.09757816879846));
#3583=B_SPLINE_CURVE_WITH_KNOTS('',3,(#3571,#3572,#3573,#3574,#3575,#3576,#3577,#3578,#3579,#3580,#3581,#3582),.UNSPECIFIED.,.F.,.U.,(4,2,2,2,2,4),(0.000000117410548,0.100531895225434,0.209515042564001,0.420043030934035,0.63257652734743,0.837438232459024),.UNSPECIFIED.);
#3584=EDGE_CURVE('',#1088,#2909,#3583,.T.);
#3585=ORIENTED_EDGE('',*,*,#3584,.T.);
#3586=ORIENTED_EDGE('',*,*,#2915,.T.);
#3587=CARTESIAN_POINT('',(230.48324653361391,508.59115624816263,-271.0074624869402));
#3588=CARTESIAN_POINT('',(230.48324863928369,507.80563435287195,-271.03447031525081));
#3589=CARTESIAN_POINT('',(230.59531790680882,507.01644683070595,-271.05806557065148));
#3590=CARTESIAN_POINT('',(231.05426512288324,505.50782356510092,-271.09697876335593));
#3591=CARTESIAN_POINT('',(231.40502723844352,504.78378128188592,-271.11233516216191));
#3592=CARTESIAN_POINT('',(232.29433521963153,503.6065454963753,-271.13352607064093));
#3593=CARTESIAN_POINT('',(232.80035642367207,503.13340992743497,-271.14034251055449));
#3594=CARTESIAN_POINT('',(233.79960949893984,502.54807746923791,-271.14792943811779));
#3595=CARTESIAN_POINT('',(234.24182376360403,502.37451537732687,-271.14987984276326));
#3596=CARTESIAN_POINT('',(235.12735017493151,502.19775829885344,-271.15184092140282));
#3597=CARTESIAN_POINT('',(235.55572010861306,502.18219220560906,-271.15200074385558));
#3598=CARTESIAN_POINT('',(235.98124310783024,502.23626339095375,-271.15140990417126));
#3599=B_SPLINE_CURVE_WITH_KNOTS('',3,(#3587,#3588,#3589,#3590,#3591,#3592,#3593,#3594,#3595,#3596,#3597,#3598),.UNSPECIFIED.,.F.,.U.,(4,2,2,2,2,4),(0.000000999999976,0.235796564623715,0.473706258859275,0.680340559305959,0.823749171109936,0.953532132911904),.UNSPECIFIED.);
#3600=EDGE_CURVE('',#2885,#1741,#3599,.T.);
#3601=ORIENTED_EDGE('',*,*,#3600,.T.);
#3602=ORIENTED_EDGE('',*,*,#1749,.F.);
#3603=ORIENTED_EDGE('',*,*,#3215,.F.);
#3604=EDGE_LOOP('',(#3570,#3585,#3586,#3601,#3602,#3603));
#3605=FACE_BOUND('',#3604,.T.);
#3606=ORIENTED_EDGE('',*,*,#1541,.F.);
#3607=CARTESIAN_POINT('',(235.14144420909224,478.57395664468976,-270.37640427882428));
#3608=CARTESIAN_POINT('',(234.80751435682774,478.54598729643055,-270.37426300774308));
#3609=CARTESIAN_POINT('',(234.47943249194742,478.47731306454273,-270.36900916253978));
#3610=CARTESIAN_POINT('',(233.81730808103447,478.25549554103861,-270.3518597092397));
#3611=CARTESIAN_POINT('',(233.48961920857434,478.09728109669749,-270.33955854485771));
#3612=CARTESIAN_POINT('',(232.5899746359014,477.52790050984379,-270.29454653432447));
#3613=CARTESIAN_POINT('',(232.08621681150814,477.02624369492696,-270.2540731241395));
#3614=CARTESIAN_POINT('',(231.27503640105908,475.87078414337901,-270.15648060366868));
#3615=CARTESIAN_POINT('',(230.97132334718015,475.2186916130147,-270.09943675340605));
#3616=CARTESIAN_POINT('',(230.57945832851189,473.88134725552231,-269.97693477787271));
#3617=CARTESIAN_POINT('',(230.48324652876727,473.19609685394869,-269.91167716537495));
#3618=CARTESIAN_POINT('',(230.48324653358441,472.51245000465411,-269.8438786273606));
#3619=B_SPLINE_CURVE_WITH_KNOTS('',3,(#3607,#3608,#3609,#3610,#3611,#3612,#3613,#3614,#3615,#3616,#3617,#3618),.UNSPECIFIED.,.F.,.U.,(4,2,2,2,2,4),(0.000000117410565,0.100531895147368,0.209515042403756,0.420043030882327,0.632576527303087,0.837438232400557),.UNSPECIFIED.);
#3620=EDGE_CURVE('',#1509,#2838,#3619,.T.);
#3621=ORIENTED_EDGE('',*,*,#3620,.T.);
#3622=ORIENTED_EDGE('',*,*,#2844,.T.);
#3623=CARTESIAN_POINT('',(230.48324653361396,269.23291732927117,-143.57316853078507));
#3624=CARTESIAN_POINT('',(230.4832486393116,268.81676866512225,-142.90639333059212));
#3625=CARTESIAN_POINT('',(230.59531887570188,268.40173740105149,-142.23472899659046));
#3626=CARTESIAN_POINT('',(231.05426512292186,267.61372761833263,-140.94768223717634));
#3627=CARTESIAN_POINT('',(231.40502723846924,267.23840744524148,-140.32832142588961));
#3628=CARTESIAN_POINT('',(232.29433521962653,266.63143768741122,-139.3194007836282));
#3629=CARTESIAN_POINT('',(232.80035642363947,266.3889666928157,-138.91306158145409));
#3630=CARTESIAN_POINT('',(233.79960949889238,266.08972999170186,-138.4099422667629));
#3631=CARTESIAN_POINT('',(234.24182376356862,266.00125984577096,-138.26060828834866));
#3632=CARTESIAN_POINT('',(235.12735017492565,265.91118296260959,-138.10851270740497));
#3633=CARTESIAN_POINT('',(235.55572010859714,265.90326150568382,-138.09511198644498));
#3634=CARTESIAN_POINT('',(235.98124310783049,265.93080878053576,-138.14164358672974));
#3635=B_SPLINE_CURVE_WITH_KNOTS('',3,(#3623,#3624,#3625,#3626,#3627,#3628,#3629,#3630,#3631,#3632,#3633,#3634),.UNSPECIFIED.,.F.,.U.,(4,2,2,2,2,4),(0.000000999999986,0.235795811904427,0.473705755644248,0.680340272788446,0.823749034993888,0.953532132908314),.UNSPECIFIED.);
#3636=EDGE_CURVE('',#2814,#2162,#3635,.T.);
#3637=ORIENTED_EDGE('',*,*,#3636,.T.);
#3638=ORIENTED_EDGE('',*,*,#2170,.F.);
#3639=ORIENTED_EDGE('',*,*,#3268,.F.);
#3640=EDGE_LOOP('',(#3606,#3621,#3622,#3637,#3638,#3639));
#3641=FACE_BOUND('',#3640,.T.);
#3642=ORIENTED_EDGE('',*,*,#1962,.F.);
#3643=CARTESIAN_POINT('',(235.14144420894527,254.77082996703277,-117.2619820196568));
#3644=CARTESIAN_POINT('',(234.80751435673224,254.75869968804133,-117.2366892179661));
#3645=CARTESIAN_POINT('',(234.47943249190257,254.72891253550381,-117.17458866594899));
#3646=CARTESIAN_POINT('',(233.81730808110132,254.63285563597199,-116.97391432894267));
#3647=CARTESIAN_POINT('',(233.48961920869522,254.56440153466232,-116.83074601872745));
#3648=CARTESIAN_POINT('',(232.58997463602324,254.31869278584554,-116.31514196085092));
#3649=CARTESIAN_POINT('',(232.08621681158431,254.10291537977912,-115.86045771004657));
#3650=CARTESIAN_POINT('',(231.27503640108839,253.60970320594606,-114.81100412511195));
#3651=CARTESIAN_POINT('',(230.9713233471993,253.33305836422736,-114.21775350308032));
#3652=CARTESIAN_POINT('',(230.57945832851348,252.77047600830841,-112.99832832812083));
#3653=CARTESIAN_POINT('',(230.48324652876653,252.48436555773378,-112.37225526615347));
#3654=CARTESIAN_POINT('',(230.48324653358429,252.20125738934394,-111.74630045843443));
#3655=B_SPLINE_CURVE_WITH_KNOTS('',3,(#3643,#3644,#3645,#3646,#3647,#3648,#3649,#3650,#3651,#3652,#3653,#3654),.UNSPECIFIED.,.F.,.U.,(4,2,2,2,2,4),(0.000000117410404,0.100531895132676,0.209515042371185,0.42004303086264,0.632576527282313,0.837438232381664),.UNSPECIFIED.);
#3656=EDGE_CURVE('',#1930,#2767,#3655,.T.);
#3657=ORIENTED_EDGE('',*,*,#3656,.T.);
#3658=ORIENTED_EDGE('',*,*,#2773,.T.);
#3659=CARTESIAN_POINT('',(230.48324653361431,259.91513374919128,127.4342939561557));
#3660=CARTESIAN_POINT('',(230.48324863908735,260.28450367925677,128.12807687145553));
#3661=CARTESIAN_POINT('',(230.59531887539268,260.65866642345048,128.82333665681469));
#3662=CARTESIAN_POINT('',(231.05426512265831,261.37927672165642,130.14929652687505));
#3663=CARTESIAN_POINT('',(231.40502723814711,261.72799883166545,130.78401373673091));
#3664=CARTESIAN_POINT('',(232.2943352192828,262.2982648592295,131.814125287249));
#3665=CARTESIAN_POINT('',(232.80035642336912,262.52892943353476,132.22728092927613));
#3666=CARTESIAN_POINT('',(233.79960949869002,262.81502519058552,132.7379871714418));
#3667=CARTESIAN_POINT('',(234.24182376338987,262.90011713656077,132.8892715544763));
#3668=CARTESIAN_POINT('',(235.12735017473545,262.98679733186106,133.04332821402468));
#3669=CARTESIAN_POINT('',(235.55572010861968,262.99444196817512,133.05688875743132));
#3670=CARTESIAN_POINT('',(235.98124310783024,262.96791805766418,133.00976631744166));
#3671=B_SPLINE_CURVE_WITH_KNOTS('',3,(#3659,#3660,#3661,#3662,#3663,#3664,#3665,#3666,#3667,#3668,#3669,#3670),.UNSPECIFIED.,.F.,.U.,(4,2,2,2,2,4),(0.000000999999987,0.23579581201196,0.473705755690332,0.680340272842395,0.82374903505253,0.953532132964445),.UNSPECIFIED.);
#3672=EDGE_CURVE('',#2743,#2583,#3671,.T.);
#3673=ORIENTED_EDGE('',*,*,#3672,.T.);
#3674=ORIENTED_EDGE('',*,*,#2591,.F.);
#3675=ORIENTED_EDGE('',*,*,#3321,.F.);
#3676=EDGE_LOOP('',(#3642,#3657,#3658,#3673,#3674,#3675));
#3677=FACE_BOUND('',#3676,.T.);
#3678=ADVANCED_FACE('',(#3475,#3486,#3497,#3533,#3569,#3605,#3641,#3677),#3429,.T.);
#3679=CARTESIAN_POINT('',(347.57602444861607,675.04279331410942,0.0));
#3680=CARTESIAN_POINT('',(341.19572381809121,687.26700294595776,0.0));
#3681=CARTESIAN_POINT('',(328.22184642364857,704.03643390235004,0.0));
#3682=CARTESIAN_POINT('',(315.7493077075157,736.50889890575513,0.0));
#3683=CARTESIAN_POINT('',(310.91362108946186,756.80087874836045,0.0));
#3684=CARTESIAN_POINT('',(309.41795261780106,770.44096994779807,0.0));
#3685=B_SPLINE_CURVE_WITH_KNOTS('',3,(#3679,#3680,#3681,#3682,#3683,#3684),.UNSPECIFIED.,.F.,.U.,(4,1,1,4),(0.0,0.39848806172472,0.604663727897504,1.0),.UNSPECIFIED.);
#3686=CARTESIAN_POINT('',(118.85551844828268,499.27337266807967,0.0));
#3687=DIRECTION('',(1.0,0.0,0.0));
#3688=AXIS1_PLACEMENT('',#3686,#3687);
#3689=SURFACE_OF_REVOLUTION('',#3685,#3688);
#3690=CARTESIAN_POINT('',(347.57602444861607,499.27337266807967,175.76942064603003));
#3691=VERTEX_POINT('',#3690);
#3692=CARTESIAN_POINT('',(347.57602444861607,499.27337266807967,0.0));
#3693=DIRECTION('',(-1.0,0.0,0.0));
#3694=DIRECTION('',(0.0,0.0,1.0));
#3695=AXIS2_PLACEMENT_3D('',#3692,#3693,#3694);
#3696=CIRCLE('',#3695,175.76942064603003);
#3697=EDGE_CURVE('',#3691,#3691,#3696,.T.);
#3698=ORIENTED_EDGE('',*,*,#3697,.T.);
#3699=CARTESIAN_POINT('',(347.57602444861607,499.27337266807962,175.76942064602974));
#3700=CARTESIAN_POINT('',(341.19572381809121,499.27337266807962,187.99363027787805));
#3701=CARTESIAN_POINT('',(328.22184642364857,499.27337266807962,204.76306123427037));
#3702=CARTESIAN_POINT('',(315.7493077075157,499.27337266807962,237.23552623767546));
#3703=CARTESIAN_POINT('',(310.91362108946186,499.27337266807962,257.52750608028077));
#3704=CARTESIAN_POINT('',(309.41795261780106,499.27337266807962,271.16759727971839));
#3705=B_SPLINE_CURVE_WITH_KNOTS('',3,(#3699,#3700,#3701,#3702,#3703,#3704),.UNSPECIFIED.,.F.,.U.,(4,1,1,4),(0.0,0.39848806172472,0.604663727897504,1.0),.UNSPECIFIED.);
#3706=EDGE_CURVE('',#3691,#3477,#3705,.T.);
#3707=ORIENTED_EDGE('',*,*,#3706,.T.);
#3708=ORIENTED_EDGE('',*,*,#3483,.F.);
#3709=ORIENTED_EDGE('',*,*,#3706,.F.);
#3710=EDGE_LOOP('',(#3698,#3707,#3708,#3709));
#3711=FACE_OUTER_BOUND('',#3710,.T.);
#3712=ADVANCED_FACE('',(#3711),#3689,.F.);
#3713=CARTESIAN_POINT('',(118.85551844828268,499.27337266807967,0.0));
#3714=DIRECTION('',(-1.0,0.0,0.0));
#3715=DIRECTION('',(0.0,0.0,1.0));
#3716=AXIS2_PLACEMENT_3D('',#3713,#3714,#3715);
#3717=CYLINDRICAL_SURFACE('',#3716,175.76942064603006);
#3718=ORIENTED_EDGE('',*,*,#3697,.F.);
#3719=EDGE_LOOP('',(#3718));
#3720=FACE_OUTER_BOUND('',#3719,.T.);
#3721=CARTESIAN_POINT('',(391.40511796584985,499.27337266807967,175.76942064603014));
#3722=VERTEX_POINT('',#3721);
#3723=CARTESIAN_POINT('',(391.40511796584985,499.27337266807967,0.0));
#3724=DIRECTION('',(-1.0,0.0,0.0));
#3725=DIRECTION('',(0.0,0.0,1.0));
#3726=AXIS2_PLACEMENT_3D('',#3723,#3724,#3725);
#3727=CIRCLE('',#3726,175.76942064603014);
#3728=EDGE_CURVE('',#3722,#3722,#3727,.T.);
#3729=ORIENTED_EDGE('',*,*,#3728,.T.);
#3730=EDGE_LOOP('',(#3729));
#3731=FACE_BOUND('',#3730,.T.);
#3732=ADVANCED_FACE('',(#3720,#3731),#3717,.T.);
#3733=CARTESIAN_POINT('',(391.40511796584985,653.11706205900282,0.0));
#3734=DIRECTION('',(-1.0,0.0,0.0));
#3735=DIRECTION('',(0.0,0.0,1.0));
#3736=AXIS2_PLACEMENT_3D('',#3733,#3734,#3735);
#3737=PLANE('',#3736);
#3738=ORIENTED_EDGE('',*,*,#3728,.F.);
#3739=EDGE_LOOP('',(#3738));
#3740=FACE_OUTER_BOUND('',#3739,.T.);
#3741=CARTESIAN_POINT('',(391.40511796584985,499.27337266807967,153.84368939092323));
#3742=VERTEX_POINT('',#3741);
#3743=CARTESIAN_POINT('',(391.40511796584985,499.27337266807967,0.0));
#3744=DIRECTION('',(-1.0,0.0,0.0));
#3745=DIRECTION('',(0.0,0.0,1.0));
#3746=AXIS2_PLACEMENT_3D('',#3743,#3744,#3745);
#3747=CIRCLE('',#3746,153.84368939092323);
#3748=EDGE_CURVE('',#3742,#3742,#3747,.T.);
#3749=ORIENTED_EDGE('',*,*,#3748,.T.);
#3750=EDGE_LOOP('',(#3749));
#3751=FACE_BOUND('',#3750,.T.);
#3752=ADVANCED_FACE('',(#3740,#3751),#3737,.F.);
#3753=CARTESIAN_POINT('',(356.07869603495487,499.27337266807967,0.0));
#3754=DIRECTION('',(-1.0,0.0,0.0));
#3755=DIRECTION('',(0.0,0.0,1.0));
#3756=AXIS2_PLACEMENT_3D('',#3753,#3754,#3755);
#3757=TOROIDAL_SURFACE('',#3756,214.77437996947273,70.430853614155239);
#3758=ORIENTED_EDGE('',*,*,#3748,.F.);
#3759=EDGE_LOOP('',(#3758));
#3760=FACE_OUTER_BOUND('',#3759,.T.);
#3761=CARTESIAN_POINT('',(369.93404505259855,499.27337266807967,145.71980412964996));
#3762=VERTEX_POINT('',#3761);
#3763=CARTESIAN_POINT('',(369.93404505259855,499.27337266807967,0.0));
#3764=DIRECTION('',(-1.0,0.0,0.0));
#3765=DIRECTION('',(0.0,0.0,1.0));
#3766=AXIS2_PLACEMENT_3D('',#3763,#3764,#3765);
#3767=CIRCLE('',#3766,145.71980412964996);
#3768=EDGE_CURVE('',#3762,#3762,#3767,.T.);
#3769=ORIENTED_EDGE('',*,*,#3768,.T.);
#3770=EDGE_LOOP('',(#3769));
#3771=FACE_BOUND('',#3770,.T.);
#3772=ADVANCED_FACE('',(#3760,#3771),#3757,.T.);
#3773=CARTESIAN_POINT('',(118.85551844828268,499.27337266807967,0.0));
#3774=DIRECTION('',(-1.0,0.0,0.0));
#3775=DIRECTION('',(0.0,0.0,1.0));
#3776=AXIS2_PLACEMENT_3D('',#3773,#3774,#3775);
#3777=CYLINDRICAL_SURFACE('',#3776,145.71980412964996);
#3778=ORIENTED_EDGE('',*,*,#3768,.F.);
#3779=EDGE_LOOP('',(#3778));
#3780=FACE_OUTER_BOUND('',#3779,.T.);
#3781=ORIENTED_EDGE('',*,*,#3153,.T.);
#3782=EDGE_LOOP('',(#3781));
#3783=FACE_BOUND('',#3782,.T.);
#3784=ADVANCED_FACE('',(#3780,#3783),#3777,.F.);
#3785=CARTESIAN_POINT('',(375.37160204125814,499.27337266807967,0.0));
#3786=DIRECTION('',(-1.0,0.0,0.0));
#3787=DIRECTION('',(0.0,0.0,1.0));
#3788=AXIS2_PLACEMENT_3D('',#3785,#3786,#3787);
#3789=TOROIDAL_SURFACE('',#3788,211.34107350718728,144.88835550767377);
#3790=CARTESIAN_POINT('',(285.13240999253935,454.50294334376736,-87.15924803101062));
#3791=VERTEX_POINT('',#3790);
#3792=CARTESIAN_POINT('',(275.46135056927784,441.75770872262405,-89.526469901792439));
#3793=VERTEX_POINT('',#3792);
#3794=CARTESIAN_POINT('',(285.13240963354843,454.50294613843175,-87.159249169820342));
#3795=CARTESIAN_POINT('',(284.86402932730329,454.39350224693351,-87.343224463013982));
#3796=CARTESIAN_POINT('',(284.59592580541977,454.27226142709787,-87.522653403648988));
#3797=CARTESIAN_POINT('',(284.33150622877201,454.1409966080866,-87.695289966586429));
#3798=CARTESIAN_POINT('',(284.03884571274585,453.99571224542728,-87.886364720713146));
#3799=CARTESIAN_POINT('',(283.75068165220478,453.83814677976142,-88.069132341266837));
#3800=CARTESIAN_POINT('',(283.46549392544625,453.66795431506193,-88.244586564483413));
#3801=CARTESIAN_POINT('',(283.45711436053273,453.66295361316651,-88.249741870672437));
#3802=CARTESIAN_POINT('',(283.44873737383227,453.6579419817719,-88.254890844896408));
#3803=CARTESIAN_POINT('',(283.4403629402546,453.65291940499304,-88.260033496696636));
#3804=CARTESIAN_POINT('',(283.16478825347986,453.48764314961392,-88.429261020672357));
#3805=CARTESIAN_POINT('',(282.89234537946061,453.31067361166834,-88.591386541923285));
#3806=CARTESIAN_POINT('',(282.6233952652637,453.12237958073229,-88.746050743673507));
#3807=CARTESIAN_POINT('',(282.35469084612259,452.93425756278288,-88.900573654427163));
#3808=CARTESIAN_POINT('',(282.08947322476757,452.73483271155703,-89.047648635548825));
#3809=CARTESIAN_POINT('',(281.82726796922856,452.52349774674286,-89.187169306536461));
#3810=CARTESIAN_POINT('',(281.81964153420279,452.51735091198731,-89.19122736910218));
#3811=CARTESIAN_POINT('',(281.81201702885159,452.51119342500721,-89.195279328479671));
#3812=CARTESIAN_POINT('',(281.80439444596982,452.5050252688826,-89.199325177207257));
#3813=CARTESIAN_POINT('',(281.54982439861533,452.29902845375045,-89.334443668950428));
#3814=CARTESIAN_POINT('',(281.29739422158633,452.08111576146194,-89.462744345607049));
#3815=CARTESIAN_POINT('',(281.05103735775987,451.85464546573212,-89.581905233142152));
#3816=CARTESIAN_POINT('',(281.03722663109005,451.84194957691227,-89.588585373577132));
#3817=CARTESIAN_POINT('',(281.0234342858152,451.82922642264077,-89.595237272272371));
#3818=CARTESIAN_POINT('',(281.00966097032432,451.81647654131518,-89.601860534775156));
#3819=CARTESIAN_POINT('',(280.77038809209972,451.59498297255118,-89.716921217392027));
#3820=CARTESIAN_POINT('',(280.53685819149848,451.36542181496742,-89.823339988431627));
#3821=CARTESIAN_POINT('',(280.30884754786365,451.12791965562963,-89.921039311633592));
#3822=CARTESIAN_POINT('',(280.29076263349964,451.10908191128385,-89.928788440645192));
#3823=CARTESIAN_POINT('',(280.2727120853379,451.09019369542443,-89.936482784013535));
#3824=CARTESIAN_POINT('',(280.25469581309704,451.07125513478775,-89.944122313085728));
#3825=CARTESIAN_POINT('',(280.01079432846274,450.81486785364746,-90.04754506656684));
#3826=CARTESIAN_POINT('',(279.77317750450351,450.5492521728271,-90.140919473504596));
#3827=CARTESIAN_POINT('',(279.54190364829367,450.27458684752889,-90.223834102894585));
#3828=CARTESIAN_POINT('',(279.33469425176429,450.02850094212079,-90.298121316334615));
#3829=CARTESIAN_POINT('',(279.13257622633967,449.77515216537449,-90.364012989883889));
#3830=CARTESIAN_POINT('',(278.93544867043795,449.51411521947159,-90.421029599538571));
#3831=CARTESIAN_POINT('',(278.91359846123908,449.48518110191236,-90.427349491463715));
#3832=CARTESIAN_POINT('',(278.89180459520605,449.45614484324426,-90.433561166867747));
#3833=CARTESIAN_POINT('',(278.87006789422236,449.4270068870307,-90.439663555988744));
#3834=CARTESIAN_POINT('',(278.67622981295898,449.16716775465204,-90.494081905821204));
#3835=CARTESIAN_POINT('',(278.48694638397365,448.89922066670329,-90.53979057228922));
#3836=CARTESIAN_POINT('',(278.30528989211479,448.62761350787866,-90.575726275927224));
#3837=CARTESIAN_POINT('',(278.28386066398576,448.59557318986759,-90.57996545495881));
#3838=CARTESIAN_POINT('',(278.26252860806778,448.56346984559337,-90.584071122217594));
#3839=CARTESIAN_POINT('',(278.2412981637649,448.53130965839392,-90.588041527276729));
#3840=CARTESIAN_POINT('',(278.0623755031811,448.26027499814387,-90.621502694016215));
#3841=CARTESIAN_POINT('',(277.89067555983547,447.98520160381076,-90.645351292195627));
#3842=CARTESIAN_POINT('',(277.72595402581095,447.70606365376722,-90.659447363349301));
#3843=CARTESIAN_POINT('',(277.70645242069338,447.67301613446557,-90.661116216271154));
#3844=CARTESIAN_POINT('',(277.68705092998823,447.63991518912235,-90.662647956895199));
#3845=CARTESIAN_POINT('',(277.66774850482625,447.60676003012128,-90.664042591891388));
#3846=CARTESIAN_POINT('',(277.48635779378088,447.29519100107126,-90.677148397585952));
#3847=CARTESIAN_POINT('',(277.3137093405806,446.97883854621807,-90.678156701995093));
#3848=CARTESIAN_POINT('',(277.14960937541497,446.65723823462008,-90.666486298921569));
#3849=CARTESIAN_POINT('',(277.00117302549847,446.36633520890973,-90.65592985527735));
#3850=CARTESIAN_POINT('',(276.85973028375366,446.07113549029805,-90.634999178468064));
#3851=CARTESIAN_POINT('',(276.72571799671721,445.77196844894587,-90.603007518379272));
#3852=CARTESIAN_POINT('',(276.71247461529452,445.74240412073885,-90.599846033964155));
#3853=CARTESIAN_POINT('',(276.69930469640991,445.7128020566887,-90.596576140339607));
#3854=CARTESIAN_POINT('',(276.68620939515711,445.68316417648958,-90.593197319627578));
#3855=CARTESIAN_POINT('',(276.55200451368523,445.37942559710052,-90.558570072463226));
#3856=CARTESIAN_POINT('',(276.42566234584979,445.07191742750712,-90.512467489241999));
#3857=CARTESIAN_POINT('',(276.3092824846118,444.76620993782228,-90.455562879895183));
#3858=CARTESIAN_POINT('',(276.30001895303513,444.74187642381207,-90.451033422307447));
#3859=CARTESIAN_POINT('',(276.29081347948312,444.71754240013632,-90.44643389634399));
#3860=CARTESIAN_POINT('',(276.28166710991729,444.69321036042061,-90.441764456863098));
#3861=CARTESIAN_POINT('',(276.16469318766946,444.38202523922428,-90.382046483863107));
#3862=CARTESIAN_POINT('',(276.05740524154817,444.07116761806139,-90.310873744126155));
#3863=CARTESIAN_POINT('',(275.95962913505934,443.76064794372832,-90.228097646066331));
#3864=CARTESIAN_POINT('',(275.95411869401909,443.7431477545851,-90.223432571701238));
#3865=CARTESIAN_POINT('',(275.94863844225546,443.72564890180922,-90.218730832034112));
#3866=CARTESIAN_POINT('',(275.94318826236122,443.7081512115808,-90.213992389424192));
#3867=CARTESIAN_POINT('',(275.74010143970008,443.05614515281843,-90.037426611287998));
#3868=CARTESIAN_POINT('',(275.57870274852667,442.40574065193084,-89.80998493980492));
#3869=CARTESIAN_POINT('',(275.4613505692779,441.75770872262405,-89.526469901792396));
#3870=B_SPLINE_CURVE_WITH_KNOTS('',3,(#3794,#3795,#3796,#3797,#3798,#3799,#3800,#3801,#3802,#3803,#3804,#3805,#3806,#3807,#3808,#3809,#3810,#3811,#3812,#3813,#3814,#3815,#3816,#3817,#3818,#3819,#3820,#3821,#3822,#3823,#3824,#3825,#3826,#3827,#3828,#3829,#3830,#3831,#3832,#3833,#3834,#3835,#3836,#3837,#3838,#3839,#3840,#3841,#3842,#3843,#3844,#3845,#3846,#3847,#3848,#3849,#3850,#3851,#3852,#3853,#3854,#3855,#3856,#3857,#3858,#3859,#3860,#3861,#3862,#3863,#3864,#3865,#3866,#3867,#3868,#3869),.UNSPECIFIED.,.F.,.U.,(4,3,3,3,3,3,3,3,3,3,3,3,3,3,3,3,3,3,3,3,3,3,3,3,3,4),(0.00000001074433,0.058429673887216,0.123099830247883,0.125000009401285,0.187528569710584,0.250000008058239,0.251817036342225,0.31250000738672,0.315901885108299,0.3750000067152,0.379687439070542,0.443145167467797,0.50000000537216,0.506301966031579,0.562500004700641,0.569129443476656,0.625000004029122,0.631614595230229,0.693773903771759,0.750000002686081,0.755556386285658,0.812500002014562,0.817032564407967,0.875000001343043,0.878266915469142,1.0),.UNSPECIFIED.);
#3871=EDGE_CURVE('',#3791,#3793,#3870,.T.);
#3872=ORIENTED_EDGE('',*,*,#3871,.T.);
#3873=CARTESIAN_POINT('',(275.4613505692779,441.75770872262405,-89.526469901792439));
#3874=CARTESIAN_POINT('',(274.73832609754692,437.76508626725678,-87.779690986943407));
#3875=CARTESIAN_POINT('',(273.98100185667988,433.89458881204314,-85.857362162169835));
#3876=CARTESIAN_POINT('',(273.18340937739043,430.13311040360202,-83.781977232217116));
#3877=CARTESIAN_POINT('',(273.16296165073362,430.03667809723197,-83.728770983591062));
#3878=CARTESIAN_POINT('',(273.14248746727321,429.94031743713265,-83.675464147967688));
#3879=CARTESIAN_POINT('',(273.1219867478539,429.8440282300615,-83.622057050700036));
#3880=CARTESIAN_POINT('',(272.34104815001524,426.17606142270239,-81.587608268601443));
#3881=CARTESIAN_POINT('',(271.52160032141268,422.61179894996042,-79.407656883892457));
#3882=CARTESIAN_POINT('',(270.65934938121489,419.14056841655986,-77.100303074237758));
#3883=CARTESIAN_POINT('',(270.61604391265655,418.96623023063881,-76.984419132337933));
#3884=CARTESIAN_POINT('',(270.57263051442612,418.79212669683841,-76.868213846048036));
#3885=CARTESIAN_POINT('',(270.52910883972976,418.61825649573962,-76.75168937373607));
#3886=CARTESIAN_POINT('',(270.1270517652822,417.01202822269829,-75.675226007696878));
#3887=CARTESIAN_POINT('',(269.7157572181585,415.42571575537005,-74.571519415910132));
#3888=CARTESIAN_POINT('',(269.29495788266746,413.85828028716685,-73.442271732796144));
#3889=CARTESIAN_POINT('',(268.82785397558484,412.11836491766348,-72.188762137228295));
#3890=CARTESIAN_POINT('',(268.34903825884504,410.40170940384712,-70.903781285377733));
#3891=CARTESIAN_POINT('',(267.85828583420056,408.70687287624554,-69.589644395815142));
#3892=CARTESIAN_POINT('',(267.7904170208098,408.4724847443826,-69.407905280838278));
#3893=CARTESIAN_POINT('',(267.72231992847333,408.23851391625431,-69.225608537694555));
#3894=CARTESIAN_POINT('',(267.65399455048816,408.00495643952036,-69.04276027294658));
#3895=CARTESIAN_POINT('',(267.22738200994115,406.54666156503225,-67.901085465444112));
#3896=CARTESIAN_POINT('',(266.79186876183985,405.10448071191496,-66.737909758847366));
#3897=CARTESIAN_POINT('',(266.34745673245811,403.6774509970906,-65.554714277603836));
#3898=CARTESIAN_POINT('',(266.26712336734676,403.41949646047476,-65.340836010795854));
#3899=CARTESIAN_POINT('',(266.18649924462591,403.1620370005902,-65.126303583948314));
#3900=CARTESIAN_POINT('',(266.10558506150721,402.90506714848738,-64.911125640122052));
#3901=CARTESIAN_POINT('',(265.92646374106312,402.33620792691579,-64.434781988823204));
#3902=CARTESIAN_POINT('',(265.74592396952062,401.76975890151346,-63.955285101132006));
#3903=CARTESIAN_POINT('',(265.56396756720125,401.20564134132724,-63.472711570684943));
#3904=CARTESIAN_POINT('',(265.29955867605668,400.38589717919433,-62.771462642618879));
#3905=CARTESIAN_POINT('',(265.03215875550001,399.57107692949484,-62.063717961443139));
#3906=CARTESIAN_POINT('',(264.7624403896819,398.76282082996192,-61.351447804747821));
#3907=CARTESIAN_POINT('',(264.67008267122287,398.48605551197153,-61.107550262215597));
#3908=CARTESIAN_POINT('',(264.57745306013999,398.2100597902965,-60.86312196513127));
#3909=CARTESIAN_POINT('',(264.48455204908481,397.93481289713549,-60.618167954623644));
#3910=CARTESIAN_POINT('',(264.0342000514969,396.60051107676799,-59.430715560981461));
#3911=CARTESIAN_POINT('',(263.57737446422198,395.28355264412301,-58.230703717881987));
#3912=CARTESIAN_POINT('',(263.11425417979871,393.98197011250096,-57.019033508249954));
#3913=CARTESIAN_POINT('',(262.55471743809574,392.40941267268136,-55.555107129036543));
#3914=CARTESIAN_POINT('',(261.9859924003207,390.85930002066226,-54.074163384576522));
#3915=CARTESIAN_POINT('',(261.40893722170517,389.32938101909258,-52.578658756209293));
#3916=CARTESIAN_POINT('',(261.29508332168609,389.02752557875175,-52.283593326167328));
#3917=CARTESIAN_POINT('',(261.18090516595504,388.72645622567745,-51.987961085040851));
#3918=CARTESIAN_POINT('',(261.06641205108639,388.42615464928593,-51.691777963654744));
#3919=CARTESIAN_POINT('',(260.01700164278554,385.67367822084861,-48.977050089388399));
#3920=CARTESIAN_POINT('',(258.94080156261236,382.98498908384153,-46.215599389705638));
#3921=CARTESIAN_POINT('',(257.84450139135254,380.34501862562314,-43.418319931052579));
#3922=CARTESIAN_POINT('',(257.71320656204631,380.02885113813028,-43.083312842051143));
#3923=CARTESIAN_POINT('',(257.58162330483589,379.71338274426381,-42.747791708611089));
#3924=CARTESIAN_POINT('',(257.4497686224546,379.39858980663439,-42.411772994405148));
#3925=CARTESIAN_POINT('',(256.35549540909489,376.78609646789573,-39.623125132209765));
#3926=CARTESIAN_POINT('',(255.24244005248593,374.21996606943259,-36.800289974431244));
#3927=CARTESIAN_POINT('',(254.12000272052356,371.68638714183771,-33.952194304066552));
#3928=CARTESIAN_POINT('',(253.97788022919781,371.36558656000858,-33.591569758998475));
#3929=CARTESIAN_POINT('',(253.835607031292,371.04530828267315,-33.23053999040868));
#3930=CARTESIAN_POINT('',(253.6932076549391,370.72552759551905,-32.869119548992018));
#3931=CARTESIAN_POINT('',(252.56998423099128,368.20314886369431,-30.018293119199946));
#3932=CARTESIAN_POINT('',(251.43883969547585,365.71157449580789,-27.143267318896797));
#3933=CARTESIAN_POINT('',(250.31157777671424,363.23861387102295,-24.250765540500101));
#3934=CARTESIAN_POINT('',(250.16726071824937,362.92201451010391,-23.880454664815453));
#3935=CARTESIAN_POINT('',(250.02300688871034,362.60572065743503,-23.50985713472113));
#3936=CARTESIAN_POINT('',(249.87884532436382,362.28971206944038,-23.138982396393164));
#3937=CARTESIAN_POINT('',(248.74873643758258,359.81246291353125,-20.231627446639138));
#3938=CARTESIAN_POINT('',(247.62422210370798,357.35256181354856,-17.307365113209499));
#3939=CARTESIAN_POINT('',(246.51900019537953,354.90009480839547,-14.370314947741097));
#3940=CARTESIAN_POINT('',(246.38198541331582,354.59606153716067,-14.006207717058031));
#3941=CARTESIAN_POINT('',(246.24526671568421,354.29214283499385,-13.641903798950509));
#3942=CARTESIAN_POINT('',(246.10887217639106,353.98832649755258,-13.277405684227626));
#3943=CARTESIAN_POINT('',(244.99977212885193,351.51782646107313,-10.313468282758718));
#3944=CARTESIAN_POINT('',(243.91202725017968,349.05389174847335,-7.336854120839944));
#3945=CARTESIAN_POINT('',(242.86049262714107,346.58978674871071,-4.348541882997029));
#3946=CARTESIAN_POINT('',(242.73959767753746,346.306488564098,-4.004975585246474));
#3947=CARTESIAN_POINT('',(242.61918105213738,346.02318829252545,-3.661254587905706));
#3948=CARTESIAN_POINT('',(242.49926516202865,345.73988206348417,-3.31737559798355));
#3949=CARTESIAN_POINT('',(241.44394865066812,343.24665334285754,-0.291077951809863));
#3950=CARTESIAN_POINT('',(240.42735822017704,340.75280200276205,2.74731715790114));
#3951=CARTESIAN_POINT('',(239.46459830316138,338.25547692419354,5.800297148950252));
#3952=CARTESIAN_POINT('',(239.36641874483584,338.00080671111579,6.111631492850801));
#3953=CARTESIAN_POINT('',(239.26879885361768,337.74610041097935,6.42311752904784));
#3954=CARTESIAN_POINT('',(239.17175340527226,337.49136075146987,6.734762095115519));
#3955=CARTESIAN_POINT('',(238.20632366273708,334.95715386091638,9.835071674915426));
#3956=CARTESIAN_POINT('',(237.297681144406,332.41947409347739,12.950916361531405));
#3957=CARTESIAN_POINT('',(236.46030299285019,329.88065675214796,16.089033351951979));
#3958=CARTESIAN_POINT('',(236.38809118704279,329.66172032003328,16.359650747798739));
#3959=CARTESIAN_POINT('',(236.31640937550247,329.44277539842795,16.630433783056311));
#3960=CARTESIAN_POINT('',(236.24526493915829,329.22382310631974,16.9013860707812));
#3961=CARTESIAN_POINT('',(235.40701981332987,326.64406141194382,20.093827337990454));
#3962=CARTESIAN_POINT('',(234.64337986992717,324.06334826110231,23.309883661662791));
#3963=CARTESIAN_POINT('',(233.96653863929205,321.48370703695753,26.555204093852151));
#3964=CARTESIAN_POINT('',(233.23169623658345,318.68300626774158,30.078628725817474));
#3965=CARTESIAN_POINT('',(232.59915504553459,315.88356760943748,33.636543983307178));
#3966=CARTESIAN_POINT('',(232.08284316054699,313.08972378760558,37.237323474123684));
#3967=CARTESIAN_POINT('',(232.05789908888792,312.95474754064691,37.411284415675915));
#3968=CARTESIAN_POINT('',(232.0332263677422,312.81978435218429,37.585345427505821));
#3969=CARTESIAN_POINT('',(232.00882643860342,312.68483502946532,37.759507695903238));
#3970=CARTESIAN_POINT('',(231.76016794327188,311.30957302184129,39.53438693251406));
#3971=CARTESIAN_POINT('',(231.53981500926147,309.93518452675619,41.320605282406092));
#3972=CARTESIAN_POINT('',(231.34992355137686,308.56817853376452,43.111858621578129));
#3973=CARTESIAN_POINT('',(231.17152241688589,307.28389001061316,44.794723303480978));
#3974=CARTESIAN_POINT('',(231.0197959602753,306.00507509226503,46.483355008641418));
#3975=CARTESIAN_POINT('',(230.89559393232759,304.73258333841409,48.178442209964984));
#3976=CARTESIAN_POINT('',(230.88759442340444,304.65062566583993,48.287618085887402));
#3977=CARTESIAN_POINT('',(230.87970907692176,304.56869421511931,48.396820730285484));
#3978=CARTESIAN_POINT('',(230.87193809496998,304.48678925616935,48.506050360184076));
#3979=CARTESIAN_POINT('',(230.61508838909785,301.7796327158037,52.116353213303753));
#3980=CARTESIAN_POINT('',(230.48324653358432,299.10136772758455,55.756101386669393));
#3981=CARTESIAN_POINT('',(230.48324653358432,296.46107709081633,59.432500484592758));
#3982=B_SPLINE_CURVE_WITH_KNOTS('',3,(#3873,#3874,#3875,#3876,#3877,#3878,#3879,#3880,#3881,#3882,#3883,#3884,#3885,#3886,#3887,#3888,#3889,#3890,#3891,#3892,#3893,#3894,#3895,#3896,#3897,#3898,#3899,#3900,#3901,#3902,#3903,#3904,#3905,#3906,#3907,#3908,#3909,#3910,#3911,#3912,#3913,#3914,#3915,#3916,#3917,#3918,#3919,#3920,#3921,#3922,#3923,#3924,#3925,#3926,#3927,#3928,#3929,#3930,#3931,#3932,#3933,#3934,#3935,#3936,#3937,#3938,#3939,#3940,#3941,#3942,#3943,#3944,#3945,#3946,#3947,#3948,#3949,#3950,#3951,#3952,#3953,#3954,#3955,#3956,#3957,#3958,#3959,#3960,#3961,#3962,#3963,#3964,#3965,#3966,#3967,#3968,#3969,#3970,#3971,#3972,#3973,#3974,#3975,#3976,#3977,#3978,#3979,#3980,#3981),.UNSPECIFIED.,.F.,.U.,(4,3,3,3,3,3,3,3,3,3,3,3,3,3,3,3,3,3,3,3,3,3,3,3,3,3,3,3,3,3,3,3,3,3,3,3,4),(0.0,0.060937750483704,0.062500000000001,0.122011128452382,0.125000000000002,0.15261145931814,0.183261271330571,0.187500000000002,0.213965931981352,0.218750000000003,0.229340585575567,0.244730233606152,0.250000000000003,0.275546006392571,0.306410405256509,0.312500000000003,0.368315444566124,0.375000000000002,0.43047569356208,0.437500000000002,0.492906601701041,0.500000000000002,0.555606447470752,0.562500000000002,0.618555319205062,0.625000000000002,0.681716237082356,0.687500000000001,0.745038162167003,0.750000000000001,0.808461864235473,0.871933554252508,0.875000000000001,0.906250000000001,0.93560906393552,0.937500000000001,1.0),.UNSPECIFIED.);
#3983=EDGE_CURVE('',#3793,#2734,#3982,.T.);
#3984=ORIENTED_EDGE('',*,*,#3983,.T.);
#3985=ORIENTED_EDGE('',*,*,#2740,.F.);
#3986=CARTESIAN_POINT('',(295.18220109651276,536.21565725420498,-82.799304181434451));
#3987=VERTEX_POINT('',#3986);
#3988=CARTESIAN_POINT('',(230.48324653358438,323.94586819135418,-118.00557412738681));
#3989=CARTESIAN_POINT('',(230.48324653358438,333.48500602093276,-117.58656049558347));
#3990=CARTESIAN_POINT('',(231.17072285317039,342.88054760573687,-116.87425949814045));
#3991=CARTESIAN_POINT('',(233.13561629950163,356.79680196491034,-115.60837719941189));
#3992=CARTESIAN_POINT('',(233.94614060008234,361.40605165539279,-115.15349788064158));
#3993=CARTESIAN_POINT('',(235.85729120576249,370.57244829935911,-114.21494652867393));
#3994=CARTESIAN_POINT('',(236.95800221171208,375.1295915789434,-113.73139512544358));
#3995=CARTESIAN_POINT('',(239.42180890250967,384.19929742506957,-112.76669992363389));
#3996=CARTESIAN_POINT('',(240.7850872127957,388.71180100116425,-112.28524510575863));
#3997=CARTESIAN_POINT('',(243.73663691512382,397.70069983108215,-111.34810080462579));
#3998=CARTESIAN_POINT('',(245.3179442406738,402.15738226536922,-110.89615784651734));
#3999=CARTESIAN_POINT('',(248.63611309524777,411.01289656428594,-110.04281958346141));
#4000=CARTESIAN_POINT('',(250.37317286872371,415.4126877239537,-109.64126319942076));
#4001=CARTESIAN_POINT('',(253.94516369954988,424.17819133498244,-108.87825760331255));
#4002=CARTESIAN_POINT('',(255.77995440057316,428.54394522420591,-108.51668847396668));
#4003=CARTESIAN_POINT('',(259.48834479902308,437.2607227826237,-107.79923913892941));
#4004=CARTESIAN_POINT('',(261.36179304950269,441.61178668364045,-107.44319193340968));
#4005=CARTESIAN_POINT('',(265.09215182635376,450.3146981724521,-106.68256380911552));
#4006=CARTESIAN_POINT('',(266.94893471368283,454.66657543163342,-106.27780658855184));
#4007=CARTESIAN_POINT('',(270.59865483396089,463.38171040972645,-105.35105183918363));
#4008=CARTESIAN_POINT('',(272.39151636457098,467.74498244073635,-104.82892216520821));
#4009=CARTESIAN_POINT('',(275.87726892914583,476.48791482025706,-103.58907153547716));
#4010=CARTESIAN_POINT('',(277.57014470730456,480.86757689570925,-102.87131423541447));
#4011=CARTESIAN_POINT('',(280.01680643347919,487.44875895179609,-101.58403068598601));
#4012=CARTESIAN_POINT('',(280.81701730362096,489.64438917263175,-101.1197778528302));
#4013=CARTESIAN_POINT('',(281.99297720334931,492.94020701708035,-100.36214541718633));
#4014=CARTESIAN_POINT('',(282.38091028676956,494.0392055729161,-100.09938831004094));
#4015=CARTESIAN_POINT('',(283.14851399357917,496.23787377493642,-99.551972499638708));
#4016=CARTESIAN_POINT('',(283.5281906422573,497.33759216238269,-99.267271875745365));
#4017=CARTESIAN_POINT('',(285.39854032140551,502.81641460016419,-97.79118910043978));
#4018=CARTESIAN_POINT('',(286.81040991493353,507.15267718689415,-96.438003321714604));
#4019=CARTESIAN_POINT('',(289.46918411043742,515.70299591967103,-93.32147018009799));
#4020=CARTESIAN_POINT('',(290.71625298543387,519.91711549054889,-91.558392197794547));
#4021=CARTESIAN_POINT('',(293.05857546518718,528.19130166553214,-87.555518970428551));
#4022=CARTESIAN_POINT('',(294.15396946097258,532.25151198888977,-85.316167573642744));
#4023=CARTESIAN_POINT('',(295.18220109651276,536.21565725420498,-82.799304181434394));
#4024=B_SPLINE_CURVE_WITH_KNOTS('',3,(#3988,#3989,#3990,#3991,#3992,#3993,#3994,#3995,#3996,#3997,#3998,#3999,#4000,#4001,#4002,#4003,#4004,#4005,#4006,#4007,#4008,#4009,#4010,#4011,#4012,#4013,#4014,#4015,#4016,#4017,#4018,#4019,#4020,#4021,#4022,#4023),.UNSPECIFIED.,.F.,.U.,(4,2,2,2,2,2,2,2,2,2,2,2,2,2,2,2,2,4),(0.0,0.124999999999999,0.187499999999998,0.249999999999998,0.312499999999998,0.374999999999998,0.437499999999997,0.499999999999997,0.562499999999996,0.624999999999996,0.687499999999996,0.749999999999995,0.781249999999995,0.796874999999995,0.812499999999995,0.874999999999997,0.937499999999998,1.0),.UNSPECIFIED.);
#4025=EDGE_CURVE('',#2732,#3987,#4024,.T.);
#4026=ORIENTED_EDGE('',*,*,#4025,.T.);
#4027=CARTESIAN_POINT('',(285.13241016094571,552.37027977835794,-82.351954088093251));
#4028=VERTEX_POINT('',#4027);
#4029=CARTESIAN_POINT('',(295.18220109651281,536.21565725420498,-82.799304181434422));
#4030=CARTESIAN_POINT('',(295.37243881235707,536.94908143410578,-82.333648070655556));
#4031=CARTESIAN_POINT('',(295.46936723224599,537.71036352100271,-81.910565979765011));
#4032=CARTESIAN_POINT('',(295.47454199532388,538.49817462043222,-81.527759221316671));
#4033=CARTESIAN_POINT('',(295.47469472436285,538.5214262418815,-81.516460982637241));
#4034=CARTESIAN_POINT('',(295.47476753203102,538.54470097866988,-81.505197819303646));
#4035=CARTESIAN_POINT('',(295.4747601596892,538.56799918459626,-81.493969754525764));
#4036=CARTESIAN_POINT('',(295.47470517275161,538.74176988438637,-81.410224736565837));
#4037=CARTESIAN_POINT('',(295.47018223244578,538.91670965565197,-81.328504024998139));
#4038=CARTESIAN_POINT('',(295.46109261733045,539.09311988419756,-81.248737216414057));
#4039=CARTESIAN_POINT('',(295.45079461645139,539.29298232783185,-81.158366100090689));
#4040=CARTESIAN_POINT('',(295.43463615136289,539.49473261514822,-81.070502046034122));
#4041=CARTESIAN_POINT('',(295.41251573599732,539.69797984869354,-80.985409419853028));
#4042=CARTESIAN_POINT('',(295.40850437975018,539.7348370707,-80.969978568669703));
#4043=CARTESIAN_POINT('',(295.40429681647771,539.77174353766156,-80.954638934449946));
#4044=CARTESIAN_POINT('',(295.39989443093037,539.80869061659382,-80.939394109566095));
#4045=CARTESIAN_POINT('',(295.38001277680371,539.97554766180929,-80.870546814774343));
#4046=CARTESIAN_POINT('',(295.35624606287422,540.14247146871935,-80.803949673459613));
#4047=CARTESIAN_POINT('',(295.32879379731901,540.3087368391017,-80.739857792916396));
#4048=CARTESIAN_POINT('',(295.29511878388939,540.51269044610922,-80.661237872324307));
#4049=CARTESIAN_POINT('',(295.25589966912639,540.71565756350628,-80.586384601910822));
#4050=CARTESIAN_POINT('',(295.21119423274678,540.91841297394569,-80.51493927301442));
#4051=CARTESIAN_POINT('',(295.20049429828725,540.96694106758935,-80.497839331742412));
#4052=CARTESIAN_POINT('',(295.18947970822092,541.01545698838459,-80.480934855378422));
#4053=CARTESIAN_POINT('',(295.1781499420394,541.06396599447135,-80.464224597260014));
#4054=CARTESIAN_POINT('',(295.09444960287664,541.42233351917173,-80.340775070623692));
#4055=CARTESIAN_POINT('',(294.99382818283379,541.77915218707983,-80.228326240309045));
#4056=CARTESIAN_POINT('',(294.87671484978699,542.1347791949936,-80.126838046007805));
#4057=CARTESIAN_POINT('',(294.74300451318379,542.54080475755131,-80.010967203053923));
#4058=CARTESIAN_POINT('',(294.58779890332943,542.94527597896933,-79.909383058719413));
#4059=CARTESIAN_POINT('',(294.41106432358475,543.34828408804731,-79.822884589780699));
#4060=CARTESIAN_POINT('',(294.38286031572392,543.41259772657156,-79.809080819735115));
#4061=CARTESIAN_POINT('',(294.35410766959524,543.47687410105107,-79.795661426186157));
#4062=CARTESIAN_POINT('',(294.32484035907129,543.54104845862162,-79.782640539819184));
#4063=CARTESIAN_POINT('',(294.26203422009536,543.67876332029209,-79.754698389204208));
#4064=CARTESIAN_POINT('',(294.19696007114004,543.81578195933059,-79.728638373564308));
#4065=CARTESIAN_POINT('',(294.12996687990892,543.95148386836217,-79.704580834411601));
#4066=CARTESIAN_POINT('',(294.03118990461218,544.15156724802796,-79.669109603575777));
#4067=CARTESIAN_POINT('',(293.9282399854045,544.34879283984651,-79.637990096562291));
#4068=CARTESIAN_POINT('',(293.82111883627027,544.54376258816114,-79.611034390582716));
#4069=CARTESIAN_POINT('',(293.60524187012368,544.93667732158804,-79.55671163476616));
#4070=CARTESIAN_POINT('',(293.37244205441203,545.32043025645658,-79.519289867600392));
#4071=CARTESIAN_POINT('',(293.12361737593045,545.69581605997928,-79.498769241019971));
#4072=CARTESIAN_POINT('',(293.08192666258753,545.7587121602503,-79.495330998617305));
#4073=CARTESIAN_POINT('',(293.03978549295732,545.82137316767091,-79.49236763750838));
#4074=CARTESIAN_POINT('',(292.99719257263439,545.88380402695145,-79.489882928401727));
#4075=CARTESIAN_POINT('',(292.78332786037367,546.19727766658423,-79.477406873834099));
#4076=CARTESIAN_POINT('',(292.55843889042285,546.504515380925,-79.476962562100766));
#4077=CARTESIAN_POINT('',(292.32222206942379,546.80628529929902,-79.489038091752334));
#4078=CARTESIAN_POINT('',(292.27761726878407,546.86326848530246,-79.491318312908689));
#4079=CARTESIAN_POINT('',(292.23260820100785,546.92005641374521,-79.49404533002749));
#4080=CARTESIAN_POINT('',(292.18724388383112,546.9765939543588,-79.497216861955863));
#4081=CARTESIAN_POINT('',(292.0876381838948,547.10073252087921,-79.504180543484807));
#4082=CARTESIAN_POINT('',(291.98642056056735,547.22354559823339,-79.513275959507652));
#4083=CARTESIAN_POINT('',(291.88410360653836,547.34447612450469,-79.524467337333647));
#4084=CARTESIAN_POINT('',(291.73447233415902,547.52132842319975,-79.5408339318993));
#4085=CARTESIAN_POINT('',(291.5824883018231,547.69415883812121,-79.561681927806575));
#4086=CARTESIAN_POINT('',(291.42796951832219,547.86354811714648,-79.586953683934567));
#4087=CARTESIAN_POINT('',(291.38518706281741,547.91044784757833,-79.593950812423259));
#4088=CARTESIAN_POINT('',(291.3422102050277,547.9570835952062,-79.601287236920086));
#4089=CARTESIAN_POINT('',(291.29903938598454,548.00345898528155,-79.608963159040073));
#4090=CARTESIAN_POINT('',(291.02861237045852,548.29395980527795,-79.657046025113175));
#4091=CARTESIAN_POINT('',(290.75073060107923,548.57405380603291,-79.718439287365982));
#4092=CARTESIAN_POINT('',(290.46624494285078,548.84389401142948,-79.793006244513634));
#4093=CARTESIAN_POINT('',(290.13364356675129,549.15937291536,-79.880184883722748));
#4094=CARTESIAN_POINT('',(289.79200966915255,549.46083708779406,-79.98537623197295));
#4095=CARTESIAN_POINT('',(289.44113214096467,549.74896103822721,-80.109328091296348));
#4096=CARTESIAN_POINT('',(289.41357728529522,549.77158777613795,-80.119062187438828));
#4097=CARTESIAN_POINT('',(289.38596545330972,549.79413225218332,-80.12891191875255));
#4098=CARTESIAN_POINT('',(289.35830422169437,549.81658889493804,-80.138874554741975));
#4099=CARTESIAN_POINT('',(289.20886300656349,549.93791205320065,-80.192698203987447));
#4100=CARTESIAN_POINT('',(289.05777271538091,550.05682675551679,-80.249900204154159));
#4101=CARTESIAN_POINT('',(288.90621531358198,550.17243723628496,-80.310075006439575));
#4102=CARTESIAN_POINT('',(288.72629999143447,550.30967960547423,-80.381509121895789));
#4103=CARTESIAN_POINT('',(288.54572536576575,550.44226640125203,-80.457133016681851));
#4104=CARTESIAN_POINT('',(288.36449963491657,550.57042487875037,-80.536869089734068));
#4105=CARTESIAN_POINT('',(288.35046303885241,550.58035122183855,-80.543044940392406));
#4106=CARTESIAN_POINT('',(288.33642253687162,550.59025100110705,-80.549245458016912));
#4107=CARTESIAN_POINT('',(288.32237816593329,550.60012424269598,-80.555470620739911));
#4108=CARTESIAN_POINT('',(287.97426185774623,550.84485121742932,-80.709773057958984));
#4109=CARTESIAN_POINT('',(287.62370623612105,551.07330952077757,-80.87925014663837));
#4110=CARTESIAN_POINT('',(287.27096679935499,551.28602357372347,-81.063763053909668));
#4111=CARTESIAN_POINT('',(286.91822736258894,551.49873762666937,-81.248275961180966));
#4112=CARTESIAN_POINT('',(286.56329490660522,551.69567065240778,-81.447857494986664));
#4113=CARTESIAN_POINT('',(286.20627649581934,551.8767206507224,-81.662819098111015));
#4114=CARTESIAN_POINT('',(286.18763527300518,551.8861739261198,-81.674043021077665));
#4115=CARTESIAN_POINT('',(286.16898830069954,551.89558351335802,-81.685309179406417));
#4116=CARTESIAN_POINT('',(286.15033512480102,551.90494961438435,-81.69661791443373));
#4117=CARTESIAN_POINT('',(285.81174096334564,552.07496394011662,-81.901895110903169));
#4118=CARTESIAN_POINT('',(285.47108589873426,552.23074069135851,-82.121142385749891));
#4119=CARTESIAN_POINT('',(285.13241016094571,552.37027977835794,-82.351954088093251));
#4120=B_SPLINE_CURVE_WITH_KNOTS('',3,(#4029,#4030,#4031,#4032,#4033,#4034,#4035,#4036,#4037,#4038,#4039,#4040,#4041,#4042,#4043,#4044,#4045,#4046,#4047,#4048,#4049,#4050,#4051,#4052,#4053,#4054,#4055,#4056,#4057,#4058,#4059,#4060,#4061,#4062,#4063,#4064,#4065,#4066,#4067,#4068,#4069,#4070,#4071,#4072,#4073,#4074,#4075,#4076,#4077,#4078,#4079,#4080,#4081,#4082,#4083,#4084,#4085,#4086,#4087,#4088,#4089,#4090,#4091,#4092,#4093,#4094,#4095,#4096,#4097,#4098,#4099,#4100,#4101,#4102,#4103,#4104,#4105,#4106,#4107,#4108,#4109,#4110,#4111,#4112,#4113,#4114,#4115,#4116,#4117,#4118,#4119),.UNSPECIFIED.,.F.,.U.,(4,3,3,3,3,3,3,3,3,3,3,3,3,3,3,3,3,3,3,3,3,3,3,3,3,3,3,3,3,3,4),(0.0,0.121416488384527,0.125000000000023,0.151727779945722,0.18200878721445,0.187500000000035,0.212298916897647,0.242719133323426,0.250000000000048,0.303788489582999,0.365199747041101,0.375000000000057,0.396030837419738,0.427039399186957,0.489529713125664,0.500000000000065,0.552572701582967,0.562500000000064,0.58429720910294,0.616174078027897,0.625000000000062,0.68028659847327,0.74492394731735,0.750000000000047,0.777423633608178,0.809978505996445,0.812500000000035,0.875000000000023,0.937500000000012,0.940763351106534,1.0),.UNSPECIFIED.);
#4121=EDGE_CURVE('',#3987,#4028,#4120,.T.);
#4122=ORIENTED_EDGE('',*,*,#4121,.T.);
#4123=CARTESIAN_POINT('',(275.46135056927795,548.04773794144739,-94.573261043189177));
#4124=VERTEX_POINT('',#4123);
#4125=CARTESIAN_POINT('',(285.13240963354224,552.37028335912964,-82.351951297835356));
#4126=CARTESIAN_POINT('',(284.86402932728885,552.47488869103427,-82.538720134715248));
#4127=CARTESIAN_POINT('',(284.59592580540857,552.56965830180638,-82.733432235030833));
#4128=CARTESIAN_POINT('',(284.33150622875849,552.65353354139984,-82.933429184406137));
#4129=CARTESIAN_POINT('',(284.03884571273977,552.74636695113315,-83.154786510319269));
#4130=CARTESIAN_POINT('',(283.7506816521884,552.8258656207181,-83.382626016613003));
#4131=CARTESIAN_POINT('',(283.46549392543301,552.89271720287957,-83.617744126177712));
#4132=CARTESIAN_POINT('',(283.45711436051948,552.89468147805599,-83.624652514150327));
#4133=CARTESIAN_POINT('',(283.44873737381903,552.89663480484035,-83.631567201364362));
#4134=CARTESIAN_POINT('',(283.44036294024141,552.89857718355279,-83.638488206347319));
#4135=CARTESIAN_POINT('',(283.16478825346593,552.96249439064979,-83.866235404134017));
#4136=CARTESIAN_POINT('',(282.89234537944867,553.01441444167313,-84.100558280320087));
#4137=CARTESIAN_POINT('',(282.62339526525267,553.05421055397323,-84.34095779536834));
#4138=CARTESIAN_POINT('',(282.35469084611265,553.09397031117419,-84.581137697301841));
#4139=CARTESIAN_POINT('',(282.08947322475757,553.12162855547535,-84.827382175169319));
#4140=CARTESIAN_POINT('',(281.82726796921889,553.1367895184967,-85.080163958899817));
#4141=CARTESIAN_POINT('',(281.81964153419312,553.13723048639099,-85.087516305233862));
#4142=CARTESIAN_POINT('',(281.81201702884186,553.13766084265706,-85.094874825070917));
#4143=CARTESIAN_POINT('',(281.8043944459601,553.1380805723727,-85.102239529333161));
#4144=CARTESIAN_POINT('',(281.54982439860595,553.15209821117708,-85.348197250207662));
#4145=CARTESIAN_POINT('',(281.29739422157769,553.15425351033934,-85.601065515864718));
#4146=CARTESIAN_POINT('',(281.05103735775162,553.14421471821697,-85.856774988936735));
#4147=CARTESIAN_POINT('',(281.03722663108181,553.14365194512459,-85.871110021395907));
#4148=CARTESIAN_POINT('',(281.02343428580701,553.14305108124222,-85.885454545558829));
#4149=CARTESIAN_POINT('',(281.00966097031608,553.14241205416283,-85.899807897933414));
#4150=CARTESIAN_POINT('',(280.77038809209182,553.13131074390344,-86.149157296566273));
#4151=CARTESIAN_POINT('',(280.53685819149075,553.10869152427108,-86.401172476275605));
#4152=CARTESIAN_POINT('',(280.30884754785626,553.07455054042737,-86.65570504131658));
#4153=CARTESIAN_POINT('',(280.29076263349231,553.0718426108358,-86.675893570975717));
#4154=CARTESIAN_POINT('',(280.27271208533057,553.06906199972843,-86.696098417426356));
#4155=CARTESIAN_POINT('',(280.25469581308977,553.06620874565954,-86.71631945658487));
#4156=CARTESIAN_POINT('',(280.0107943284558,553.02758183693322,-86.990068731999941));
#4157=CARTESIAN_POINT('',(279.77317750449703,552.97563860499451,-87.26678586270242));
#4158=CARTESIAN_POINT('',(279.54190364828759,552.9101121177423,-87.546110326644168));
#4159=CARTESIAN_POINT('',(279.33469425175844,552.85140377905338,-87.796370578960676));
#4160=CARTESIAN_POINT('',(279.13257622633421,552.78179325387146,-88.048722892415142));
#4161=CARTESIAN_POINT('',(278.93544867043283,552.70065261331854,-88.303295823720418));
#4162=CARTESIAN_POINT('',(278.91359846123396,552.69165874149519,-88.331513450525364));
#4163=CARTESIAN_POINT('',(278.89180459520082,552.6825200808612,-88.359765425864879));
#4164=CARTESIAN_POINT('',(278.87006789421713,552.67323592675689,-88.388050830720715));
#4165=CARTESIAN_POINT('',(278.67622981295415,552.59044403395455,-88.640287295173792));
#4166=CARTESIAN_POINT('',(278.48694638396904,552.49605535631429,-88.895190613441315));
#4167=CARTESIAN_POINT('',(278.30528989211058,552.39137300915525,-89.148377164651848));
#4168=CARTESIAN_POINT('',(278.28386066398161,552.37902408688217,-89.178244483510468));
#4169=CARTESIAN_POINT('',(278.26252860806375,552.36652802689093,-89.208099628827711));
#4170=CARTESIAN_POINT('',(278.24129816376092,552.35388640493579,-89.237936370462378));
#4171=CARTESIAN_POINT('',(278.06237550317741,552.24734729524744,-89.489389854914492));
#4172=CARTESIAN_POINT('',(277.89067555983212,552.13046408994887,-89.739534701401681));
#4173=CARTESIAN_POINT('',(277.72595402580782,552.00310267063981,-89.988323292876316));
#4174=CARTESIAN_POINT('',(277.70645242069025,551.98802418001435,-90.017777710584497));
#4175=CARTESIAN_POINT('',(277.68705092998511,551.9728002336351,-90.047209840453007));
#4176=CARTESIAN_POINT('',(277.66774850482318,551.95743044347023,-90.076620367912511));
#4177=CARTESIAN_POINT('',(277.48635779377827,551.8129958896136,-90.352999964949149));
#4178=CARTESIAN_POINT('',(277.31370934057912,551.65569287941878,-90.627473379605703));
#4179=CARTESIAN_POINT('',(277.14960937541377,551.48478585808584,-90.900152217777389));
#4180=CARTESIAN_POINT('',(277.00117302549745,551.33019219686128,-91.146803406257888));
#4181=CARTESIAN_POINT('',(276.85973028375196,551.16446583972129,-91.391988523360865));
#4182=CARTESIAN_POINT('',(276.72571799671584,550.98717672869884,-91.635078951102145));
#4183=CARTESIAN_POINT('',(276.71247461529316,550.96965663877813,-91.659101668167722));
#4184=CARTESIAN_POINT('',(276.6993046964086,550.95202379580644,-91.683102860827347));
#4185=CARTESIAN_POINT('',(276.68620939515586,550.93427871113522,-91.707080607638076));
#4186=CARTESIAN_POINT('',(276.55200451368512,550.75242134573261,-91.952812309915373));
#4187=CARTESIAN_POINT('',(276.42566234585388,550.55874125268224,-92.196070905041552));
#4188=CARTESIAN_POINT('',(276.30928248461368,550.35660667055618,-92.432369052563388));
#4189=CARTESIAN_POINT('',(276.30001895303673,550.34051728821498,-92.451177765065765));
#4190=CARTESIAN_POINT('',(276.29081347948454,550.32436697004744,-92.469951884763702));
#4191=CARTESIAN_POINT('',(276.28166710991866,550.30815709697788,-92.488689329543092));
#4192=CARTESIAN_POINT('',(276.16469318766883,550.10084725470131,-92.728324563279955));
#4193=CARTESIAN_POINT('',(276.05740524154851,549.88378104345031,-92.961948790298237));
#4194=CARTESIAN_POINT('',(275.95962913507003,549.65683500252851,-93.189478667608881));
#4195=CARTESIAN_POINT('',(275.9541186940304,549.64404483504563,-93.202301738795029));
#4196=CARTESIAN_POINT('',(275.94863844226745,549.63122358266344,-93.215105320002053));
#4197=CARTESIAN_POINT('',(275.94318826237401,549.61837112587398,-93.227889542941909));
#4198=CARTESIAN_POINT('',(275.74010143974374,549.13945764716232,-93.70426046416226));
#4199=CARTESIAN_POINT('',(275.57870274875057,548.61728513121659,-94.153806448794029));
#4200=CARTESIAN_POINT('',(275.46135056927807,548.04773794144739,-94.573261043189149));
#4201=B_SPLINE_CURVE_WITH_KNOTS('',3,(#4125,#4126,#4127,#4128,#4129,#4130,#4131,#4132,#4133,#4134,#4135,#4136,#4137,#4138,#4139,#4140,#4141,#4142,#4143,#4144,#4145,#4146,#4147,#4148,#4149,#4150,#4151,#4152,#4153,#4154,#4155,#4156,#4157,#4158,#4159,#4160,#4161,#4162,#4163,#4164,#4165,#4166,#4167,#4168,#4169,#4170,#4171,#4172,#4173,#4174,#4175,#4176,#4177,#4178,#4179,#4180,#4181,#4182,#4183,#4184,#4185,#4186,#4187,#4188,#4189,#4190,#4191,#4192,#4193,#4194,#4195,#4196,#4197,#4198,#4199,#4200),.UNSPECIFIED.,.F.,.U.,(4,3,3,3,3,3,3,3,3,3,3,3,3,3,3,3,3,3,3,3,3,3,3,3,3,4),(0.000000010743685,0.05842967388767,0.123099830247334,0.12500000940073,0.187528569710103,0.250000008057774,0.251817036341772,0.312500007386299,0.315901885107886,0.375000006714825,0.379687439070165,0.443145167467472,0.500000005371872,0.506301966031306,0.562500004700391,0.5691294434764,0.625000004028911,0.631614595230019,0.693773903771562,0.750000002685942,0.755556386285542,0.812500002014456,0.817032564407873,0.875000001342969,0.878266915469074,0.999999999999996),.UNSPECIFIED.);
#4202=EDGE_CURVE('',#4028,#4124,#4201,.T.);
#4203=ORIENTED_EDGE('',*,*,#4202,.T.);
#4204=CARTESIAN_POINT('',(275.46135056927795,548.04773794144717,-94.573261043189248));
#4205=CARTESIAN_POINT('',(274.73832609659547,544.53867179937731,-97.157584060507759));
#4206=CARTESIAN_POINT('',(273.98100185665453,540.93863747446346,-99.548368769000376));
#4207=CARTESIAN_POINT('',(273.18340937757989,537.26056219810187,-101.76821216131124));
#4208=CARTESIAN_POINT('',(273.16296165092871,537.16626808196258,-101.82512186405475));
#4209=CARTESIAN_POINT('',(273.14248746747347,537.07192267806397,-101.8819192258093));
#4210=CARTESIAN_POINT('',(273.12198674805882,536.9775261715489,-101.93860457660449));
#4211=CARTESIAN_POINT('',(272.34104815039768,533.38165843973786,-104.09793262078543));
#4212=CARTESIAN_POINT('',(271.5216003214403,529.71163392543974,-106.09469877589677));
#4213=CARTESIAN_POINT('',(270.6593493811904,525.97779164410565,-107.94719569544327));
#4214=CARTESIAN_POINT('',(270.61604391262949,525.7902641135712,-108.04023502235376));
#4215=CARTESIAN_POINT('',(270.57263051439725,525.60257561669164,-108.1329104623709));
#4216=CARTESIAN_POINT('',(270.52910883969952,525.41472736295827,-108.22522423732926));
#4217=CARTESIAN_POINT('',(270.12705176523747,523.67936860520228,-109.07802704306053));
#4218=CARTESIAN_POINT('',(269.71575721814531,521.93037442472621,-109.89996064217618));
#4219=CARTESIAN_POINT('',(269.29495788266382,520.16869950986677,-110.6927757348669));
#4220=CARTESIAN_POINT('',(268.82785397559746,518.2131706714714,-111.57283184748728));
#4221=CARTESIAN_POINT('',(268.34903825884692,516.24201685346986,-112.41700870608861));
#4222=CARTESIAN_POINT('',(267.85828583420187,514.25652265926328,-113.22771174947243));
#4223=CARTESIAN_POINT('',(267.79041702081082,513.9819379029002,-113.33982826852333));
#4224=CARTESIAN_POINT('',(267.72231992847412,513.70707887824653,-113.45130457785523));
#4225=CARTESIAN_POINT('',(267.65399455048902,513.43194889757058,-113.56214715357653));
#4226=CARTESIAN_POINT('',(267.22738200994166,511.71408207416903,-114.25423015734133));
#4227=CARTESIAN_POINT('',(266.79186876184048,509.98565193663296,-114.92160755969401));
#4228=CARTESIAN_POINT('',(266.3474567324584,508.24745973482089,-115.56585380406563));
#4229=CARTESIAN_POINT('',(266.26712336734704,507.93325845413989,-115.68230985239242));
#4230=CARTESIAN_POINT('',(266.18649924462613,507.61873819261211,-115.79801007167327));
#4231=CARTESIAN_POINT('',(266.10558506150744,507.30390370087309,-115.91296351968793));
#4232=CARTESIAN_POINT('',(265.92646374106323,506.60694838713107,-116.16743823109658));
#4233=CARTESIAN_POINT('',(265.74592396952067,505.90846738865366,-116.41824903319863));
#4234=CARTESIAN_POINT('',(265.56396756720125,505.20848767199942,-116.66550240581731));
#4235=CARTESIAN_POINT('',(265.29955867605668,504.19131620485109,-117.0247972107954));
#4236=CARTESIAN_POINT('',(265.03215875550023,503.17098120671005,-117.37657990596514));
#4237=CARTESIAN_POINT('',(264.76244038968213,502.15000910688792,-117.72041514257673));
#4238=CARTESIAN_POINT('',(264.67008267122304,501.80040498013932,-117.83815216757668));
#4239=CARTESIAN_POINT('',(264.57745306014021,501.45072600462294,-117.95495732534087));
#4240=CARTESIAN_POINT('',(264.48455204908504,501.10096616218385,-118.07085112187728));
#4241=CARTESIAN_POINT('',(264.03420005149707,499.40545131332135,-118.63266419781027));
#4242=CARTESIAN_POINT('',(263.57737446422198,497.7077313560323,-119.17317773465909));
#4243=CARTESIAN_POINT('',(263.11425417979865,496.00760290767113,-119.69454616734977));
#4244=CARTESIAN_POINT('',(262.55471743809562,493.95352675409191,-120.3244576695372));
#4245=CARTESIAN_POINT('',(261.98599240032075,491.89593552380478,-120.92642273268332));
#4246=CARTESIAN_POINT('',(261.40893722170529,489.83583102337684,-121.50361913959159));
#4247=CARTESIAN_POINT('',(261.29508332168621,489.42936914501149,-121.61750090417628));
#4248=CARTESIAN_POINT('',(261.18090516595521,489.0228094374811,-121.73041849167629));
#4249=CARTESIAN_POINT('',(261.06641205108656,488.61615654199284,-121.84239572493482));
#4250=CARTESIAN_POINT('',(260.01700164278577,484.88889502429765,-122.86874629814626));
#4251=CARTESIAN_POINT('',(258.94080156261242,481.15306399857053,-123.81649404383234));
#4252=CARTESIAN_POINT('',(257.84450139135254,477.41056369678336,-124.70413579656343));
#4253=CARTESIAN_POINT('',(257.71320656204631,476.96235530351373,-124.81044132808209));
#4254=CARTESIAN_POINT('',(257.581623304836,476.51405128151509,-124.9158844045415));
#4255=CARTESIAN_POINT('',(257.44976862245471,476.06565407005115,-125.02049372835754));
#4256=CARTESIAN_POINT('',(256.35549540909494,472.34436750981149,-125.88865539582515));
#4257=CARTESIAN_POINT('',(255.24244005248588,468.61665535324755,-126.69957193142841));
#4258=CARTESIAN_POINT('',(254.1200027205235,464.88334268650584,-127.46966781003624));
#4259=CARTESIAN_POINT('',(253.97788022919775,464.41063237833413,-127.56717699091509));
#4260=CARTESIAN_POINT('',(253.835607031292,463.93783228854539,-127.66403123107297));
#4261=CARTESIAN_POINT('',(253.6932076549391,463.46494266125455,-127.76025920907978));
#4262=CARTESIAN_POINT('',(252.56998423099131,459.7348651853622,-128.51929005390971));
#4263=CARTESIAN_POINT('',(251.43883969547591,455.99923262182045,-129.23954385176592));
#4264=CARTESIAN_POINT('',(250.31157777671436,452.25777228884482,-129.93493968618981));
#4265=CARTESIAN_POINT('',(250.16726071824957,451.77877398274495,-130.02396733772537));
#4266=CARTESIAN_POINT('',(250.02300688871054,451.29968018076903,-130.11258708415025));
#4267=CARTESIAN_POINT('',(249.87884532436399,450.82048894175779,-130.20082118000366));
#4268=CARTESIAN_POINT('',(248.74873643758266,447.06402111949785,-130.89250440564743));
#4269=CARTESIAN_POINT('',(247.62422210370789,443.30158510142633,-131.56071008231487));
#4270=CARTESIAN_POINT('',(246.51900019537948,439.53179154336487,-132.21608372798653));
#4271=CARTESIAN_POINT('',(246.38198541331576,439.06444879627435,-132.29733064912995));
#4272=CARTESIAN_POINT('',(246.24526671568407,438.59699299741169,-132.37838000683777));
#4273=CARTESIAN_POINT('',(246.10887217639092,438.12942020170942,-132.45924361578528));
#4274=CARTESIAN_POINT('',(244.99977212885184,434.32732509857095,-133.11679070669263));
#4275=CARTESIAN_POINT('',(243.91202725017993,430.51753426078483,-133.76231368011113));
#4276=CARTESIAN_POINT('',(242.86049262714127,426.69752744849183,-134.40213508857622));
#4277=CARTESIAN_POINT('',(242.73959767753757,426.25834121444916,-134.47569536442163));
#4278=CARTESIAN_POINT('',(242.61918105213749,425.81901996315162,-134.54918009783208));
#4279=CARTESIAN_POINT('',(242.49926516202873,425.37955890753051,-134.62259099427112));
#4280=CARTESIAN_POINT('',(241.44394865066806,421.51209390621801,-135.26864158069174));
#4281=CARTESIAN_POINT('',(240.4273582201767,417.63384088442638,-135.90918263962041));
#4282=CARTESIAN_POINT('',(239.46459830316127,413.74122011564793,-136.54543960364433));
#4283=CARTESIAN_POINT('',(239.3664187448357,413.34426155822058,-136.61032330580659));
#4284=CARTESIAN_POINT('',(239.26879885361743,412.94715358788153,-136.6751624141302));
#4285=CARTESIAN_POINT('',(239.17175340527206,412.5498916469607,-136.73995114758301));
#4286=CARTESIAN_POINT('',(238.20632366273716,408.59784134598095,-137.38448390334818));
#4287=CARTESIAN_POINT('',(237.29768114440697,404.630600809405,-138.0242567053125));
#4288=CARTESIAN_POINT('',(236.46030299285047,400.64350310498867,-138.65387852326089));
#4289=CARTESIAN_POINT('',(236.38809118704302,400.29967334942199,-138.70817433736266));
#4290=CARTESIAN_POINT('',(236.31640937550264,399.95569590117242,-138.76239468387371));
#4291=CARTESIAN_POINT('',(236.2452649391584,399.61156819073506,-138.81653678719368));
#4292=CARTESIAN_POINT('',(235.40701981332688,395.55695210604347,-139.45445531662895));
#4293=CARTESIAN_POINT('',(234.64337986992831,391.48140905433905,-140.08139030328738));
#4294=CARTESIAN_POINT('',(233.96653863929441,387.38105850456031,-140.6927649199518));
#4295=CARTESIAN_POINT('',(233.23169623659081,382.92933288036261,-141.35653061850547));
#4296=CARTESIAN_POINT('',(232.59915504554215,378.44836855369181,-142.00195798420282));
#4297=CARTESIAN_POINT('',(232.08284316054801,373.93308013031219,-142.62110796270048));
#4298=CARTESIAN_POINT('',(232.05789908888869,373.71493741218228,-142.65102035069773));
#4299=CARTESIAN_POINT('',(232.03322636774257,373.4967145598979,-142.68087139456685));
#4300=CARTESIAN_POINT('',(232.00882643860336,373.27841094972553,-142.71065980206595));
#4301=CARTESIAN_POINT('',(231.76016794326779,371.05368943835913,-143.01423201921924));
#4302=CARTESIAN_POINT('',(231.5398150092509,368.81958472310612,-143.31137819569989));
#4303=CARTESIAN_POINT('',(231.34992355136606,366.58481083027345,-143.59961344317023));
#4304=CARTESIAN_POINT('',(231.17152241687489,364.48526300303809,-143.8704075890567));
#4305=CARTESIAN_POINT('',(231.01979596027005,362.38345758955626,-144.13357794247415));
#4306=CARTESIAN_POINT('',(230.89559393232878,360.27922313465439,-144.38804452676013));
#4307=CARTESIAN_POINT('',(230.88759442340603,360.14369521633819,-144.40443401528361));
#4308=CARTESIAN_POINT('',(230.8797090769238,360.00815722676867,-144.42078741077808));
#4309=CARTESIAN_POINT('',(230.87193809497248,359.87260911295562,-144.4371043709761));
#4310=CARTESIAN_POINT('',(230.61508838911431,355.3924168566175,-144.97641928041804));
#4311=CARTESIAN_POINT('',(230.48324653358449,350.9011699810207,-145.47599071189842));
#4312=CARTESIAN_POINT('',(230.48324653358446,346.39716964936036,-145.92434992745237));
#4313=B_SPLINE_CURVE_WITH_KNOTS('',3,(#4204,#4205,#4206,#4207,#4208,#4209,#4210,#4211,#4212,#4213,#4214,#4215,#4216,#4217,#4218,#4219,#4220,#4221,#4222,#4223,#4224,#4225,#4226,#4227,#4228,#4229,#4230,#4231,#4232,#4233,#4234,#4235,#4236,#4237,#4238,#4239,#4240,#4241,#4242,#4243,#4244,#4245,#4246,#4247,#4248,#4249,#4250,#4251,#4252,#4253,#4254,#4255,#4256,#4257,#4258,#4259,#4260,#4261,#4262,#4263,#4264,#4265,#4266,#4267,#4268,#4269,#4270,#4271,#4272,#4273,#4274,#4275,#4276,#4277,#4278,#4279,#4280,#4281,#4282,#4283,#4284,#4285,#4286,#4287,#4288,#4289,#4290,#4291,#4292,#4293,#4294,#4295,#4296,#4297,#4298,#4299,#4300,#4301,#4302,#4303,#4304,#4305,#4306,#4307,#4308,#4309,#4310,#4311,#4312),.UNSPECIFIED.,.F.,.U.,(4,3,3,3,3,3,3,3,3,3,3,3,3,3,3,3,3,3,3,3,3,3,3,3,3,3,3,3,3,3,3,3,3,3,3,3,4),(0.0,0.060937750483705,0.062499999999998,0.122011128452375,0.124999999999997,0.152611459318314,0.183261271330573,0.187499999999995,0.213965931981345,0.218749999999995,0.22934058557556,0.244730233606144,0.249999999999995,0.275546006392563,0.306410405256502,0.312499999999995,0.368315444566119,0.374999999999996,0.430475693562074,0.437499999999996,0.492906601701035,0.499999999999996,0.555606447470747,0.562499999999997,0.618555319205056,0.624999999999997,0.681716237082351,0.687499999999998,0.745038162167,0.749999999999998,0.808461864235624,0.871933554252506,0.874999999999999,0.906249999999999,0.935609063935519,0.937499999999999,1.0),.UNSPECIFIED.);
#4314=EDGE_CURVE('',#4124,#2805,#4313,.T.);
#4315=ORIENTED_EDGE('',*,*,#4314,.T.);
#4316=ORIENTED_EDGE('',*,*,#2811,.F.);
#4317=CARTESIAN_POINT('',(295.18220109651276,589.45081579793975,-9.406695165297377));
#4318=VERTEX_POINT('',#4317);
#4319=CARTESIAN_POINT('',(230.48324653358438,513.80544541220354,-210.84085992266736));
#4320=CARTESIAN_POINT('',(230.48324653358441,518.21213787731926,-202.37021741614944));
#4321=CARTESIAN_POINT('',(231.17072285317036,522.2930379107944,-193.87728922267459));
#4322=CARTESIAN_POINT('',(233.13561629950175,528.15487886148128,-181.19251827273996));
#4323=CARTESIAN_POINT('',(233.94614060008234,530.06556666101108,-176.97335128901156));
#4324=CARTESIAN_POINT('',(235.85729120576249,533.83595566943416,-168.56574325818832));
#4325=CARTESIAN_POINT('',(236.95800221171203,535.69575950999297,-164.37736570776764));
#4326=CARTESIAN_POINT('',(239.42180890250961,539.39516188137998,-156.04042243926531));
#4327=CARTESIAN_POINT('',(240.78508721279576,541.23446156637237,-151.89175229876122));
#4328=CARTESIAN_POINT('',(243.73663691512388,544.91732020953907,-143.63856540943803));
#4329=CARTESIAN_POINT('',(245.31794424067385,546.75426734389873,-139.55299372569118));
#4330=CARTESIAN_POINT('',(248.63611309524782,550.44301187952965,-131.45722424772504));
#4331=CARTESIAN_POINT('',(250.37317286872363,552.29514942973231,-127.44611514008626));
#4332=CARTESIAN_POINT('',(253.94516369954988,556.01711900578721,-119.47346353791694));
#4333=CARTESIAN_POINT('',(255.77995440057316,557.88686789916085,-115.51182519850573));
#4334=CARTESIAN_POINT('',(259.48834479902325,561.6239273282996,-107.60414972625901));
#4335=CARTESIAN_POINT('',(261.36179304950269,563.49111335388102,-103.65799425172931));
#4336=CARTESIAN_POINT('',(265.0921518263537,567.18384581981479,-95.740737753383982));
#4337=CARTESIAN_POINT('',(266.94893471368277,569.00925441403228,-91.769522882499189));
#4338=CARTESIAN_POINT('',(270.59865483396101,572.56422874704822,-83.758617219376077));
#4339=CARTESIAN_POINT('',(272.39151636457098,574.2936872008205,-79.718847959911884));
#4340=CARTESIAN_POINT('',(275.87726892914571,577.59141124833548,-71.527321100811761));
#4341=CARTESIAN_POINT('',(277.57014470730456,579.15964623045568,-67.375543833447551));
#4342=CARTESIAN_POINT('',(280.01680643347913,581.33541700282046,-61.032431211231987));
#4343=CARTESIAN_POINT('',(280.81701730362073,582.03117736594641,-58.898833246093496));
#4344=CARTESIAN_POINT('',(281.99297720334943,583.02295735217183,-55.665755048732876));
#4345=CARTESIAN_POINT('',(282.38091028676945,583.344902300277,-54.582615827083991));
#4346=CARTESIAN_POINT('',(283.14851399357917,583.97016040304538,-52.404805404440324));
#4347=CARTESIAN_POINT('',(283.5281906422573,584.2734616240034,-51.310071031956269));
#4348=CARTESIAN_POINT('',(285.39854032140545,585.73454766139105,-45.82723023036047));
#4349=CARTESIAN_POINT('',(286.81040991493353,586.73078569433994,-41.395323783409673));
#4350=CARTESIAN_POINT('',(289.46918411043737,588.30694818835252,-32.432263979562705));
#4351=CARTESIAN_POINT('',(290.71625298543381,588.88713765226362,-27.901190385445574));
#4352=CARTESIAN_POINT('',(293.05857546518718,589.55764083672773,-18.734098348584823));
#4353=CARTESIAN_POINT('',(294.15396946097258,589.64841080078975,-14.098177365456365));
#4354=CARTESIAN_POINT('',(295.1822010965127,589.45081579793975,-9.406695165297377));
#4355=B_SPLINE_CURVE_WITH_KNOTS('',3,(#4319,#4320,#4321,#4322,#4323,#4324,#4325,#4326,#4327,#4328,#4329,#4330,#4331,#4332,#4333,#4334,#4335,#4336,#4337,#4338,#4339,#4340,#4341,#4342,#4343,#4344,#4345,#4346,#4347,#4348,#4349,#4350,#4351,#4352,#4353,#4354),.UNSPECIFIED.,.F.,.U.,(4,2,2,2,2,2,2,2,2,2,2,2,2,2,2,2,2,4),(0.0,0.125000000000001,0.187500000000001,0.250000000000001,0.312500000000002,0.375000000000002,0.437500000000002,0.500000000000002,0.562500000000002,0.625000000000002,0.687500000000002,0.750000000000002,0.781250000000003,0.796875000000003,0.812500000000003,0.875000000000002,0.937500000000001,1.0),.UNSPECIFIED.);
#4356=EDGE_CURVE('',#2803,#4318,#4355,.T.);
#4357=ORIENTED_EDGE('',*,*,#4356,.T.);
#4358=CARTESIAN_POINT('',(285.13241016095725,597.14071051478822,4.807293375834411));
#4359=VERTEX_POINT('',#4358);
#4360=CARTESIAN_POINT('',(295.1822010965127,589.45081579793987,-9.406695165297348));
#4361=CARTESIAN_POINT('',(295.3724388124416,589.41425786646982,-8.53870313838307));
#4362=CARTESIAN_POINT('',(295.4693672322511,589.42849907137577,-7.667872466220827));
#4363=CARTESIAN_POINT('',(295.4745419953212,589.49088424353909,-6.794204661506012));
#4364=CARTESIAN_POINT('',(295.47469472436012,589.49272549254931,-6.768419047312806));
#4365=CARTESIAN_POINT('',(295.47476753202807,589.49460867536959,-6.742630952321822));
#4366=CARTESIAN_POINT('',(295.47476015968618,589.49653398899977,-6.71684008173886));
#4367=CARTESIAN_POINT('',(295.47470517274792,589.51089402590162,-6.524477732306724));
#4368=CARTESIAN_POINT('',(295.47018223244413,589.52759169930039,-6.332115090473015));
#4369=CARTESIAN_POINT('',(295.46109261732971,589.54671673096004,-6.139455946772322));
#4370=CARTESIAN_POINT('',(295.45079461645173,589.56838427027196,-5.921184435160482));
#4371=CARTESIAN_POINT('',(295.43463615136289,589.59316691103788,-5.702531534095873));
#4372=CARTESIAN_POINT('',(295.4125157359972,589.62109815186307,-5.48396795350606));
#4373=CARTESIAN_POINT('',(295.40850437975018,589.62616325373938,-5.444333237345274));
#4374=CARTESIAN_POINT('',(295.40429681647771,589.63133197430091,-5.404701482284001));
#4375=CARTESIAN_POINT('',(295.39989443093054,589.63660310814123,-5.365081960892306));
#4376=CARTESIAN_POINT('',(295.38001277680377,589.66040812447761,-5.186155873538136));
#4377=CARTESIAN_POINT('',(295.35624606287422,589.68619521173468,-5.008297045598916));
#4378=CARTESIAN_POINT('',(295.32879379731878,589.71382270019944,-4.832261070805105));
#4379=CARTESIAN_POINT('',(295.29511878388922,589.74771265522702,-4.616322105646983));
#4380=CARTESIAN_POINT('',(295.25589966912611,589.78437138019126,-4.403120790641629));
#4381=CARTESIAN_POINT('',(295.21119423274655,589.82387561560495,-4.191806789998099));
#4382=CARTESIAN_POINT('',(295.20049429828737,589.83333067888168,-4.14123025747103));
#4383=CARTESIAN_POINT('',(295.18947970822148,589.84294893331014,-4.090761999393914));
#4384=CARTESIAN_POINT('',(295.17814994204036,589.8527319283188,-4.040396838752918));
#4385=CARTESIAN_POINT('',(295.09444960287743,589.92500526451704,-3.668316695151176));
#4386=CARTESIAN_POINT('',(294.99382818283414,590.00603105479331,-3.303078249038998));
#4387=CARTESIAN_POINT('',(294.87671484978665,590.0959532043014,-2.944352128761514));
#4388=CARTESIAN_POINT('',(294.74300451318334,590.19861889202423,-2.534788255523654));
#4389=CARTESIAN_POINT('',(294.58779890332858,590.31288005311785,-2.133713830508705));
#4390=CARTESIAN_POINT('',(294.41106432358379,590.4394742361676,-1.741449335646747));
#4391=CARTESIAN_POINT('',(294.38286031572397,590.45967663990155,-1.678850205854445));
#4392=CARTESIAN_POINT('',(294.35410766959626,590.48019329142392,-1.616475535919834));
#4393=CARTESIAN_POINT('',(294.32484035907339,590.5010040518348,-1.554388468810888));
#4394=CARTESIAN_POINT('',(294.26203422009644,590.545662870402,-1.421152824815788));
#4395=CARTESIAN_POINT('',(294.19696007113998,590.59160355435483,-1.289461194794217));
#4396=CARTESIAN_POINT('',(294.12996687990773,590.63862006881266,-1.159911124652327));
#4397=CARTESIAN_POINT('',(294.03118990461104,590.70794277163839,-0.968898219568702));
#4398=CARTESIAN_POINT('',(293.92823998540325,590.77960528392066,-0.782536093270647));
#4399=CARTESIAN_POINT('',(293.82111883626885,590.85374583192242,-0.600209485271048));
#4400=CARTESIAN_POINT('',(293.6052418701222,591.00315831209525,-0.232773966693745));
#4401=CARTESIAN_POINT('',(293.37244205441033,591.16262657850973,0.11827670726214));
#4402=CARTESIAN_POINT('',(293.12361737592869,591.33254809635093,0.453630662623029));
#4403=CARTESIAN_POINT('',(293.08192666258759,591.36101854122023,0.509819404455555));
#4404=CARTESIAN_POINT('',(293.03978549295931,591.38978269892834,0.565567109260492));
#4405=CARTESIAN_POINT('',(292.99719257263837,591.4188463073599,0.62087617392837));
#4406=CARTESIAN_POINT('',(292.78332786037583,591.56477854698301,0.898590336553677));
#4407=CARTESIAN_POINT('',(292.55843889042319,591.71801261890619,1.164888158042913));
#4408=CARTESIAN_POINT('',(292.32222206942203,591.87935529353706,1.420190808629316));
#4409=CARTESIAN_POINT('',(292.27761726878475,591.90982161598481,1.46839958471612));
#4410=CARTESIAN_POINT('',(292.23260820101098,591.94057724630602,1.51621586481386));
#4411=CARTESIAN_POINT('',(292.18724388383663,591.97159264383004,1.563593045286075));
#4412=CARTESIAN_POINT('',(292.08763818389787,592.03969265219985,1.667618356720246));
#4413=CARTESIAN_POINT('',(291.98642056056786,592.10897605221237,1.769429893617062));
#4414=CARTESIAN_POINT('',(291.88410360653626,592.17913333285048,1.868563112550552));
#4415=CARTESIAN_POINT('',(291.73447233415681,592.28173336886539,2.013538398655264));
#4416=CARTESIAN_POINT('',(291.58248830182072,592.38620347039966,2.152789930570199));
#4417=CARTESIAN_POINT('',(291.42796951831974,592.49278409271733,2.286849471270662));
#4418=CARTESIAN_POINT('',(291.38518706281775,592.52229364895607,2.323967265008549));
#4419=CARTESIAN_POINT('',(291.34221020503099,592.55196505275512,2.360686794927793));
#4420=CARTESIAN_POINT('',(291.2990393859908,592.58180029134428,2.397011099781075));
#4421=CARTESIAN_POINT('',(291.02861237046181,592.76869168485052,2.624550756684201));
#4422=CARTESIAN_POINT('',(290.75073060107962,592.96190680996256,2.836422645662044));
#4423=CARTESIAN_POINT('',(290.46624494284794,593.16140379183582,3.032827639926085));
#4424=CARTESIAN_POINT('',(290.13364356674839,593.39464216002375,3.262451065483332));
#4425=CARTESIAN_POINT('',(289.79200966914948,593.63647262608379,3.470931023016681));
#4426=CARTESIAN_POINT('',(289.44113214096137,593.88788006032075,3.65847775386872));
#4427=CARTESIAN_POINT('',(289.41357728529573,593.90762340381559,3.673206035630956));
#4428=CARTESIAN_POINT('',(289.38596545331416,593.92742575937382,3.687805258942396));
#4429=CARTESIAN_POINT('',(289.35830422170261,593.94728197660379,3.702271964054953));
#4430=CARTESIAN_POINT('',(289.20886300656781,594.05455620330883,3.780429076557338));
#4431=CARTESIAN_POINT('',(289.0577727153813,594.16355193976153,3.854811229565325));
#4432=CARTESIAN_POINT('',(288.9062153135784,594.27347008759534,3.9248454417134));
#4433=CARTESIAN_POINT('',(288.72629999143084,594.40395503087188,4.007983762178593));
#4434=CARTESIAN_POINT('',(288.54572536576188,594.53574064277859,4.084995348135233));
#4435=CARTESIAN_POINT('',(288.36449963491259,594.66887334638909,4.15611580883292));
#4436=CARTESIAN_POINT('',(288.35046303885281,594.67918496149014,4.161624348783198));
#4437=CARTESIAN_POINT('',(288.33642253687623,594.68950465690068,4.167097550307524));
#4438=CARTESIAN_POINT('',(288.32237816594221,594.69983242675289,4.172535446978078));
#4439=CARTESIAN_POINT('',(287.97426185775527,594.95582574461685,4.307324005479255));
#4440=CARTESIAN_POINT('',(287.62370623613054,595.21682636044659,4.420436155544774));
#4441=CARTESIAN_POINT('',(287.27096679936488,595.48297625194232,4.512395475502744));
#4442=CARTESIAN_POINT('',(286.91822736259917,595.74912614343816,4.604354795460716));
#4443=CARTESIAN_POINT('',(286.56329490661568,596.02043533470896,4.675113031691604));
#4444=CARTESIAN_POINT('',(286.20627649583002,596.29712254301,4.724426128024712));
#4445=CARTESIAN_POINT('',(286.1876352730107,596.31156938313188,4.727000943185172));
#4446=CARTESIAN_POINT('',(286.16898830070005,596.32603095607055,4.729516805608699));
#4447=CARTESIAN_POINT('',(286.15033512479641,596.34050765840607,4.731973719518929));
#4448=CARTESIAN_POINT('',(285.8117409633461,596.6032900882285,4.776571846373506));
#4449=CARTESIAN_POINT('',(285.47108589874045,596.87105217357316,4.801854832834943));
#4450=CARTESIAN_POINT('',(285.13241016095725,597.14071051478822,4.807293375834411));
#4451=B_SPLINE_CURVE_WITH_KNOTS('',3,(#4360,#4361,#4362,#4363,#4364,#4365,#4366,#4367,#4368,#4369,#4370,#4371,#4372,#4373,#4374,#4375,#4376,#4377,#4378,#4379,#4380,#4381,#4382,#4383,#4384,#4385,#4386,#4387,#4388,#4389,#4390,#4391,#4392,#4393,#4394,#4395,#4396,#4397,#4398,#4399,#4400,#4401,#4402,#4403,#4404,#4405,#4406,#4407,#4408,#4409,#4410,#4411,#4412,#4413,#4414,#4415,#4416,#4417,#4418,#4419,#4420,#4421,#4422,#4423,#4424,#4425,#4426,#4427,#4428,#4429,#4430,#4431,#4432,#4433,#4434,#4435,#4436,#4437,#4438,#4439,#4440,#4441,#4442,#4443,#4444,#4445,#4446,#4447,#4448,#4449,#4450),.UNSPECIFIED.,.F.,.U.,(4,3,3,3,3,3,3,3,3,3,3,3,3,3,3,3,3,3,3,3,3,3,3,3,3,3,3,3,3,3,4),(0.0,0.121416488384613,0.124999999999994,0.151727779945793,0.182008787214576,0.187499999999991,0.212298916897797,0.242719133323598,0.249999999999987,0.30378848958322,0.365199747041368,0.374999999999984,0.396030837420037,0.427039399187283,0.489529713126042,0.499999999999981,0.552572701583405,0.562499999999979,0.584297209103416,0.616174078028404,0.624999999999978,0.680286598473846,0.744923947317994,0.749999999999987,0.777423633608871,0.809978505997168,0.81249999999999,0.874999999999993,0.937499999999997,0.940763351107413,1.0),.UNSPECIFIED.);
#4452=EDGE_CURVE('',#4318,#4359,#4451,.T.);
#4453=ORIENTED_EDGE('',*,*,#4452,.T.);
#4454=CARTESIAN_POINT('',(275.4613505692779,605.56340188690262,-5.04679114139576));
#4455=VERTEX_POINT('',#4454);
#4456=CARTESIAN_POINT('',(285.13240963354883,597.14070988874437,4.807297871992675));
#4457=CARTESIAN_POINT('',(284.86402932729624,597.35475911207106,4.804504328318536));
#4458=CARTESIAN_POINT('',(284.59592580542056,597.57076954274896,4.789221168630532));
#4459=CARTESIAN_POINT('',(284.33150622876946,597.78590960138433,4.76186078219196));
#4460=CARTESIAN_POINT('',(284.0388457127504,598.02402737380498,4.731578210398276));
#4461=CARTESIAN_POINT('',(283.75068165219835,598.26109150903471,4.686506324667107));
#4462=CARTESIAN_POINT('',(283.46549392544335,598.4981355558881,4.626842438317749));
#4463=CARTESIAN_POINT('',(283.45711436052977,598.50510053295989,4.625089356534213));
#4464=CARTESIAN_POINT('',(283.4487373738292,598.51206549113851,4.623323643544141));
#4465=CARTESIAN_POINT('',(283.44036294025153,598.51903044662981,4.621545290361407));
#4466=CARTESIAN_POINT('',(283.16478825347599,598.74822390910242,4.563025616551401));
#4467=CARTESIAN_POINT('',(282.89234537945828,598.97711349807935,4.49082826161439));
#4468=CARTESIAN_POINT('',(282.62339526526171,599.20520364131914,4.405092948315559));
#4469=CARTESIAN_POINT('',(282.35469084612129,599.43308541647264,4.319435957134841));
#4470=CARTESIAN_POINT('',(282.0894732247657,599.66016851199856,4.220266460389277));
#4471=CARTESIAN_POINT('',(281.82726796922691,599.88666443983379,4.107005347646275));
#4472=CARTESIAN_POINT('',(281.81964153420108,599.89325224248364,4.10371106387798));
#4473=CARTESIAN_POINT('',(281.81201702884988,599.89984008572992,4.100404503418428));
#4474=CARTESIAN_POINT('',(281.80439444596806,599.90642797157011,4.097085647883811));
#4475=CARTESIAN_POINT('',(281.54982439861368,600.12644242550675,3.986246418752313));
#4476=CARTESIAN_POINT('',(281.29739422158514,600.34651041695815,3.861678829751509));
#4477=CARTESIAN_POINT('',(281.05103735775867,600.56294192056589,3.725130244214441));
#4478=CARTESIAN_POINT('',(281.03722663108886,600.57507503629347,3.717475352190244));
#4479=CARTESIAN_POINT('',(281.02343428581401,600.58719732668249,3.709782726722537));
#4480=CARTESIAN_POINT('',(281.00966097032307,600.59930818092869,3.702052636850735));
#4481=CARTESIAN_POINT('',(280.77038809209847,600.80970043943353,3.567763920834622));
#4482=CARTESIAN_POINT('',(280.53685819149706,601.01664237738521,3.422167512164686));
#4483=CARTESIAN_POINT('',(280.30884754786223,601.22000355287958,3.265334270325489));
#4484=CARTESIAN_POINT('',(280.29076263349822,601.23613336763367,3.252894869677876));
#4485=CARTESIAN_POINT('',(280.27271208533659,601.25224097238583,3.240384366595563));
#4486=CARTESIAN_POINT('',(280.25469581309574,601.26832627895362,3.227802856509224));
#4487=CARTESIAN_POINT('',(280.01079432846143,601.48608665136783,3.057476334575053));
#4488=CARTESIAN_POINT('',(279.77317750450248,601.69975910024937,2.87413361081006));
#4489=CARTESIAN_POINT('',(279.54190364829276,601.90889793829558,2.677723776257998));
#4490=CARTESIAN_POINT('',(279.33469425176338,602.096275505015,2.501750737381295));
#4491=CARTESIAN_POINT('',(279.13257622633876,602.28001375657936,2.315290097475833));
#4492=CARTESIAN_POINT('',(278.93544867043721,602.45991006192935,2.117733775824982));
#4493=CARTESIAN_POINT('',(278.91359846123828,602.4798503076654,2.095836040945143));
#4494=CARTESIAN_POINT('',(278.89180459520514,602.49974790569945,2.073795741009652));
#4495=CARTESIAN_POINT('',(278.87006789422145,602.51960170780887,2.05161272527479));
#4496=CARTESIAN_POINT('',(278.67622981295818,602.69664894738503,1.85379461065392));
#4497=CARTESIAN_POINT('',(278.48694638397285,602.87020735769363,1.644599958854305));
#4498=CARTESIAN_POINT('',(278.3052898921141,603.03713216935921,1.427349111281441));
#4499=CARTESIAN_POINT('',(278.28386066398508,603.05682356509726,1.401720971454314));
#4500=CARTESIAN_POINT('',(278.26252860806721,603.07643084938024,1.37597149339583));
#4501=CARTESIAN_POINT('',(278.24129816376427,603.09594941462456,1.350105156820218));
#4502=CARTESIAN_POINT('',(278.06237550318053,603.26044496518614,1.13211283910732));
#4503=CARTESIAN_POINT('',(277.89067555983496,603.41863515422074,0.905816590799352));
#4504=CARTESIAN_POINT('',(277.72595402581049,603.57041168495516,0.671124070478224));
#4505=CARTESIAN_POINT('',(277.70645242069298,603.58838071363141,0.64333850569188));
#4506=CARTESIAN_POINT('',(277.68705092998783,603.60625771259549,0.615438116447393));
#4507=CARTESIAN_POINT('',(277.66774850482585,603.62404308143164,0.587422223984082));
#4508=CARTESIAN_POINT('',(277.48635779378037,603.79117755662514,0.324148432641718));
#4509=CARTESIAN_POINT('',(277.31370934057998,603.95022700128527,0.050683322394102));
#4510=CARTESIAN_POINT('',(277.1496093754144,604.1009202915501,-0.233665918851439));
#4511=CARTESIAN_POINT('',(277.00117302549785,604.23722965603554,-0.490873550976325));
#4512=CARTESIAN_POINT('',(276.85973028375327,604.36670301750576,-0.756989344888881));
#4513=CARTESIAN_POINT('',(276.72571799671675,604.48858094783577,-1.032071432719213));
#4514=CARTESIAN_POINT('',(276.71247461529401,604.50062518612208,-1.059255634199937));
#4515=CARTESIAN_POINT('',(276.6993046964094,604.51259440720071,-1.086526720484133));
#4516=CARTESIAN_POINT('',(276.68620939515654,604.52448720272889,-1.113883288006938));
#4517=CARTESIAN_POINT('',(276.55200451368449,604.64636841671609,-1.394242237449165));
#4518=CARTESIAN_POINT('',(276.42566234584785,604.7601964932644,-1.683603415797959));
#4519=CARTESIAN_POINT('',(276.30928248461078,604.86376940081936,-1.976806172666138));
#4520=CARTESIAN_POINT('',(276.30001895303411,604.87201353248804,-2.000144342756231));
#4521=CARTESIAN_POINT('',(276.29081347948221,604.88019723799619,-2.023517988417573));
#4522=CARTESIAN_POINT('',(276.28166710991644,604.88831940464206,-2.046924872677776));
#4523=CARTESIAN_POINT('',(276.16469318766917,604.99219468355898,-2.346278079413901));
#4524=CARTESIAN_POINT('',(276.05740524154805,605.08598609347143,-2.651075046169181));
#4525=CARTESIAN_POINT('',(275.95962913505537,605.16955972689573,-2.961381021544413));
#4526=CARTESIAN_POINT('',(275.95411869401494,605.17426974855675,-2.978869167095894));
#4527=CARTESIAN_POINT('',(275.94863844225097,605.1789473489514,-2.9963744879704));
#4528=CARTESIAN_POINT('',(275.94318826235644,605.18359258239127,-3.013897153520622));
#4529=CARTESIAN_POINT('',(275.74010143968388,605.3566851624787,-3.666833852893626));
#4530=CARTESIAN_POINT('',(275.57870274843367,605.48491714761258,-4.343821509122988));
#4531=CARTESIAN_POINT('',(275.4613505692779,605.56340188690262,-5.046791141395732));
#4532=B_SPLINE_CURVE_WITH_KNOTS('',3,(#4456,#4457,#4458,#4459,#4460,#4461,#4462,#4463,#4464,#4465,#4466,#4467,#4468,#4469,#4470,#4471,#4472,#4473,#4474,#4475,#4476,#4477,#4478,#4479,#4480,#4481,#4482,#4483,#4484,#4485,#4486,#4487,#4488,#4489,#4490,#4491,#4492,#4493,#4494,#4495,#4496,#4497,#4498,#4499,#4500,#4501,#4502,#4503,#4504,#4505,#4506,#4507,#4508,#4509,#4510,#4511,#4512,#4513,#4514,#4515,#4516,#4517,#4518,#4519,#4520,#4521,#4522,#4523,#4524,#4525,#4526,#4527,#4528,#4529,#4530,#4531),.UNSPECIFIED.,.F.,.U.,(4,3,3,3,3,3,3,3,3,3,3,3,3,3,3,3,3,3,3,3,3,3,3,3,3,4),(0.000000010744074,0.058429673888112,0.12309983024766,0.125000009401067,0.187528569710434,0.25000000805806,0.251817036342055,0.31250000738656,0.31590188510815,0.375000006715061,0.3796874390704,0.443145167467679,0.500000005372049,0.506301966031483,0.562500004700541,0.569129443476553,0.625000004029033,0.631614595230134,0.693773903771677,0.750000002686022,0.755556386285616,0.812500002014516,0.81703256440793,0.87500000134301,0.878266915469111,1.0),.UNSPECIFIED.);
#4533=EDGE_CURVE('',#4359,#4455,#4532,.T.);
#4534=ORIENTED_EDGE('',*,*,#4533,.T.);
#4535=CARTESIAN_POINT('',(275.4613505692779,605.56340188690274,-5.046791141395762));
#4536=CARTESIAN_POINT('',(274.73832609686872,606.04695820018674,-9.377893072716574));
#4537=CARTESIAN_POINT('',(273.98100185665487,606.31742133050011,-13.691006606767388));
#4538=CARTESIAN_POINT('',(273.18340937747399,606.40082446262124,-17.986234929261681));
#4539=CARTESIAN_POINT('',(273.16296165082002,606.40296265285269,-18.096350880637168));
#4540=CARTESIAN_POINT('',(273.14248746736212,606.4049779090542,-18.206455078020639));
#4541=CARTESIAN_POINT('',(273.1219867479449,606.40687060961102,-18.316547526088577));
#4542=CARTESIAN_POINT('',(272.34104815018623,606.47896968519683,-22.510324352561287));
#4543=CARTESIAN_POINT('',(271.5216003214253,606.37320764356946,-26.687041892041012));
#4544=CARTESIAN_POINT('',(270.65934938120404,606.11059589562137,-30.846892621180668));
#4545=CARTESIAN_POINT('',(270.6160439126445,606.09740655100768,-31.055815889987723));
#4546=CARTESIAN_POINT('',(270.57263051441328,606.0838215879279,-31.264696616292326));
#4547=CARTESIAN_POINT('',(270.52910883971634,606.06984353529344,-31.473534863560893));
#4548=CARTESIAN_POINT('',(270.12705176526242,605.9407130505881,-33.402801035315861));
#4549=CARTESIAN_POINT('',(269.71575721815265,605.77803133742668,-35.328441226248387));
#4550=CARTESIAN_POINT('',(269.29495788266593,605.58379189077993,-37.250504002066045));
#4551=CARTESIAN_POINT('',(268.82785397559036,605.36817842187577,-39.384069710268925));
#4552=CARTESIAN_POINT('',(268.34903825884578,605.1136801177073,-41.513227420713562));
#4553=CARTESIAN_POINT('',(267.8582858342009,604.82302245109781,-43.63806735365764));
#4554=CARTESIAN_POINT('',(267.79041702081008,604.78282582659824,-43.931922987685077));
#4555=CARTESIAN_POINT('',(267.7223199284735,604.74193763007281,-44.225696040160472));
#4556=CARTESIAN_POINT('',(267.65399455048833,604.70036512613024,-44.519386880629625));
#4557=CARTESIAN_POINT('',(267.2273820099411,604.44079317721662,-46.353144691896119));
#4558=CARTESIAN_POINT('',(266.79186876183979,604.15454389279728,-48.183697800845593));
#4559=CARTESIAN_POINT('',(266.34745673245811,603.84338140580996,-50.011139526460646));
#4560=CARTESIAN_POINT('',(266.26712336734687,603.78713466174486,-50.341473841595466));
#4561=CARTESIAN_POINT('',(266.18649924462608,603.7300738601017,-50.671706487723888));
#4562=CARTESIAN_POINT('',(266.10558506150744,603.67220922046545,-51.001837879564832));
#4563=CARTESIAN_POINT('',(265.92646374106334,603.54411312829518,-51.732656242272327));
#4564=CARTESIAN_POINT('',(265.7459239695209,603.41208115522045,-52.462963932065435));
#4565=CARTESIAN_POINT('',(265.56396756720153,603.27621899875248,-53.19279083513112));
#4566=CARTESIAN_POINT('',(265.2995586760569,603.07879169373723,-54.253334568175298));
#4567=CARTESIAN_POINT('',(265.03215875550018,602.87327694529517,-55.312861944520826));
#4568=CARTESIAN_POINT('',(264.76244038968196,602.66056094500595,-56.368967337827797));
#4569=CARTESIAN_POINT('',(264.67008267122287,602.58772213624741,-56.730601905359912));
#4570=CARTESIAN_POINT('',(264.57745306013999,602.51403888240611,-57.091835360208378));
#4571=CARTESIAN_POINT('',(264.48455204908481,602.43952593312815,-57.452683167252317));
#4572=CARTESIAN_POINT('',(264.03420005149678,602.07831290463321,-59.201948636827566));
#4573=CARTESIAN_POINT('',(263.57737446422175,601.69755137998925,-60.94247401677606));
#4574=CARTESIAN_POINT('',(263.11425417979854,601.29900546325007,-62.675512659098935));
#4575=CARTESIAN_POINT('',(262.55471743809574,600.81748674949131,-64.769350540499815));
#4576=CARTESIAN_POINT('',(261.98599240032081,600.31000817122265,-66.852259348105903));
#4577=CARTESIAN_POINT('',(261.40893722170529,599.77982267236439,-68.924960383381332));
#4578=CARTESIAN_POINT('',(261.29508332168621,599.6752162343397,-69.333907578007981));
#4579=CARTESIAN_POINT('',(261.18090516595527,599.56972587988378,-69.742457406634429));
#4580=CARTESIAN_POINT('',(261.06641205108656,599.46337456078697,-70.150617761279051));
#4581=CARTESIAN_POINT('',(260.01700164278571,598.48858947152939,-73.891696208756855));
#4582=CARTESIAN_POINT('',(258.94080156261225,597.44144758280925,-77.600894654125611));
#4583=CARTESIAN_POINT('',(257.84450139135237,596.33891773924051,-81.285815865509775));
#4584=CARTESIAN_POINT('',(257.71320656204608,596.20687683346353,-81.727128486029812));
#4585=CARTESIAN_POINT('',(257.58162330483577,596.07404120533124,-82.168092695929204));
#4586=CARTESIAN_POINT('',(257.44976862245443,595.94043693149661,-82.608720733951088));
#4587=CARTESIAN_POINT('',(256.35549540909471,594.83164370999566,-86.265530263614082));
#4588=CARTESIAN_POINT('',(255.24244005248573,593.67006195189515,-89.899281956996049));
#4589=CARTESIAN_POINT('',(254.12000272052336,592.47032821274854,-93.517473505968596));
#4590=CARTESIAN_POINT('',(253.97788022919752,592.31841848640579,-93.975607231915461));
#4591=CARTESIAN_POINT('',(253.83560703129177,592.16589667395237,-94.433491240663102));
#4592=CARTESIAN_POINT('',(253.69320765493887,592.01278773381568,-94.891139660086566));
#4593=CARTESIAN_POINT('',(252.56998423099108,590.80508898974824,-98.500996934708454));
#4594=CARTESIAN_POINT('',(251.43883969547585,589.5610307940932,-102.096276532868));
#4595=CARTESIAN_POINT('',(250.31157777671427,588.2925310859024,-105.68417414568862));
#4596=CARTESIAN_POINT('',(250.16726071824939,588.13013214072146,-106.1435126729088));
#4597=CARTESIAN_POINT('',(250.02300688871043,587.96733219141436,-106.60272994942802));
#4598=CARTESIAN_POINT('',(249.87884532436391,587.80414954039782,-107.0618387836094));
#4599=CARTESIAN_POINT('',(248.74873643758252,586.52493087404696,-110.66087695900723));
#4600=CARTESIAN_POINT('',(247.62422210370775,585.22239595595818,-114.25334496910445));
#4601=CARTESIAN_POINT('',(246.51900019537931,583.90506940305011,-117.84576878024446));
#4602=CARTESIAN_POINT('',(246.38198541331565,583.74175992719438,-118.29112293207095));
#4603=CARTESIAN_POINT('',(246.24526671568401,583.57822283049836,-118.73647620788628));
#4604=CARTESIAN_POINT('',(246.10887217639086,583.41446637223748,-119.18183793155663));
#4605=CARTESIAN_POINT('',(244.99977212885173,582.08287130557869,-122.8033224239327));
#4606=CARTESIAN_POINT('',(243.91202725017962,580.73701518039286,-126.42545955927011));
#4607=CARTESIAN_POINT('',(242.86049262714099,579.38111336786199,-130.05359320557812));
#4608=CARTESIAN_POINT('',(242.73959767753735,579.22522531843219,-130.47071977917412));
#4609=CARTESIAN_POINT('',(242.61918105213724,579.06920433870721,-130.88792550992534));
#4610=CARTESIAN_POINT('',(242.49926516202851,578.91304951212749,-131.30521539628657));
#4611=CARTESIAN_POINT('',(241.44394865066801,577.53881323144105,-134.97756362888072));
#4612=CARTESIAN_POINT('',(240.42735822017733,576.15441154974292,-138.65649979752001));
#4613=CARTESIAN_POINT('',(239.46459830316195,574.75911585953384,-142.34573675259307));
#4614=CARTESIAN_POINT('',(239.36641874483641,574.61682751518424,-142.72195479865599));
#4615=CARTESIAN_POINT('',(239.26879885361814,574.47442584498174,-143.09827994317675));
#4616=CARTESIAN_POINT('',(239.17175340527274,574.33190356357056,-143.47471324269736));
#4617=CARTESIAN_POINT('',(238.2063236627377,572.91406015314533,-147.21955557826277));
#4618=CARTESIAN_POINT('',(237.29768114440725,571.48449938400984,-150.97517306684313));
#4619=CARTESIAN_POINT('',(236.46030299285144,570.03621902091527,-154.74291187521038));
#4620=CARTESIAN_POINT('',(236.38809118704413,569.91132569746264,-155.06782508515869));
#4621=CARTESIAN_POINT('',(236.31640937550375,569.78629317081777,-155.39282846692697));
#4622=CARTESIAN_POINT('',(236.24526493915963,569.66111775248794,-155.71792285797156));
#4623=CARTESIAN_POINT('',(235.40701981333291,568.18626336217767,-159.5482826546039));
#4624=CARTESIAN_POINT('',(234.64337986993991,566.69143346121007,-163.39127396493339));
#4625=CARTESIAN_POINT('',(233.96653863930936,565.17072413558003,-167.24796901377681));
#4626=CARTESIAN_POINT('',(233.23169623660266,563.51969928057304,-171.43515934430539));
#4627=CARTESIAN_POINT('',(232.59915504555065,561.83817361230876,-175.63850196749118));
#4628=CARTESIAN_POINT('',(232.08284316055466,560.11672901071643,-179.85843143680358));
#4629=CARTESIAN_POINT('',(232.0578990888954,560.03356253954382,-180.0623047663525));
#4630=CARTESIAN_POINT('',(232.03322636774925,559.95030287572024,-180.26621682205086));
#4631=CARTESIAN_POINT('',(232.00882643861007,559.8669485882649,-180.4701674979467));
#4632=CARTESIAN_POINT('',(231.76016794327472,559.0174890845027,-182.54861895170495));
#4633=CARTESIAN_POINT('',(231.53981500924908,558.15777286443006,-184.6319834781045));
#4634=CARTESIAN_POINT('',(231.34992355136447,557.29000496458912,-186.71147206474697));
#4635=CARTESIAN_POINT('',(231.1715224168735,556.47474566050528,-188.66513089253635));
#4636=CARTESIAN_POINT('',(231.01979596027945,555.65175516517843,-190.61693295105914));
#4637=CARTESIAN_POINT('',(230.89559393233603,554.82001246416735,-192.56648673667894));
#4638=CARTESIAN_POINT('',(230.88759442341313,554.76644221842787,-192.69205210112551));
#4639=CARTESIAN_POINT('',(230.87970907693074,554.71283567958244,-192.81760814101904));
#4640=CARTESIAN_POINT('',(230.87193809497919,554.65919252472372,-192.94315473111692));
#4641=CARTESIAN_POINT('',(230.61508838911362,552.88615680889677,-197.09277249372008));
#4642=CARTESIAN_POINT('',(230.48324653358421,551.0731749222598,-201.23209209862932));
#4643=CARTESIAN_POINT('',(230.48324653358421,549.20946522662564,-205.35685041204408));
#4644=B_SPLINE_CURVE_WITH_KNOTS('',3,(#4535,#4536,#4537,#4538,#4539,#4540,#4541,#4542,#4543,#4544,#4545,#4546,#4547,#4548,#4549,#4550,#4551,#4552,#4553,#4554,#4555,#4556,#4557,#4558,#4559,#4560,#4561,#4562,#4563,#4564,#4565,#4566,#4567,#4568,#4569,#4570,#4571,#4572,#4573,#4574,#4575,#4576,#4577,#4578,#4579,#4580,#4581,#4582,#4583,#4584,#4585,#4586,#4587,#4588,#4589,#4590,#4591,#4592,#4593,#4594,#4595,#4596,#4597,#4598,#4599,#4600,#4601,#4602,#4603,#4604,#4605,#4606,#4607,#4608,#4609,#4610,#4611,#4612,#4613,#4614,#4615,#4616,#4617,#4618,#4619,#4620,#4621,#4622,#4623,#4624,#4625,#4626,#4627,#4628,#4629,#4630,#4631,#4632,#4633,#4634,#4635,#4636,#4637,#4638,#4639,#4640,#4641,#4642,#4643),.UNSPECIFIED.,.F.,.U.,(4,3,3,3,3,3,3,3,3,3,3,3,3,3,3,3,3,3,3,3,3,3,3,3,3,3,3,3,3,3,3,3,3,3,3,3,4),(0.0,0.060937750483705,0.0625,0.122011128452381,0.125,0.15261145931821,0.183261271330573,0.1875,0.213965931981349,0.21875,0.229340585575565,0.244730233606151,0.250000000000001,0.27554600639257,0.306410405256508,0.312500000000001,0.368315444566124,0.375000000000001,0.43047569356208,0.437500000000002,0.492906601701041,0.500000000000002,0.555606447470753,0.562500000000002,0.618555319205063,0.625000000000003,0.681716237082356,0.687500000000003,0.745038162167006,0.750000000000003,0.808461864235348,0.87193355425251,0.875000000000002,0.906250000000002,0.93560906393552,0.937500000000001,1.0),.UNSPECIFIED.);
#4645=EDGE_CURVE('',#4455,#2876,#4644,.T.);
#4646=ORIENTED_EDGE('',*,*,#4645,.T.);
#4647=ORIENTED_EDGE('',*,*,#2882,.F.);
#4648=CARTESIAN_POINT('',(295.18220109651276,552.50853121181387,73.392609016136433));
#4649=VERTEX_POINT('',#4648);
#4650=CARTESIAN_POINT('',(230.48324653358438,689.13294988892744,-92.835285795279688));
#4651=CARTESIAN_POINT('',(230.48324653358438,684.0005045244643,-84.783656920565107));
#4652=CARTESIAN_POINT('',(231.17072285317045,678.68586297313584,-77.00302972453332));
#4653=CARTESIAN_POINT('',(233.13561629950181,670.63144956464907,-65.584141073327231));
#4654=CARTESIAN_POINT('',(233.94614060008237,667.93288767369643,-61.819853408369106));
#4655=CARTESIAN_POINT('',(235.85729120576252,662.53688003815296,-54.350796729513618));
#4656=CARTESIAN_POINT('',(236.95800221171211,659.83954059912787,-50.645970582323294));
#4657=CARTESIAN_POINT('',(239.42180890250972,654.46923712438866,-43.273722515630681));
#4658=CARTESIAN_POINT('',(240.78508721279582,651.79603323328661,-39.606507193002258));
#4659=CARTESIAN_POINT('',(243.73663691512405,646.48999304653466,-32.290464604811639));
#4660=CARTESIAN_POINT('',(245.31794424067391,643.87025774660788,-28.656835879173279));
#4661=CARTESIAN_POINT('',(248.63611309524794,638.70348798332168,-21.414404664263085));
#4662=CARTESIAN_POINT('',(250.37317286872369,636.15583437385681,-17.804851940664996));
#4663=CARTESIAN_POINT('',(253.94516369955011,631.11230033888296,-10.595205934603886));
#4664=CARTESIAN_POINT('',(255.77995440057322,628.61629534303358,-6.995136724538703));
#4665=CARTESIAN_POINT('',(259.48834479902314,623.63657721375398,0.19508941267082));
#4666=CARTESIAN_POINT('',(261.36179304950286,621.15269933831894,3.785197681680713));
#4667=CARTESIAN_POINT('',(265.09215182635387,616.14252031544163,10.941826055731863));
#4668=CARTESIAN_POINT('',(266.94893471368295,613.61605165047752,14.508283706052879));
#4669=CARTESIAN_POINT('',(270.59865483396112,608.45589100540008,21.592434619807776));
#4670=CARTESIAN_POINT('',(272.39151636457103,605.82207742816308,25.110074205296446));
#4671=CARTESIAN_POINT('',(275.87726892914606,600.37686909615729,32.061750434665463));
#4672=CARTESIAN_POINT('',(277.57014470730473,597.56544200282508,35.495770401967079));
#4673=CARTESIAN_POINT('',(280.01680643347925,593.16003071910279,40.551599474754155));
#4674=CARTESIAN_POINT('',(280.81701730362101,591.66016086139302,42.220944606736772));
#4675=CARTESIAN_POINT('',(281.9929772033496,589.35612300317018,44.696390368453578));
#4676=CARTESIAN_POINT('',(282.38091028676968,588.57906939543955,45.516772482956966));
#4677=CARTESIAN_POINT('',(283.14851399357929,587.00565929618779,47.147167095198377));
#4678=CARTESIAN_POINT('',(283.52819064225736,586.20924212969976,47.957200843789124));
#4679=CARTESIAN_POINT('',(285.39854032140562,582.19150572930585,51.963958870079203));
#4680=CARTESIAN_POINT('',(286.81040991493364,578.85148117552501,55.042679538304753));
#4681=CARTESIAN_POINT('',(289.46918411043731,571.87732493676037,60.889206200534893));
#4682=CARTESIAN_POINT('',(290.71625298543381,568.24339482979383,63.657201812348546));
#4683=CARTESIAN_POINT('',(293.05857546518729,560.6397118392747,68.821420621843203));
#4684=CARTESIAN_POINT('',(294.15396946097269,556.67027147997908,71.217990208185881));
#4685=CARTESIAN_POINT('',(295.18220109651281,552.50853121181387,73.392609016136433));
#4686=B_SPLINE_CURVE_WITH_KNOTS('',3,(#4650,#4651,#4652,#4653,#4654,#4655,#4656,#4657,#4658,#4659,#4660,#4661,#4662,#4663,#4664,#4665,#4666,#4667,#4668,#4669,#4670,#4671,#4672,#4673,#4674,#4675,#4676,#4677,#4678,#4679,#4680,#4681,#4682,#4683,#4684,#4685),.UNSPECIFIED.,.F.,.U.,(4,2,2,2,2,2,2,2,2,2,2,2,2,2,2,2,2,4),(0.0,0.124999999999999,0.187499999999998,0.249999999999998,0.312499999999997,0.374999999999996,0.437499999999995,0.499999999999995,0.562499999999994,0.624999999999993,0.687499999999992,0.749999999999992,0.781249999999992,0.796874999999992,0.812499999999993,0.874999999999995,0.937499999999998,1.0),.UNSPECIFIED.);
#4687=EDGE_CURVE('',#2874,#4649,#4686,.T.);
#4688=ORIENTED_EDGE('',*,*,#4687,.T.);
#4689=CARTESIAN_POINT('',(285.13241016093957,544.04380340455907,87.159247463915008));
#4690=VERTEX_POINT('',#4689);
#4691=CARTESIAN_POINT('',(295.1822010965127,552.50853121181387,73.392609016136419));
#4692=CARTESIAN_POINT('',(295.37243881235287,551.73854910050261,73.794944932293475));
#4693=CARTESIAN_POINT('',(295.46936723224496,550.99150821845615,74.242693513544708));
#4694=CARTESIAN_POINT('',(295.47454199532422,550.2660822911846,74.733554559809022));
#4695=CARTESIAN_POINT('',(295.47469472436342,550.2446719187451,74.748041935323826));
#4696=CARTESIAN_POINT('',(295.47476753203154,550.22328036477654,74.762566866982326));
#4697=CARTESIAN_POINT('',(295.47476015968971,550.20190747247989,74.777129672788519));
#4698=CARTESIAN_POINT('',(295.47470517275212,550.04249680959117,74.885747004260125));
#4699=CARTESIAN_POINT('',(295.47018223244589,549.8842547117265,74.996388934524163));
#4700=CARTESIAN_POINT('',(295.46109261733034,549.72696951484124,75.109281269639951));
#4701=CARTESIAN_POINT('',(295.45079461645111,549.54877461052047,75.237181664927618));
#4702=CARTESIAN_POINT('',(295.43463615136284,549.37180696396911,75.367970511936406));
#4703=CARTESIAN_POINT('',(295.41251573599743,549.19649097124898,75.501441466344858));
#4704=CARTESIAN_POINT('',(295.40850437975024,549.16469885111849,75.525645331324057));
#4705=CARTESIAN_POINT('',(295.40429681647765,549.13296110471811,75.549937452167285));
#4706=CARTESIAN_POINT('',(295.39989443093026,549.10128515962572,75.574312148676796));
#4707=CARTESIAN_POINT('',(295.38001277680365,548.95823313074709,75.684390941237453));
#4708=CARTESIAN_POINT('',(295.35624606287422,548.81709641109455,75.795652627860164));
#4709=CARTESIAN_POINT('',(295.32879379731912,548.67845852917719,75.907596722108991));
#4710=CARTESIAN_POINT('',(295.29511878388939,548.50839487719725,76.044915766674904));
#4711=CARTESIAN_POINT('',(295.25589966912651,548.34208648476454,76.183263811266698));
#4712=CARTESIAN_POINT('',(295.211194232747,548.17883530973882,76.323132483013737));
#4713=CARTESIAN_POINT('',(295.20049429828737,548.13976227937144,76.356609074271034));
#4714=CARTESIAN_POINT('',(295.18947970822086,548.10086461300409,76.390172855986393));
#4715=CARTESIAN_POINT('',(295.17814994203911,548.06213860192565,76.423827758511194));
#4716=CARTESIAN_POINT('',(295.09444960287669,547.77604441342407,76.672458375474093));
#4717=CARTESIAN_POINT('',(294.99382818283402,547.50025153579213,76.925247991269231));
#4718=CARTESIAN_POINT('',(294.87671484978756,547.2345466773869,77.182485917243142));
#4719=CARTESIAN_POINT('',(294.74300451318436,546.93118680255202,77.476178947527075));
#4720=CARTESIAN_POINT('',(294.58779890333,546.64097674222796,77.775669228207505));
#4721=CARTESIAN_POINT('',(294.41106432358544,546.36456281619974,78.081435254130639));
#4722=CARTESIAN_POINT('',(294.38286031572403,546.32045158140932,78.130230613880641));
#4723=CARTESIAN_POINT('',(294.35410766959467,546.27669185845184,78.179185890269579));
#4724=CARTESIAN_POINT('',(294.32484035907009,546.23332826129206,78.228252071014779));
#4725=CARTESIAN_POINT('',(294.26203422009473,546.14027221818878,78.333545564391571));
#4726=CARTESIAN_POINT('',(294.19696007113987,546.04919426310312,78.439177178769953));
#4727=CARTESIAN_POINT('',(294.12996687990943,545.96050886852947,78.54466970975588));
#4728=CARTESIAN_POINT('',(294.03118990461275,545.8297481916893,78.700211384003595));
#4729=CARTESIAN_POINT('',(293.92823998540518,545.70418511215325,78.855454003288031));
#4730=CARTESIAN_POINT('',(293.82111883627095,545.58335591184073,79.010824905307999));
#4731=CARTESIAN_POINT('',(293.60524187012447,545.33985365858678,79.323937668068567));
#4732=CARTESIAN_POINT('',(293.3724420544126,545.11556899013226,79.637566574858894));
#4733=CARTESIAN_POINT('',(293.12361737593113,544.91010470445065,79.952399903639261));
#4734=CARTESIAN_POINT('',(293.08192666258708,544.87567904904927,80.005150403073003));
#4735=CARTESIAN_POINT('',(293.03978549295579,544.8417821993371,80.057934746772844));
#4736=CARTESIAN_POINT('',(292.99719257263177,544.80841494848869,80.110759102337866));
#4737=CARTESIAN_POINT('',(292.78332786037214,544.64087354847868,80.375997210391375));
#4738=CARTESIAN_POINT('',(292.55843889042285,544.48686990606052,80.641850720142941));
#4739=CARTESIAN_POINT('',(292.32222206942521,544.34644266231658,80.909228900377158));
#4740=CARTESIAN_POINT('',(292.27761726878418,544.31992579876169,80.959717897624472));
#4741=CARTESIAN_POINT('',(292.23260820100654,544.29389350064093,81.0102611948451));
#4742=CARTESIAN_POINT('',(292.18724388382833,544.26837135755227,81.060809907249777));
#4743=CARTESIAN_POINT('',(292.08763818389338,544.21233279940088,81.171798900208714));
#4744=CARTESIAN_POINT('',(291.98642056056724,544.15880312205832,81.282705853124298));
#4745=CARTESIAN_POINT('',(291.88410360653967,544.10802987642398,81.393030449879817));
#4746=CARTESIAN_POINT('',(291.73447233416033,544.03377761374384,81.554372330550166));
#4747=CARTESIAN_POINT('',(291.58248830182436,543.96541730035676,81.714471858372306));
#4748=CARTESIAN_POINT('',(291.42796951832344,543.90260864364927,81.87380315520079));
#4749=CARTESIAN_POINT('',(291.38518706281701,543.8852184694573,81.91791807743158));
#4750=CARTESIAN_POINT('',(291.34221020502576,543.86825412563007,81.961974031851838));
#4751=CARTESIAN_POINT('',(291.29903938598096,543.85171397414513,82.005974258829212));
#4752=CARTESIAN_POINT('',(291.02861237045664,543.74810454765384,82.281596781800999));
#4753=CARTESIAN_POINT('',(290.75073060107917,543.66122567200875,82.554861933027468));
#4754=CARTESIAN_POINT('',(290.46624494285254,543.59088244848363,82.82583388443534));
#4755=CARTESIAN_POINT('',(290.13364356675311,543.50864191274081,83.14263594920169));
#4756=CARTESIAN_POINT('',(289.79200966915431,543.4490082063669,83.456307254985234));
#4757=CARTESIAN_POINT('',(289.44113214096649,543.4122916901706,83.76780584516068));
#4758=CARTESIAN_POINT('',(289.41357728529476,543.40940829575732,83.79226822306947));
#4759=CARTESIAN_POINT('',(289.38596545330711,543.40666617527256,83.816717177698678));
#4760=CARTESIAN_POINT('',(289.35830422168942,543.40406574975054,83.841146518804635));
#4761=CARTESIAN_POINT('',(289.20886300656076,543.39001681819036,83.973127280548269));
#4762=CARTESIAN_POINT('',(289.05777271538039,543.38009785232441,84.104711433718848));
#4763=CARTESIAN_POINT('',(288.90621531358369,543.37440551938732,84.234920448148628));
#4764=CARTESIAN_POINT('',(288.72629999143635,543.36764809347483,84.389492884070037));
#4765=CARTESIAN_POINT('',(288.54572536576757,543.36684690960362,84.542128364812925));
#4766=CARTESIAN_POINT('',(288.36449963491827,543.37182113571635,84.692984898562699));
#4767=CARTESIAN_POINT('',(288.35046303885173,543.37220640773228,84.704669289175044));
#4768=CARTESIAN_POINT('',(288.33642253686838,543.37262632387774,84.716343008327613));
#4769=CARTESIAN_POINT('',(288.32237816592749,543.3730808521442,84.728006067724863));
#4770=CARTESIAN_POINT('',(287.9742618577398,543.38434719527686,85.017097063444453));
#4771=CARTESIAN_POINT('',(287.62370623611338,543.41688950776688,85.299686302186203));
#4772=CARTESIAN_POINT('',(287.27096679934834,543.4703253463116,85.576158529416887));
#4773=CARTESIAN_POINT('',(286.91822736258325,543.52376118485631,85.852630756647571));
#4774=CARTESIAN_POINT('',(286.56329490659851,543.59813735038972,86.122970526684384));
#4775=CARTESIAN_POINT('',(286.20627649581195,543.69377456039081,86.387245226135505));
#4776=CARTESIAN_POINT('',(286.18763527300064,543.69876812511143,86.401043964259429));
#4777=CARTESIAN_POINT('',(286.16898830069789,543.70382011080835,86.414825985008449));
#4778=CARTESIAN_POINT('',(286.15033512480227,543.7089307121139,86.428591633942659));
#4779=CARTESIAN_POINT('',(285.81174096334377,543.80169881623033,86.678466957260184));
#4780=CARTESIAN_POINT('',(285.47108589873176,543.91368415043701,86.9229972185272));
#4781=CARTESIAN_POINT('',(285.13241016093957,544.04380340455907,87.159247463915008));
#4782=B_SPLINE_CURVE_WITH_KNOTS('',3,(#4691,#4692,#4693,#4694,#4695,#4696,#4697,#4698,#4699,#4700,#4701,#4702,#4703,#4704,#4705,#4706,#4707,#4708,#4709,#4710,#4711,#4712,#4713,#4714,#4715,#4716,#4717,#4718,#4719,#4720,#4721,#4722,#4723,#4724,#4725,#4726,#4727,#4728,#4729,#4730,#4731,#4732,#4733,#4734,#4735,#4736,#4737,#4738,#4739,#4740,#4741,#4742,#4743,#4744,#4745,#4746,#4747,#4748,#4749,#4750,#4751,#4752,#4753,#4754,#4755,#4756,#4757,#4758,#4759,#4760,#4761,#4762,#4763,#4764,#4765,#4766,#4767,#4768,#4769,#4770,#4771,#4772,#4773,#4774,#4775,#4776,#4777,#4778,#4779,#4780,#4781),.UNSPECIFIED.,.F.,.U.,(4,3,3,3,3,3,3,3,3,3,3,3,3,3,3,3,3,3,3,3,3,3,3,3,3,3,3,3,3,3,4),(0.0,0.12141648838445,0.125000000000012,0.151727779945697,0.182008787214333,0.187500000000012,0.212298916897514,0.242719133323267,0.250000000000012,0.303788489582783,0.365199747040842,0.375000000000009,0.39603083741948,0.427039399186685,0.489529713125342,0.500000000000006,0.552572701582606,0.562500000000007,0.584297209102569,0.61617407802751,0.625000000000008,0.680286598472845,0.744923947316895,0.750000000000006,0.777423633607722,0.809978505995969,0.812500000000004,0.875000000000003,0.937500000000001,0.940763351106015,1.0),.UNSPECIFIED.);
#4783=EDGE_CURVE('',#4649,#4690,#4782,.T.);
#4784=ORIENTED_EDGE('',*,*,#4783,.T.);
#4785=CARTESIAN_POINT('',(275.4613505692779,556.78903661353399,89.526469901793163));
#4786=VERTEX_POINT('',#4785);
#4787=CARTESIAN_POINT('',(285.13240963353746,544.04379919768473,87.159249169852217));
#4788=CARTESIAN_POINT('',(284.86402932729351,544.15324308906133,87.343224463107262));
#4789=CARTESIAN_POINT('',(284.59592580539226,544.27448390902259,87.52265340369371));
#4790=CARTESIAN_POINT('',(284.33150622875183,544.40574872807315,87.695289966604236));
#4791=CARTESIAN_POINT('',(284.03884571272079,544.55103309078265,87.886364720709679));
#4792=CARTESIAN_POINT('',(283.7506816521913,544.70859855640151,88.069132341277111));
#4793=CARTESIAN_POINT('',(283.46549392542687,544.87879102109662,88.24458656450156));
#4794=CARTESIAN_POINT('',(283.4571143605134,544.88379172299187,88.249741870690727));
#4795=CARTESIAN_POINT('',(283.44873737381295,544.88880335438637,88.25489084491474));
#4796=CARTESIAN_POINT('',(283.44036294023533,544.893825931165,88.260033496715067));
#4797=CARTESIAN_POINT('',(283.16478825346053,545.05910218653833,88.429261020693957));
#4798=CARTESIAN_POINT('',(282.89234537944213,545.23607172449556,88.591386541938007));
#4799=CARTESIAN_POINT('',(282.62339526524738,545.42436575543536,88.746050743684393));
#4800=CARTESIAN_POINT('',(282.35469084610685,545.61248777338949,88.900573654435121));
#4801=CARTESIAN_POINT('',(282.08947322475376,545.81191262461209,89.047648635556897));
#4802=CARTESIAN_POINT('',(281.82726796921435,546.02324758942677,89.187169306544675));
#4803=CARTESIAN_POINT('',(281.81964153418858,546.02939442418221,89.191227369110408));
#4804=CARTESIAN_POINT('',(281.81201702883726,546.03555191116243,89.195279328487885));
#4805=CARTESIAN_POINT('',(281.80439444595544,546.04172006728709,89.199325177215485));
#4806=CARTESIAN_POINT('',(281.54982439860152,546.24771688241913,89.334443668958329));
#4807=CARTESIAN_POINT('',(281.29739422157326,546.46562957470769,89.462744345614141));
#4808=CARTESIAN_POINT('',(281.05103735774736,546.69209987043757,89.581905233148632));
#4809=CARTESIAN_POINT('',(281.03722663107754,546.70479575925742,89.588585373583584));
#4810=CARTESIAN_POINT('',(281.02343428580281,546.71751891352881,89.595237272278752));
#4811=CARTESIAN_POINT('',(281.00966097031198,546.73026879485428,89.601860534781508));
#4812=CARTESIAN_POINT('',(280.77038809208784,546.95176236361863,89.716921217397811));
#4813=CARTESIAN_POINT('',(280.53685819148723,547.18132352120233,89.823339988437056));
#4814=CARTESIAN_POINT('',(280.30884754785302,547.41882568054007,89.921039311638538));
#4815=CARTESIAN_POINT('',(280.29076263348901,547.43766342488584,89.928788440650052));
#4816=CARTESIAN_POINT('',(280.27271208532733,547.45655164074537,89.936482784018409));
#4817=CARTESIAN_POINT('',(280.25469581308653,547.47549020138206,89.94412231309056));
#4818=CARTESIAN_POINT('',(280.01079432845268,547.73187748252224,90.047545066571217));
#4819=CARTESIAN_POINT('',(279.77317750449407,547.99749316334226,90.140919473508646));
#4820=CARTESIAN_POINT('',(279.54190364828469,548.27215848864034,90.223834102898266));
#4821=CARTESIAN_POINT('',(279.33469425175571,548.51824439404811,90.298121316337969));
#4822=CARTESIAN_POINT('',(279.13257622633165,548.77159317079429,90.364012989886859));
#4823=CARTESIAN_POINT('',(278.93544867043045,549.03263011669696,90.421029599541129));
#4824=CARTESIAN_POINT('',(278.91359846123163,549.06156423425625,90.427349491466217));
#4825=CARTESIAN_POINT('',(278.89180459519855,549.0906004929243,90.433561166870206));
#4826=CARTESIAN_POINT('',(278.87006789421486,549.11973844913791,90.43966355599116));
#4827=CARTESIAN_POINT('',(278.67622981295204,549.37957758151629,90.494081905823293));
#4828=CARTESIAN_POINT('',(278.48694638396682,549.64752466946481,90.539790572291082));
#4829=CARTESIAN_POINT('',(278.30528989210842,549.9191318282891,90.575726275928744));
#4830=CARTESIAN_POINT('',(278.28386066397957,549.9511721463,90.579965454960245));
#4831=CARTESIAN_POINT('',(278.2625286080617,549.98327549057421,90.584071122219001));
#4832=CARTESIAN_POINT('',(278.24129816375887,550.01543567777355,90.588041527278079));
#4833=CARTESIAN_POINT('',(278.06237550317553,550.28647033802349,90.621502694017295));
#4834=CARTESIAN_POINT('',(277.89067555983036,550.56154373235609,90.645351292196708));
#4835=CARTESIAN_POINT('',(277.72595402580629,550.84068168239946,90.659447363350097));
#4836=CARTESIAN_POINT('',(277.70645242068883,550.87372920170105,90.661116216271893));
#4837=CARTESIAN_POINT('',(277.68705092998368,550.90683014704427,90.662647956895853));
#4838=CARTESIAN_POINT('',(277.66774850482182,550.93998530604529,90.664042591891985));
#4839=CARTESIAN_POINT('',(277.48635779377702,551.25155433509485,90.677148397586109));
#4840=CARTESIAN_POINT('',(277.31370934057753,551.56790678994844,90.67815670199424));
#4841=CARTESIAN_POINT('',(277.14960937541247,551.88950710154563,90.666486298920688));
#4842=CARTESIAN_POINT('',(277.00117302549609,552.18041012725564,90.655929855276426));
#4843=CARTESIAN_POINT('',(276.85973028375133,552.47560984586619,90.634999178467865));
#4844=CARTESIAN_POINT('',(276.7257179967151,552.77477688721842,90.603007518378774));
#4845=CARTESIAN_POINT('',(276.71247461529242,552.80434121542544,90.599846033963615));
#4846=CARTESIAN_POINT('',(276.69930469640781,552.83394327947553,90.59657614033901));
#4847=CARTESIAN_POINT('',(276.686209395155,552.86358115967471,90.593197319626896));
#4848=CARTESIAN_POINT('',(276.55200451368398,553.16731973906326,90.558570072461833));
#4849=CARTESIAN_POINT('',(276.42566234585115,553.47482790865627,90.51246748923775));
#4850=CARTESIAN_POINT('',(276.30928248461197,553.78053539834036,90.455562879892838));
#4851=CARTESIAN_POINT('',(276.30001895303513,553.80486891235057,90.451033422305244));
#4852=CARTESIAN_POINT('',(276.29081347948301,553.82920293602638,90.446433896341873));
#4853=CARTESIAN_POINT('',(276.28166710991712,553.85353497574215,90.441764456861108));
#4854=CARTESIAN_POINT('',(276.16469318766809,554.16472009693837,90.382046483862666));
#4855=CARTESIAN_POINT('',(276.05740524154794,554.47557771810057,90.310873744125516));
#4856=CARTESIAN_POINT('',(275.95962913506457,554.78609739243257,90.228097646059524));
#4857=CARTESIAN_POINT('',(275.95411869402466,554.80359758157579,90.223432571694076));
#4858=CARTESIAN_POINT('',(275.94863844226143,554.82109643435172,90.218730832026509));
#4859=CARTESIAN_POINT('',(275.94318826236753,554.83859412458014,90.21399238941612));
#4860=CARTESIAN_POINT('',(275.74010143972271,555.4906001833383,90.037426611262887));
#4861=CARTESIAN_POINT('',(275.57870274861432,556.1410046842052,89.809984939720493));
#4862=CARTESIAN_POINT('',(275.46135056927795,556.78903661353388,89.526469901793121));
#4863=B_SPLINE_CURVE_WITH_KNOTS('',3,(#4787,#4788,#4789,#4790,#4791,#4792,#4793,#4794,#4795,#4796,#4797,#4798,#4799,#4800,#4801,#4802,#4803,#4804,#4805,#4806,#4807,#4808,#4809,#4810,#4811,#4812,#4813,#4814,#4815,#4816,#4817,#4818,#4819,#4820,#4821,#4822,#4823,#4824,#4825,#4826,#4827,#4828,#4829,#4830,#4831,#4832,#4833,#4834,#4835,#4836,#4837,#4838,#4839,#4840,#4841,#4842,#4843,#4844,#4845,#4846,#4847,#4848,#4849,#4850,#4851,#4852,#4853,#4854,#4855,#4856,#4857,#4858,#4859,#4860,#4861,#4862),.UNSPECIFIED.,.F.,.U.,(4,3,3,3,3,3,3,3,3,3,3,3,3,3,3,3,3,3,3,3,3,3,3,3,3,4),(0.000000010743506,0.05842967388508,0.123099830247184,0.12500000940058,0.187528569709763,0.250000008057654,0.251817036341651,0.312500007386188,0.315901885107769,0.375000006714722,0.37968743907007,0.443145167467387,0.500000005371791,0.506301966031216,0.562500004700315,0.56912944347631,0.625000004028838,0.631614595229938,0.693773903771451,0.750000002685881,0.755556386285476,0.812500002014411,0.817032564407828,0.875000001342941,0.878266915469052,1.0),.UNSPECIFIED.);
#4864=EDGE_CURVE('',#4690,#4786,#4863,.T.);
#4865=ORIENTED_EDGE('',*,*,#4864,.T.);
#4866=CARTESIAN_POINT('',(275.46135056927807,556.78903661353411,89.526469901793163));
#4867=CARTESIAN_POINT('',(274.73832609671939,560.78165906911909,87.779690987741162));
#4868=CARTESIAN_POINT('',(273.98100185664049,564.65215652412905,85.857362162210109));
#4869=CARTESIAN_POINT('',(273.18340937748934,568.41363493252061,83.781977232119772));
#4870=CARTESIAN_POINT('',(273.16296165083605,568.51006723888906,83.72877098349025));
#4871=CARTESIAN_POINT('',(273.14248746737888,568.60642789898725,83.675464147863863));
#4872=CARTESIAN_POINT('',(273.1219867479623,568.70271710605732,83.622057050593597));
#4873=CARTESIAN_POINT('',(272.34104815022704,572.37068391337652,81.587608268393708));
#4874=CARTESIAN_POINT('',(271.52160032143109,575.93494638619165,79.407656883874878));
#4875=CARTESIAN_POINT('',(270.65934938120262,579.4061769196046,77.100303074251485));
#4876=CARTESIAN_POINT('',(270.61604391264279,579.58051510552627,76.984419132353295));
#4877=CARTESIAN_POINT('',(270.57263051441134,579.75461863932719,76.868213846064634));
#4878=CARTESIAN_POINT('',(270.52910883971424,579.92848884042633,76.751689373753479));
#4879=CARTESIAN_POINT('',(270.12705176525884,581.53471711347311,75.675226007719829));
#4880=CARTESIAN_POINT('',(269.71575721815083,583.12102958079129,74.571519415920349));
#4881=CARTESIAN_POINT('',(269.2949578826657,584.68846504899295,73.442271732798801));
#4882=CARTESIAN_POINT('',(268.8278539755907,586.42838041849041,72.188762137225609));
#4883=CARTESIAN_POINT('',(268.34903825884652,588.14503593231154,70.903781285376169));
#4884=CARTESIAN_POINT('',(267.85828583420135,589.83987245991261,69.589644395815156));
#4885=CARTESIAN_POINT('',(267.79041702081042,590.07426059177567,69.407905280838463));
#4886=CARTESIAN_POINT('',(267.72231992847389,590.3082314199039,69.225608537694896));
#4887=CARTESIAN_POINT('',(267.65399455048873,590.54178889663774,69.042760272947078));
#4888=CARTESIAN_POINT('',(267.22738200994155,592.0000837711259,67.901085465444879));
#4889=CARTESIAN_POINT('',(266.79186876184031,593.44226462424342,66.737909758848204));
#4890=CARTESIAN_POINT('',(266.34745673245834,594.86929433906789,65.554714277604731));
#4891=CARTESIAN_POINT('',(266.26712336734704,595.12724887568379,65.34083601079675));
#4892=CARTESIAN_POINT('',(266.18649924462613,595.38470833556835,65.126303583949237));
#4893=CARTESIAN_POINT('',(266.10558506150744,595.64167818767123,64.911125640122989));
#4894=CARTESIAN_POINT('',(265.92646374106317,596.21053740924276,64.434781988824099));
#4895=CARTESIAN_POINT('',(265.74592396952062,596.77698643464521,63.95528510113288));
#4896=CARTESIAN_POINT('',(265.56396756720113,597.34110399483154,63.472711570685796));
#4897=CARTESIAN_POINT('',(265.29955867605645,598.16084815696445,62.771462642619717));
#4898=CARTESIAN_POINT('',(265.03215875549995,598.97566840666377,62.063717961443984));
#4899=CARTESIAN_POINT('',(264.7624403896819,599.78392450619685,61.35144780474868));
#4900=CARTESIAN_POINT('',(264.67008267122293,600.06068982418708,61.107550262216535));
#4901=CARTESIAN_POINT('',(264.57745306014016,600.33668554586211,60.863121965132272));
#4902=CARTESIAN_POINT('',(264.48455204908498,600.61193243902301,60.618167954624731));
#4903=CARTESIAN_POINT('',(264.03420005149707,601.94623425939062,59.430715560982534));
#4904=CARTESIAN_POINT('',(263.57737446422209,603.26319269203577,58.230703717882982));
#4905=CARTESIAN_POINT('',(263.11425417979876,604.56477522365788,57.019033508250843));
#4906=CARTESIAN_POINT('',(262.55471743809579,606.13733266347776,55.555107129037395));
#4907=CARTESIAN_POINT('',(261.9859924003207,607.68744531549669,54.074163384577304));
#4908=CARTESIAN_POINT('',(261.40893722170517,609.2173643170662,52.578658756210075));
#4909=CARTESIAN_POINT('',(261.29508332168604,609.51921975740674,52.283593326168173));
#4910=CARTESIAN_POINT('',(261.18090516595504,609.82028911048087,51.987961085041789));
#4911=CARTESIAN_POINT('',(261.06641205108639,610.12059068687233,51.691777963655753));
#4912=CARTESIAN_POINT('',(260.01700164278554,612.87306711530971,48.977050089389344));
#4913=CARTESIAN_POINT('',(258.94080156261219,615.5617562523172,46.215599389706568));
#4914=CARTESIAN_POINT('',(257.84450139135237,618.20172671053581,43.418319931053432));
#4915=CARTESIAN_POINT('',(257.71320656204625,618.51789419802833,43.083312842052131));
#4916=CARTESIAN_POINT('',(257.58162330483589,618.8333625918948,42.747791708612191));
#4917=CARTESIAN_POINT('',(257.4497686224546,619.14815552952416,42.41177299440637));
#4918=CARTESIAN_POINT('',(256.35549540909489,621.76064886826271,39.62312513221098));
#4919=CARTESIAN_POINT('',(255.2424400524859,624.32677926672613,36.80028997443226));
#4920=CARTESIAN_POINT('',(254.1200027205235,626.86035819432095,33.952194304067596));
#4921=CARTESIAN_POINT('',(253.97788022919772,627.18115877615014,33.591569758999533));
#4922=CARTESIAN_POINT('',(253.83560703129194,627.50143705348546,33.230539990409795));
#4923=CARTESIAN_POINT('',(253.69320765493907,627.82121774063955,32.869119548993162));
#4924=CARTESIAN_POINT('',(252.56998423099128,630.34359647246436,30.018293119201161));
#4925=CARTESIAN_POINT('',(251.43883969547574,632.83517084035122,27.143267318897845));
#4926=CARTESIAN_POINT('',(250.31157777671424,635.30813146513617,24.250765540501096));
#4927=CARTESIAN_POINT('',(250.16726071824937,635.62473082605504,23.880454664816497));
#4928=CARTESIAN_POINT('',(250.02300688871046,635.94102467872381,23.509857134722246));
#4929=CARTESIAN_POINT('',(249.87884532436397,636.25703326671839,23.138982396394336));
#4930=CARTESIAN_POINT('',(248.74873643758275,638.73428242262742,20.231627446640346));
#4931=CARTESIAN_POINT('',(247.62422210370801,641.19418352261039,17.307365113210665));
#4932=CARTESIAN_POINT('',(246.5190001953797,643.64665052776354,14.370314947742337));
#4933=CARTESIAN_POINT('',(246.38198541331602,643.9506837989984,14.006207717059262));
#4934=CARTESIAN_POINT('',(246.24526671568441,644.25460250116532,13.641903798951734));
#4935=CARTESIAN_POINT('',(246.10887217639123,644.5584188386066,13.277405684228842));
#4936=CARTESIAN_POINT('',(244.99977212885221,647.02891887508611,10.313468282760066));
#4937=CARTESIAN_POINT('',(243.91202725018016,649.49285358768611,7.336854120841098));
#4938=CARTESIAN_POINT('',(242.86049262714133,651.95695858744853,4.348541882998236));
#4939=CARTESIAN_POINT('',(242.73959767753766,652.24025677206112,4.004975585247656));
#4940=CARTESIAN_POINT('',(242.61918105213755,652.52355704363367,3.661254587906898));
#4941=CARTESIAN_POINT('',(242.49926516202879,652.80686327267495,3.31737559798473));
#4942=CARTESIAN_POINT('',(241.44394865066798,655.30009199330141,0.291077951811086));
#4943=CARTESIAN_POINT('',(240.42735822017647,657.79394333339678,-2.747317157899883));
#4944=CARTESIAN_POINT('',(239.46459830316132,660.2912684119658,-5.8002971489491));
#4945=CARTESIAN_POINT('',(239.36641874483587,660.54593862504339,-6.111631492849604));
#4946=CARTESIAN_POINT('',(239.26879885361768,660.80064492517965,-6.423117529046602));
#4947=CARTESIAN_POINT('',(239.17175340527237,661.05538458468914,-6.734762095114225));
#4948=CARTESIAN_POINT('',(238.20632366273784,663.5895914752432,-9.83507167491423));
#4949=CARTESIAN_POINT('',(237.29768114440793,666.12727124268315,-12.950916361530522));
#4950=CARTESIAN_POINT('',(236.46030299285042,668.66608858401128,-16.089033351951482));
#4951=CARTESIAN_POINT('',(236.38809118704296,668.88502501612584,-16.359650747798089));
#4952=CARTESIAN_POINT('',(236.31640937550247,669.10396993773088,-16.630433783055494));
#4953=CARTESIAN_POINT('',(236.24526493915818,669.3229222298387,-16.901386070780259));
#4954=CARTESIAN_POINT('',(235.40701981332199,671.90268392423025,-20.093827338011319));
#4955=CARTESIAN_POINT('',(234.6433798699276,674.48339707502953,-23.309883661653252));
#4956=CARTESIAN_POINT('',(233.9665386392947,677.06303829918784,-26.5552040938625));
#4957=CARTESIAN_POINT('',(233.2316962365978,679.86373906838298,-30.078628725804521));
#4958=CARTESIAN_POINT('',(232.59915504554996,682.66317772673244,-33.636543983328977));
#4959=CARTESIAN_POINT('',(232.08284316054829,685.45702154854382,-37.237323474129909));
#4960=CARTESIAN_POINT('',(232.05789908888849,685.59199779550215,-37.41128441568236));
#4961=CARTESIAN_POINT('',(232.033226367742,685.72696098396455,-37.58534542751238));
#4962=CARTESIAN_POINT('',(232.00882643860234,685.86191030668306,-37.759507695909875));
#4963=CARTESIAN_POINT('',(231.76016794326182,687.23717231430305,-39.534386932522438));
#4964=CARTESIAN_POINT('',(231.53981500923859,688.61156080940077,-41.320605282404131));
#4965=CARTESIAN_POINT('',(231.34992355135341,689.97856680239261,-43.111858621576204));
#4966=CARTESIAN_POINT('',(231.17152241686188,691.26285532554448,-44.794723303479309));
#4967=CARTESIAN_POINT('',(231.01979596026229,692.54167024386095,-46.483355008661604));
#4968=CARTESIAN_POINT('',(230.89559393232912,693.81416199772036,-48.178442209982293));
#4969=CARTESIAN_POINT('',(230.88759442340691,693.89611967029498,-48.287618085904292));
#4970=CARTESIAN_POINT('',(230.87970907692522,693.97805112101594,-48.396820730301904));
#4971=CARTESIAN_POINT('',(230.87193809497444,694.05995607996658,-48.506050360199765));
#4972=CARTESIAN_POINT('',(230.615088389134,696.76711262035826,-52.116353213302659));
#4973=CARTESIAN_POINT('',(230.48324653358389,699.44537760890296,-55.756101386440342));
#4974=CARTESIAN_POINT('',(230.48324653358389,702.08566824534296,-59.432500484591188));
#4975=B_SPLINE_CURVE_WITH_KNOTS('',3,(#4866,#4867,#4868,#4869,#4870,#4871,#4872,#4873,#4874,#4875,#4876,#4877,#4878,#4879,#4880,#4881,#4882,#4883,#4884,#4885,#4886,#4887,#4888,#4889,#4890,#4891,#4892,#4893,#4894,#4895,#4896,#4897,#4898,#4899,#4900,#4901,#4902,#4903,#4904,#4905,#4906,#4907,#4908,#4909,#4910,#4911,#4912,#4913,#4914,#4915,#4916,#4917,#4918,#4919,#4920,#4921,#4922,#4923,#4924,#4925,#4926,#4927,#4928,#4929,#4930,#4931,#4932,#4933,#4934,#4935,#4936,#4937,#4938,#4939,#4940,#4941,#4942,#4943,#4944,#4945,#4946,#4947,#4948,#4949,#4950,#4951,#4952,#4953,#4954,#4955,#4956,#4957,#4958,#4959,#4960,#4961,#4962,#4963,#4964,#4965,#4966,#4967,#4968,#4969,#4970,#4971,#4972,#4973,#4974),.UNSPECIFIED.,.F.,.U.,(4,3,3,3,3,3,3,3,3,3,3,3,3,3,3,3,3,3,3,3,3,3,3,3,3,3,3,3,3,3,3,3,3,3,3,3,4),(0.0,0.060937750483705,0.0625,0.122011128452382,0.125,0.152611459318175,0.183261271330572,0.1875,0.21396593198135,0.21875,0.229340585575566,0.244730233606151,0.25,0.27554600639257,0.306410405256508,0.3125,0.368315444566124,0.375,0.430475693562079,0.4375,0.49290660170104,0.5,0.55560644747075,0.5625,0.618555319205061,0.625,0.681716237082356,0.6875,0.745038162167005,0.75,0.808461864235861,0.871933554252509,0.875,0.90625,0.935609063935523,0.9375,1.0),.UNSPECIFIED.);
#4976=EDGE_CURVE('',#4786,#2947,#4975,.T.);
#4977=ORIENTED_EDGE('',*,*,#4976,.T.);
#4978=ORIENTED_EDGE('',*,*,#2953,.F.);
#4979=CARTESIAN_POINT('',(295.18220109651281,462.3310880819534,82.799304181434053));
#4980=VERTEX_POINT('',#4979);
#4981=CARTESIAN_POINT('',(230.48324653358438,674.60087714480426,118.00557412738797));
#4982=CARTESIAN_POINT('',(230.48324653358435,665.06173931522562,117.58656049558459));
#4983=CARTESIAN_POINT('',(231.17072285317025,655.66619773042157,116.87425949814148));
#4984=CARTESIAN_POINT('',(233.13561629950161,641.74994337124758,115.60837719941283));
#4985=CARTESIAN_POINT('',(233.94614060008229,637.14069368076582,115.15349788064262));
#4986=CARTESIAN_POINT('',(235.85729120576249,627.97429703679938,114.21494652867491));
#4987=CARTESIAN_POINT('',(236.95800221171211,623.41715375721515,113.73139512544455));
#4988=CARTESIAN_POINT('',(239.42180890250964,614.34744791108892,112.76669992363483));
#4989=CARTESIAN_POINT('',(240.78508721279573,609.83494433499413,112.28524510575937));
#4990=CARTESIAN_POINT('',(243.73663691512391,600.84604550507652,111.3481008046265));
#4991=CARTESIAN_POINT('',(245.31794424067374,596.38936307078905,110.89615784651804));
#4992=CARTESIAN_POINT('',(248.63611309524771,587.53384877187284,110.04281958346203));
#4993=CARTESIAN_POINT('',(250.37317286872369,583.1340576122052,109.6412631994214));
#4994=CARTESIAN_POINT('',(253.94516369954997,574.36855400117622,108.87825760331312));
#4995=CARTESIAN_POINT('',(255.7799544005731,570.00280011195264,108.51668847396715));
#4996=CARTESIAN_POINT('',(259.48834479902325,561.28602255353439,107.79923913892981));
#4997=CARTESIAN_POINT('',(261.36179304950281,556.93495865251805,107.44319193341011));
#4998=CARTESIAN_POINT('',(265.09215182635381,548.23204716370651,106.68256380911602));
#4999=CARTESIAN_POINT('',(266.94893471368283,543.88016990452479,106.27780658855221));
#5000=CARTESIAN_POINT('',(270.59865483396089,535.16503492643187,105.35105183918397));
#5001=CARTESIAN_POINT('',(272.39151636457098,530.80176289542203,104.82892216520844));
#5002=CARTESIAN_POINT('',(275.87726892914588,522.05883051590126,103.58907153547733));
#5003=CARTESIAN_POINT('',(277.57014470730473,517.6791684404493,102.8713142354146));
#5004=CARTESIAN_POINT('',(280.0168064334793,511.09798638436246,101.58403068598608));
#5005=CARTESIAN_POINT('',(280.81701730362079,508.90235616352652,101.11977785283024));
#5006=CARTESIAN_POINT('',(281.99297720334948,505.6065383190778,100.36214541718638));
#5007=CARTESIAN_POINT('',(282.38091028676956,504.50753976324222,100.09938831004089));
#5008=CARTESIAN_POINT('',(283.14851399357929,502.30887156122213,99.551972499638666));
#5009=CARTESIAN_POINT('',(283.52819064225747,501.2091531737758,99.267271875745294));
#5010=CARTESIAN_POINT('',(285.39854032140568,495.73033073599419,97.791189100439638));
#5011=CARTESIAN_POINT('',(286.81040991493353,491.39406814926429,96.438003321714575));
#5012=CARTESIAN_POINT('',(289.46918411043742,482.84374941648753,93.321470180097776));
#5013=CARTESIAN_POINT('',(290.71625298543393,478.62962984560971,91.558392197794319));
#5014=CARTESIAN_POINT('',(293.05857546518729,470.35544367062641,87.555518970428267));
#5015=CARTESIAN_POINT('',(294.1539694609728,466.29523334726883,85.316167573642531));
#5016=CARTESIAN_POINT('',(295.18220109651276,462.33108808195345,82.799304181434096));
#5017=B_SPLINE_CURVE_WITH_KNOTS('',3,(#4981,#4982,#4983,#4984,#4985,#4986,#4987,#4988,#4989,#4990,#4991,#4992,#4993,#4994,#4995,#4996,#4997,#4998,#4999,#5000,#5001,#5002,#5003,#5004,#5005,#5006,#5007,#5008,#5009,#5010,#5011,#5012,#5013,#5014,#5015,#5016),.UNSPECIFIED.,.F.,.U.,(4,2,2,2,2,2,2,2,2,2,2,2,2,2,2,2,2,4),(0.0,0.125000000000001,0.187500000000002,0.250000000000002,0.312500000000003,0.375000000000003,0.437500000000004,0.500000000000005,0.562500000000005,0.625000000000006,0.687500000000006,0.750000000000007,0.781250000000007,0.796875000000007,0.812500000000006,0.875000000000004,0.937500000000002,1.0),.UNSPECIFIED.);
#5018=EDGE_CURVE('',#2945,#4980,#5017,.T.);
#5019=ORIENTED_EDGE('',*,*,#5018,.T.);
#5020=CARTESIAN_POINT('',(285.13241016095714,446.17646555779709,82.351954088079651));
#5021=VERTEX_POINT('',#5020);
#5022=CARTESIAN_POINT('',(295.18220109651287,462.3310880819534,82.799304181434053));
#5023=CARTESIAN_POINT('',(295.37243881230961,461.59766390202714,82.333648070678322));
#5024=CARTESIAN_POINT('',(295.4693672322432,460.83638181515425,81.910565979765948));
#5025=CARTESIAN_POINT('',(295.47454199532507,460.04857071572621,81.527759221315378));
#5026=CARTESIAN_POINT('',(295.47469472436427,460.02531909427751,81.516460982636133));
#5027=CARTESIAN_POINT('',(295.47476753203244,460.00204435748981,81.505197819302879));
#5028=CARTESIAN_POINT('',(295.47476015969067,459.97874615156411,81.493969754525295));
#5029=CARTESIAN_POINT('',(295.47470517275337,459.80497545177332,81.4102247365647));
#5030=CARTESIAN_POINT('',(295.47018223244629,459.63003568050669,81.328504024997471));
#5031=CARTESIAN_POINT('',(295.46109261733039,459.45362545196014,81.248737216413289));
#5032=CARTESIAN_POINT('',(295.45079461645076,459.2537630083259,81.158366100090291));
#5033=CARTESIAN_POINT('',(295.43463615136267,459.05201272100948,81.070502046033397));
#5034=CARTESIAN_POINT('',(295.41251573599732,458.84876548746411,80.985409419852203));
#5035=CARTESIAN_POINT('',(295.4085043797503,458.81190826545884,80.969978568669347));
#5036=CARTESIAN_POINT('',(295.40429681647788,458.77500179849847,80.954638934450074));
#5037=CARTESIAN_POINT('',(295.39989443093071,458.73805471956729,80.939394109566678));
#5038=CARTESIAN_POINT('',(295.38001277680399,458.57119767435063,80.8705468147744));
#5039=CARTESIAN_POINT('',(295.35624606287433,458.40427386743954,80.803949673459314));
#5040=CARTESIAN_POINT('',(295.32879379731884,458.23800849705577,80.739857792915672));
#5041=CARTESIAN_POINT('',(295.29511878388905,458.0340548900482,80.661237872323639));
#5042=CARTESIAN_POINT('',(295.25589966912599,457.83108777265136,80.586384601910112));
#5043=CARTESIAN_POINT('',(295.21119423274638,457.62833236221189,80.514939273013681));
#5044=CARTESIAN_POINT('',(295.20049429828725,457.5798042685696,80.497839331742227));
#5045=CARTESIAN_POINT('',(295.18947970822126,457.53128834777567,80.480934855378777));
#5046=CARTESIAN_POINT('',(295.17814994204008,457.4827793416905,80.464224597260881));
#5047=CARTESIAN_POINT('',(295.09444960287709,457.1244118169887,80.340775070623948));
#5048=CARTESIAN_POINT('',(294.99382818283374,456.76759314907883,80.228326240308817));
#5049=CARTESIAN_POINT('',(294.87671484978637,456.41196614116353,80.126838046007137));
#5050=CARTESIAN_POINT('',(294.74300451318311,456.00594057860576,80.010967203053255));
#5051=CARTESIAN_POINT('',(294.58779890332869,455.60146935718763,79.909383058718703));
#5052=CARTESIAN_POINT('',(294.41106432358396,455.1984612481096,79.822884589780074));
#5053=CARTESIAN_POINT('',(294.38286031572409,455.13414760958761,79.809080819734973));
#5054=CARTESIAN_POINT('',(294.35410766959637,455.06987123511044,79.795661426186484));
#5055=CARTESIAN_POINT('',(294.32484035907345,455.00569687754205,79.782640539819937));
#5056=CARTESIAN_POINT('',(294.26203422009655,454.8679820158693,79.754698389204478));
#5057=CARTESIAN_POINT('',(294.1969600711401,454.73096337682847,79.728638373564181));
#5058=CARTESIAN_POINT('',(294.1299668799079,454.59526146779473,79.70458083441109));
#5059=CARTESIAN_POINT('',(294.0311899046111,454.39517808812877,79.669109603575265));
#5060=CARTESIAN_POINT('',(293.92823998540325,454.19795249631028,79.637990096561737));
#5061=CARTESIAN_POINT('',(293.82111883626891,454.00298274799582,79.611034390582176));
#5062=CARTESIAN_POINT('',(293.6052418701222,453.61006801456875,79.556711634765605));
#5063=CARTESIAN_POINT('',(293.37244205441061,453.2263150797001,79.519289867600065));
#5064=CARTESIAN_POINT('',(293.12361737592897,452.85092927617745,79.498769241019687));
#5065=CARTESIAN_POINT('',(293.08192666258782,452.78803317590916,79.495330998617177));
#5066=CARTESIAN_POINT('',(293.03978549295942,452.72537216849122,79.492367637508352));
#5067=CARTESIAN_POINT('',(292.99719257263843,452.66294130921347,79.489882928401784));
#5068=CARTESIAN_POINT('',(292.783327860376,452.34946766957785,79.477406873833857));
#5069=CARTESIAN_POINT('',(292.5584388904233,452.04222995523395,79.476962562100056));
#5070=CARTESIAN_POINT('',(292.3222220694222,451.74046003685731,79.489038091751766));
#5071=CARTESIAN_POINT('',(292.27761726878481,451.68347685085678,79.491318312908021));
#5072=CARTESIAN_POINT('',(292.23260820101092,451.62668892241697,79.494045330026651));
#5073=CARTESIAN_POINT('',(292.18724388383646,451.57015138180617,79.497216861954868));
#5074=CARTESIAN_POINT('',(292.08763818389787,451.44601281528287,79.50418054348394));
#5075=CARTESIAN_POINT('',(291.98642056056809,451.32319973792573,79.513275959507027));
#5076=CARTESIAN_POINT('',(291.88410360653666,451.20226921165147,79.524467337333334));
#5077=CARTESIAN_POINT('',(291.7344723341572,451.02541691295647,79.540833931899016));
#5078=CARTESIAN_POINT('',(291.58248830182112,450.85258649803495,79.561681927806319));
#5079=CARTESIAN_POINT('',(291.42796951832008,450.6831972190098,79.586953683934382));
#5080=CARTESIAN_POINT('',(291.38518706281803,450.63629748858085,79.593950812422648));
#5081=CARTESIAN_POINT('',(291.34221020503111,450.58966174095599,79.601287236919006));
#5082=CARTESIAN_POINT('',(291.29903938599068,450.54328635088353,79.608963159038495));
#5083=CARTESIAN_POINT('',(291.02861237046193,450.25278553088413,79.65704602511201));
#5084=CARTESIAN_POINT('',(290.75073060107979,449.97269153012581,79.718439287365385));
#5085=CARTESIAN_POINT('',(290.46624494284839,449.70285132472662,79.793006244513833));
#5086=CARTESIAN_POINT('',(290.13364356674867,449.38737242079617,79.88018488372299));
#5087=CARTESIAN_POINT('',(289.79200966914976,449.08590824836244,79.985376231973206));
#5088=CARTESIAN_POINT('',(289.44113214096183,448.7977842979293,80.109328091296732));
#5089=CARTESIAN_POINT('',(289.41357728529607,448.77515756002146,80.119062187437947));
#5090=CARTESIAN_POINT('',(289.38596545331433,448.75261308397904,80.128911918750347));
#5091=CARTESIAN_POINT('',(289.35830422170261,448.73015644122734,80.138874554738422));
#5092=CARTESIAN_POINT('',(289.20886300656809,448.60883328296148,80.192698203985117));
#5093=CARTESIAN_POINT('',(289.05777271538176,448.48991858064204,80.249900204153192));
#5094=CARTESIAN_POINT('',(288.90621531357903,448.37430809987097,80.310075006440201));
#5095=CARTESIAN_POINT('',(288.72629999143152,448.23706573068182,80.381509121896485));
#5096=CARTESIAN_POINT('',(288.54572536576262,448.10447893490425,80.457133016682661));
#5097=CARTESIAN_POINT('',(288.36449963491339,447.97632045740585,80.536869089734878));
#5098=CARTESIAN_POINT('',(288.35046303885326,447.96639411432056,80.543044940391383));
#5099=CARTESIAN_POINT('',(288.33642253687657,447.95649433505514,80.549245458014099));
#5100=CARTESIAN_POINT('',(288.32237816594233,447.9466210934691,80.555470620735264));
#5101=CARTESIAN_POINT('',(287.97426185775544,447.70189411873525,80.70977305795374));
#5102=CARTESIAN_POINT('',(287.62370623613128,447.4734358153853,80.879250146631392));
#5103=CARTESIAN_POINT('',(287.27096679936534,447.26072176244026,81.063763053903159));
#5104=CARTESIAN_POINT('',(286.9182273625994,447.04800770949521,81.248275961174954));
#5105=CARTESIAN_POINT('',(286.56329490661585,446.85107468375696,81.447857494980269));
#5106=CARTESIAN_POINT('',(286.20627649583037,446.67002468543899,81.662819098102062));
#5107=CARTESIAN_POINT('',(286.18763527301132,446.66057141003898,81.674043021071512));
#5108=CARTESIAN_POINT('',(286.1689883007009,446.65116182279826,81.685309179403092));
#5109=CARTESIAN_POINT('',(286.15033512479755,446.64179572176914,81.69661791443319));
#5110=CARTESIAN_POINT('',(285.81174096334729,446.47178139603466,81.901895110896504));
#5111=CARTESIAN_POINT('',(285.47108589874045,446.31600464477316,82.121142385726259));
#5112=CARTESIAN_POINT('',(285.13241016095714,446.17646555779709,82.351954088079651));
#5113=B_SPLINE_CURVE_WITH_KNOTS('',3,(#5022,#5023,#5024,#5025,#5026,#5027,#5028,#5029,#5030,#5031,#5032,#5033,#5034,#5035,#5036,#5037,#5038,#5039,#5040,#5041,#5042,#5043,#5044,#5045,#5046,#5047,#5048,#5049,#5050,#5051,#5052,#5053,#5054,#5055,#5056,#5057,#5058,#5059,#5060,#5061,#5062,#5063,#5064,#5065,#5066,#5067,#5068,#5069,#5070,#5071,#5072,#5073,#5074,#5075,#5076,#5077,#5078,#5079,#5080,#5081,#5082,#5083,#5084,#5085,#5086,#5087,#5088,#5089,#5090,#5091,#5092,#5093,#5094,#5095,#5096,#5097,#5098,#5099,#5100,#5101,#5102,#5103,#5104,#5105,#5106,#5107,#5108,#5109,#5110,#5111,#5112),.UNSPECIFIED.,.F.,.U.,(4,3,3,3,3,3,3,3,3,3,3,3,3,3,3,3,3,3,3,3,3,3,3,3,3,3,3,3,3,3,4),(0.0,0.121416488384608,0.125000000000002,0.151727779945847,0.182008787214581,0.187499999999999,0.212298916897801,0.242719133323599,0.249999999999996,0.303788489583215,0.365199747041365,0.374999999999998,0.396030837420038,0.427039399187284,0.489529713126045,0.499999999999999,0.552572701583403,0.5625,0.58429720910341,0.61617407802839,0.625,0.680286598473824,0.744923947317978,0.750000000000007,0.777423633608844,0.80997850599715,0.812500000000005,0.875000000000003,0.937500000000002,0.940763351107379,1.0),.UNSPECIFIED.);
#5114=EDGE_CURVE('',#4980,#5021,#5113,.T.);
#5115=ORIENTED_EDGE('',*,*,#5114,.T.);
#5116=CARTESIAN_POINT('',(275.46135056927784,450.49900739471093,94.573261043188822));
#5117=VERTEX_POINT('',#5116);
#5118=CARTESIAN_POINT('',(285.13240963354866,446.17646197702811,82.351951297828322));
#5119=CARTESIAN_POINT('',(284.86402932729698,446.07185664511496,82.538720134701165));
#5120=CARTESIAN_POINT('',(284.59592580541761,445.97708703435188,82.733432235021596));
#5121=CARTESIAN_POINT('',(284.33150622876929,445.89321179476167,82.933429184397269));
#5122=CARTESIAN_POINT('',(284.03884571274762,445.80037838503068,83.154786510314537));
#5123=CARTESIAN_POINT('',(283.75068165220046,445.72087971544357,83.382626016602842));
#5124=CARTESIAN_POINT('',(283.46549392544279,445.65402813328063,83.617744126168873));
#5125=CARTESIAN_POINT('',(283.4571143605292,445.65206385810416,83.624652514141474));
#5126=CARTESIAN_POINT('',(283.44873737382869,445.65011053131991,83.631567201355509));
#5127=CARTESIAN_POINT('',(283.44036294025102,445.64816815260735,83.638488206338494));
#5128=CARTESIAN_POINT('',(283.16478825347536,445.58425094550967,83.866235404124851));
#5129=CARTESIAN_POINT('',(282.89234537945765,445.53233089448645,84.100558280311617));
#5130=CARTESIAN_POINT('',(282.62339526526159,445.4925347821864,84.34095779535987));
#5131=CARTESIAN_POINT('',(282.35469084612112,445.45277502498527,84.581137697293713));
#5132=CARTESIAN_POINT('',(282.08947322476604,445.42511678068365,84.827382175160892));
#5133=CARTESIAN_POINT('',(281.82726796922697,445.40995581766231,85.080163958891717));
#5134=CARTESIAN_POINT('',(281.8196415342012,445.40951484976802,85.087516305225762));
#5135=CARTESIAN_POINT('',(281.81201702884994,445.40908449350212,85.094874825062803));
#5136=CARTESIAN_POINT('',(281.80439444596811,445.40866476378648,85.102239529325047));
#5137=CARTESIAN_POINT('',(281.54982439861385,445.39464712498182,85.348197250199632));
#5138=CARTESIAN_POINT('',(281.29739422158502,445.39249182581926,85.601065515856888));
#5139=CARTESIAN_POINT('',(281.05103735775862,445.40253061794135,85.856774988929004));
#5140=CARTESIAN_POINT('',(281.0372266310888,445.40309339103374,85.871110021388176));
#5141=CARTESIAN_POINT('',(281.02343428581406,445.40369425491605,85.885454545551084));
#5142=CARTESIAN_POINT('',(281.00966097032318,445.40433328199549,85.899807897925655));
#5143=CARTESIAN_POINT('',(280.77038809209853,445.41543459225466,86.149157296558641));
#5144=CARTESIAN_POINT('',(280.5368581914974,445.43805381188696,86.401172476268215));
#5145=CARTESIAN_POINT('',(280.30884754786251,445.47219479573027,86.655705041309375));
#5146=CARTESIAN_POINT('',(280.2907626334985,445.47490272532184,86.675893570968512));
#5147=CARTESIAN_POINT('',(280.27271208533676,445.47768333642921,86.696098417419179));
#5148=CARTESIAN_POINT('',(280.25469581309596,445.48053659049805,86.716319456577722));
#5149=CARTESIAN_POINT('',(280.01079432846149,445.51916349922408,86.990068731992977));
#5150=CARTESIAN_POINT('',(279.7731775045026,445.57110673116307,87.266785862695713));
#5151=CARTESIAN_POINT('',(279.54190364829282,445.63663321841511,87.546110326637631));
#5152=CARTESIAN_POINT('',(279.33469425176344,445.69534155710363,87.796370578954296));
#5153=CARTESIAN_POINT('',(279.13257622633904,445.76495208228545,88.048722892408904));
#5154=CARTESIAN_POINT('',(278.93544867043738,445.84609272283819,88.303295823714336));
#5155=CARTESIAN_POINT('',(278.91359846123845,445.85508659466149,88.33151345051931));
#5156=CARTESIAN_POINT('',(278.89180459520526,445.86422525529554,88.359765425858811));
#5157=CARTESIAN_POINT('',(278.87006789422156,445.87350940939984,88.388050830714647));
#5158=CARTESIAN_POINT('',(278.6762298129583,445.95630130220218,88.640287295167923));
#5159=CARTESIAN_POINT('',(278.48694638397308,446.0506899798421,88.895190613435574));
#5160=CARTESIAN_POINT('',(278.30528989211427,446.15537232700098,89.148377164646391));
#5161=CARTESIAN_POINT('',(278.28386066398525,446.167721249274,89.178244483505068));
#5162=CARTESIAN_POINT('',(278.26252860806727,446.18021730926546,89.208099628822325));
#5163=CARTESIAN_POINT('',(278.24129816376438,446.1928589312206,89.237936370457049));
#5164=CARTESIAN_POINT('',(278.06237550318059,446.29939804090901,89.489389854909405));
#5165=CARTESIAN_POINT('',(277.89067555983507,446.41628124620757,89.739534701396906));
#5166=CARTESIAN_POINT('',(277.72595402581061,446.54364266551676,89.98832329287174));
#5167=CARTESIAN_POINT('',(277.7064524206931,446.55872115614204,90.017777710579892));
#5168=CARTESIAN_POINT('',(277.68705092998795,446.57394510252124,90.047209840448375));
#5169=CARTESIAN_POINT('',(277.66774850482602,446.58931489268605,90.076620367907836));
#5170=CARTESIAN_POINT('',(277.48635779378066,446.7337494465425,90.3529999649448));
#5171=CARTESIAN_POINT('',(277.31370934058077,446.89105245673659,90.627473379601867));
#5172=CARTESIAN_POINT('',(277.1496093754152,447.06195947806964,90.900152217773794));
#5173=CARTESIAN_POINT('',(277.00117302549859,447.21655313929404,91.146803406254477));
#5174=CARTESIAN_POINT('',(276.85973028375361,447.38227949643465,91.391988523357497));
#5175=CARTESIAN_POINT('',(276.72571799671715,447.55956860745704,91.635078951099132));
#5176=CARTESIAN_POINT('',(276.71247461529452,447.57708869737792,91.659101668164737));
#5177=CARTESIAN_POINT('',(276.69930469640985,447.59472154034961,91.683102860824377));
#5178=CARTESIAN_POINT('',(276.68620939515705,447.61246662502066,91.707080607635149));
#5179=CARTESIAN_POINT('',(276.55200451368552,447.79432399042287,91.952812309913));
#5180=CARTESIAN_POINT('',(276.42566234585144,447.98800408347034,92.196070905040756));
#5181=CARTESIAN_POINT('',(276.30928248461271,448.1901386655984,92.432369052561953));
#5182=CARTESIAN_POINT('',(276.30001895303587,448.20622804793982,92.451177765064301));
#5183=CARTESIAN_POINT('',(276.29081347948386,448.22237836610748,92.46995188476221));
#5184=CARTESIAN_POINT('',(276.28166710991798,448.23858823917715,92.488689329541558));
#5185=CARTESIAN_POINT('',(276.16469318766946,448.44589808145508,92.728324563277752));
#5186=CARTESIAN_POINT('',(276.05740524154868,448.66296429270596,92.961948790296205));
#5187=CARTESIAN_POINT('',(275.95962913506298,448.8899103336214,93.189478667611496));
#5188=CARTESIAN_POINT('',(275.95411869402295,448.90270050110388,93.202301738797914));
#5189=CARTESIAN_POINT('',(275.94863844225944,448.91552175348579,93.215105320005236));
#5190=CARTESIAN_POINT('',(275.94318826236542,448.9283742102748,93.227889542945505));
#5191=CARTESIAN_POINT('',(275.74010143971361,449.40728768896861,93.704260464180479));
#5192=CARTESIAN_POINT('',(275.57870274858783,449.92946020482702,94.153806448908611));
#5193=CARTESIAN_POINT('',(275.46135056927795,450.49900739471099,94.573261043188751));
#5194=B_SPLINE_CURVE_WITH_KNOTS('',3,(#5118,#5119,#5120,#5121,#5122,#5123,#5124,#5125,#5126,#5127,#5128,#5129,#5130,#5131,#5132,#5133,#5134,#5135,#5136,#5137,#5138,#5139,#5140,#5141,#5142,#5143,#5144,#5145,#5146,#5147,#5148,#5149,#5150,#5151,#5152,#5153,#5154,#5155,#5156,#5157,#5158,#5159,#5160,#5161,#5162,#5163,#5164,#5165,#5166,#5167,#5168,#5169,#5170,#5171,#5172,#5173,#5174,#5175,#5176,#5177,#5178,#5179,#5180,#5181,#5182,#5183,#5184,#5185,#5186,#5187,#5188,#5189,#5190,#5191,#5192,#5193),.UNSPECIFIED.,.F.,.U.,(4,3,3,3,3,3,3,3,3,3,3,3,3,3,3,3,3,3,3,3,3,3,3,3,3,4),(0.000000010744054,0.058429673887494,0.123099830247649,0.125000009401052,0.187528569710351,0.250000008058049,0.251817036342046,0.312500007386547,0.31590188510813,0.375000006715045,0.379687439070387,0.443145167467666,0.50000000537204,0.506301966031471,0.562500004700536,0.569129443476546,0.625000004029032,0.631614595230125,0.69377390377166,0.750000002686019,0.755556386285611,0.812500002014513,0.817032564407932,0.875000001343007,0.878266915469112,1.0),.UNSPECIFIED.);
#5195=EDGE_CURVE('',#5021,#5117,#5194,.T.);
#5196=ORIENTED_EDGE('',*,*,#5195,.T.);
#5197=CARTESIAN_POINT('',(275.46135056927795,450.49900739471127,94.573261043188822));
#5198=CARTESIAN_POINT('',(274.73832609709444,454.00807353713134,97.157584060153553));
#5199=CARTESIAN_POINT('',(273.98100185667124,457.60810786171487,99.548368768974811));
#5200=CARTESIAN_POINT('',(273.18340937744892,461.28618313796767,101.76821216141688));
#5201=CARTESIAN_POINT('',(273.16296165079387,461.38047725410433,101.82512186416376));
#5202=CARTESIAN_POINT('',(273.142487467335,461.47482265800051,101.88191922592159));
#5203=CARTESIAN_POINT('',(273.12198674791694,461.56921916451324,101.9386045767199));
#5204=CARTESIAN_POINT('',(272.34104815012648,465.16508689623311,104.09793262101894));
#5205=CARTESIAN_POINT('',(271.52160032141887,468.83511141070005,106.09469877591778));
#5206=CARTESIAN_POINT('',(270.65934938120711,472.56895369206399,107.94719569542769));
#5207=CARTESIAN_POINT('',(270.61604391264819,472.75648122259963,108.04023502233625));
#5208=CARTESIAN_POINT('',(270.57263051441726,472.94416971948033,108.1329104623519));
#5209=CARTESIAN_POINT('',(270.52910883972061,473.13201797321403,108.22522423730915));
#5210=CARTESIAN_POINT('',(270.12705176526862,474.86737673097093,109.07802704302875));
#5211=CARTESIAN_POINT('',(269.71575721815515,476.61637091144291,109.89996064216704));
#5212=CARTESIAN_POINT('',(269.29495788266632,478.37804582629315,110.6927757348643));
#5213=CARTESIAN_POINT('',(268.82785397558928,480.33357466468919,111.57283184749673));
#5214=CARTESIAN_POINT('',(268.34903825884527,482.30472848268528,112.41700870608992));
#5215=CARTESIAN_POINT('',(267.85828583420096,484.29022267689459,113.22771174947326));
#5216=CARTESIAN_POINT('',(267.79041702081014,484.56480743325744,113.33982826852389));
#5217=CARTESIAN_POINT('',(267.72231992847361,484.83966645791088,113.45130457785559));
#5218=CARTESIAN_POINT('',(267.65399455048851,485.11479643858712,113.56214715357693));
#5219=CARTESIAN_POINT('',(267.22738200994149,486.83266326198884,114.25423015734131));
#5220=CARTESIAN_POINT('',(266.79186876184013,488.56109339952525,114.92160755969417));
#5221=CARTESIAN_POINT('',(266.34745673245828,490.29928560133749,115.56585380406565));
#5222=CARTESIAN_POINT('',(266.26712336734693,490.61348688201855,115.68230985239246));
#5223=CARTESIAN_POINT('',(266.18649924462608,490.92800714354638,115.7980100716733));
#5224=CARTESIAN_POINT('',(266.10558506150733,491.24284163528552,115.91296351968795));
#5225=CARTESIAN_POINT('',(265.92646374106317,491.9397969490276,116.16743823109658));
#5226=CARTESIAN_POINT('',(265.74592396952073,492.63827794750489,116.41824903319844));
#5227=CARTESIAN_POINT('',(265.5639675672013,493.33825766415907,116.66550240581705));
#5228=CARTESIAN_POINT('',(265.29955867605673,494.35542913130746,117.02479721079506));
#5229=CARTESIAN_POINT('',(265.03215875550006,495.37576412944861,117.37657990596487));
#5230=CARTESIAN_POINT('',(264.76244038968196,496.39673622927086,117.72041514257654));
#5231=CARTESIAN_POINT('',(264.67008267122293,496.74634035601935,117.83815216757644));
#5232=CARTESIAN_POINT('',(264.57745306014016,497.09601933153556,117.95495732534064));
#5233=CARTESIAN_POINT('',(264.48455204908498,497.44577917397442,118.070851121877));
#5234=CARTESIAN_POINT('',(264.03420005149701,499.14129402283714,118.63266419781016));
#5235=CARTESIAN_POINT('',(263.57737446422209,500.83901398012591,119.17317773465918));
#5236=CARTESIAN_POINT('',(263.11425417979882,502.53914242848731,119.69454616734996));
#5237=CARTESIAN_POINT('',(262.55471743809579,504.59321858206613,120.32445766953742));
#5238=CARTESIAN_POINT('',(261.98599240032075,506.65080981235383,120.92642273268346));
#5239=CARTESIAN_POINT('',(261.40893722170512,508.71091431278188,121.50361913959162));
#5240=CARTESIAN_POINT('',(261.29508332168609,509.11737619114712,121.6175009041763));
#5241=CARTESIAN_POINT('',(261.1809051659551,509.52393589867739,121.73041849167626));
#5242=CARTESIAN_POINT('',(261.06641205108639,509.9305887941656,121.84239572493476));
#5243=CARTESIAN_POINT('',(260.01700164278554,513.65785031186067,122.86874629814606));
#5244=CARTESIAN_POINT('',(258.94080156261208,517.39368133758774,123.81649404383225));
#5245=CARTESIAN_POINT('',(257.84450139135231,521.13618163937485,124.70413579656338));
#5246=CARTESIAN_POINT('',(257.71320656204608,521.58439003264425,124.81044132808209));
#5247=CARTESIAN_POINT('',(257.58162330483566,522.032694054643,124.9158844045415));
#5248=CARTESIAN_POINT('',(257.44976862245437,522.481091266107,125.02049372835755));
#5249=CARTESIAN_POINT('',(256.35549540909477,526.20237782634661,125.88865539582517));
#5250=CARTESIAN_POINT('',(255.24244005248596,529.93008998291077,126.69957193142864));
#5251=CARTESIAN_POINT('',(254.12000272052367,533.66340264965254,127.46966781003653));
#5252=CARTESIAN_POINT('',(253.97788022919792,534.13611295782414,127.56717699091536));
#5253=CARTESIAN_POINT('',(253.83560703129211,534.60891304761299,127.66403123107324));
#5254=CARTESIAN_POINT('',(253.69320765493924,535.08180267490377,127.76025920908006));
#5255=CARTESIAN_POINT('',(252.56998423099145,538.81188015079613,128.51929005391003));
#5256=CARTESIAN_POINT('',(251.43883969547602,542.54751271433759,129.23954385176623));
#5257=CARTESIAN_POINT('',(250.31157777671442,546.28897304731333,129.93493968619021));
#5258=CARTESIAN_POINT('',(250.16726071824959,546.76797135341337,130.02396733772568));
#5259=CARTESIAN_POINT('',(250.02300688871063,547.24706515538935,130.11258708415062));
#5260=CARTESIAN_POINT('',(249.87884532436411,547.72625639440048,130.20082118000406));
#5261=CARTESIAN_POINT('',(248.74873643758278,551.48272421666036,130.89250440564788));
#5262=CARTESIAN_POINT('',(247.62422210370795,555.24516023473177,131.56071008231541));
#5263=CARTESIAN_POINT('',(246.5190001953795,559.01495379279322,132.21608372798704));
#5264=CARTESIAN_POINT('',(246.38198541331582,559.48229653988381,132.29733064913052));
#5265=CARTESIAN_POINT('',(246.24526671568415,559.94975233874663,132.37838000683834));
#5266=CARTESIAN_POINT('',(246.108872176391,560.4173251344489,132.45924361578582));
#5267=CARTESIAN_POINT('',(244.99977212885187,564.21942023758743,133.11679070669311));
#5268=CARTESIAN_POINT('',(243.91202725017976,568.02921107537338,133.76231368011165));
#5269=CARTESIAN_POINT('',(242.86049262714099,571.84921788766655,134.4021350885767));
#5270=CARTESIAN_POINT('',(242.73959767753746,572.28840412170916,134.47569536442214));
#5271=CARTESIAN_POINT('',(242.61918105213726,572.72772537300648,134.54918009783259));
#5272=CARTESIAN_POINT('',(242.49926516202851,573.16718642862747,134.6225909942716));
#5273=CARTESIAN_POINT('',(241.44394865066772,577.03465142994037,135.26864158069225));
#5274=CARTESIAN_POINT('',(240.42735822017661,580.9129044517324,135.90918263962047));
#5275=CARTESIAN_POINT('',(239.46459830316155,584.80552522051107,136.54543960364472));
#5276=CARTESIAN_POINT('',(239.3664187448361,585.20248377793814,136.61032330580696));
#5277=CARTESIAN_POINT('',(239.26879885361788,585.59959174827713,136.6751624141306));
#5278=CARTESIAN_POINT('',(239.17175340527257,585.99685368919779,136.73995114758344));
#5279=CARTESIAN_POINT('',(238.20632366273816,589.94890399017766,137.38448390334906));
#5280=CARTESIAN_POINT('',(237.29768114440822,593.91614452675367,138.02425670531375));
#5281=CARTESIAN_POINT('',(236.46030299285087,597.90324223117022,138.65387852325955));
#5282=CARTESIAN_POINT('',(236.38809118704341,598.24707198673673,138.70817433736113));
#5283=CARTESIAN_POINT('',(236.3164093755029,598.5910494349863,138.76239468387186));
#5284=CARTESIAN_POINT('',(236.24526493915857,598.93517714542349,138.81653678719155));
#5285=CARTESIAN_POINT('',(235.40701981332376,602.98979323012588,139.45445531662554));
#5286=CARTESIAN_POINT('',(234.64337986993166,607.06533628181478,140.0813903032533));
#5287=CARTESIAN_POINT('',(233.96653863929996,611.16568683160335,140.69276491991613));
#5288=CARTESIAN_POINT('',(233.23169623660243,615.61741245578969,141.35653061846483));
#5289=CARTESIAN_POINT('',(232.5991550455534,620.09837678247868,142.0019579841919));
#5290=CARTESIAN_POINT('',(232.08284316055054,624.61366520584954,142.62110796267618));
#5291=CARTESIAN_POINT('',(232.05789908889074,624.83180792397934,142.65102035067281));
#5292=CARTESIAN_POINT('',(232.03322636774416,625.05003077626372,142.68087139454121));
#5293=CARTESIAN_POINT('',(232.00882643860444,625.26833438643598,142.7106598020396));
#5294=CARTESIAN_POINT('',(231.7601679432637,627.49305589780261,143.0142320191855));
#5295=CARTESIAN_POINT('',(231.53981500923692,629.72716061305096,143.31137819569949));
#5296=CARTESIAN_POINT('',(231.34992355135182,631.96193450588373,143.59961344317));
#5297=CARTESIAN_POINT('',(231.17152241686034,634.06148233311933,143.87040758905664));
#5298=CARTESIAN_POINT('',(231.01979596026484,636.16328774660849,144.13357794240332));
#5299=CARTESIAN_POINT('',(230.89559393233159,638.26752220150991,144.38804452670402));
#5300=CARTESIAN_POINT('',(230.88759442340938,638.40305011982605,144.40443401522845));
#5301=CARTESIAN_POINT('',(230.87970907692772,638.5385881093955,144.42078741072424));
#5302=CARTESIAN_POINT('',(230.87193809497688,638.67413622320828,144.43710437092389));
#5303=CARTESIAN_POINT('',(230.61508838913539,643.15432847954139,144.97641928042017));
#5304=CARTESIAN_POINT('',(230.48324653358438,647.64557535509243,145.4759907124444));
#5305=CARTESIAN_POINT('',(230.48324653358438,652.1495756867979,145.92434992745348));
#5306=B_SPLINE_CURVE_WITH_KNOTS('',3,(#5197,#5198,#5199,#5200,#5201,#5202,#5203,#5204,#5205,#5206,#5207,#5208,#5209,#5210,#5211,#5212,#5213,#5214,#5215,#5216,#5217,#5218,#5219,#5220,#5221,#5222,#5223,#5224,#5225,#5226,#5227,#5228,#5229,#5230,#5231,#5232,#5233,#5234,#5235,#5236,#5237,#5238,#5239,#5240,#5241,#5242,#5243,#5244,#5245,#5246,#5247,#5248,#5249,#5250,#5251,#5252,#5253,#5254,#5255,#5256,#5257,#5258,#5259,#5260,#5261,#5262,#5263,#5264,#5265,#5266,#5267,#5268,#5269,#5270,#5271,#5272,#5273,#5274,#5275,#5276,#5277,#5278,#5279,#5280,#5281,#5282,#5283,#5284,#5285,#5286,#5287,#5288,#5289,#5290,#5291,#5292,#5293,#5294,#5295,#5296,#5297,#5298,#5299,#5300,#5301,#5302,#5303,#5304,#5305),.UNSPECIFIED.,.F.,.U.,(4,3,3,3,3,3,3,3,3,3,3,3,3,3,3,3,3,3,3,3,3,3,3,3,3,3,3,3,3,3,3,3,3,3,3,3,4),(0.0,0.060937750483707,0.062500000000001,0.122011128452384,0.125000000000003,0.152611459318239,0.183261271330579,0.187500000000004,0.213965931981353,0.218750000000005,0.22934058557557,0.244730233606157,0.250000000000005,0.275546006392574,0.306410405256512,0.312500000000004,0.368315444566126,0.375000000000004,0.430475693562082,0.437500000000004,0.492906601701042,0.500000000000003,0.555606447470752,0.562500000000003,0.618555319205063,0.625000000000002,0.681716237082358,0.687500000000002,0.745038162167005,0.750000000000002,0.808461864235779,0.87193355425251,0.875000000000002,0.906250000000002,0.935609063935522,0.937500000000001,1.0),.UNSPECIFIED.);
#5307=EDGE_CURVE('',#5117,#3018,#5306,.T.);
#5308=ORIENTED_EDGE('',*,*,#5307,.T.);
#5309=ORIENTED_EDGE('',*,*,#3024,.F.);
#5310=CARTESIAN_POINT('',(295.1822010965127,409.09592953821942,9.406695165297421));
#5311=VERTEX_POINT('',#5310);
#5312=CARTESIAN_POINT('',(230.48324653358432,484.74129992395569,210.84085992266725));
#5313=CARTESIAN_POINT('',(230.48324653358429,483.60201046547041,208.65089232436787));
#5314=CARTESIAN_POINT('',(230.52917905213343,482.48242051904333,206.45539539249916));
#5315=CARTESIAN_POINT('',(230.62043373321455,481.38002598044494,204.25525985679565));
#5316=CARTESIAN_POINT('',(230.71165803499679,480.27799843642475,202.05585676105306));
#5317=CARTESIAN_POINT('',(230.84817448631935,479.19315545035039,199.85181786627282));
#5318=CARTESIAN_POINT('',(231.02942548930909,478.12288246781952,197.64392872144131));
#5319=CARTESIAN_POINT('',(231.21055061421129,477.0533527855406,195.43757294667927));
#5320=CARTESIAN_POINT('',(231.43634842932863,475.99837336767553,193.22737171894377));
#5321=CARTESIAN_POINT('',(231.70611923105122,474.95555701567343,191.01467048604204));
#5322=CARTESIAN_POINT('',(231.84090400556596,474.43453781727453,189.90914522222226));
#5323=CARTESIAN_POINT('',(231.98666654293245,473.91655507033033,188.80299614396793));
#5324=CARTESIAN_POINT('',(232.14340497340686,473.40104491143995,187.69581187679546));
#5325=CARTESIAN_POINT('',(232.26941568926651,472.98659770817216,186.80568504783162));
#5326=CARTESIAN_POINT('',(232.40252075574381,472.5737484558266,185.91488870134853));
#5327=CARTESIAN_POINT('',(232.54245991697846,472.16290795314183,185.02474071001089));
#5328=CARTESIAN_POINT('',(232.57648017608818,472.06302954719172,184.80833906057882));
#5329=CARTESIAN_POINT('',(232.6109008456009,471.96328009221867,184.59199798066689));
#5330=CARTESIAN_POINT('',(232.64571804439427,471.86366515436043,184.37573581194476));
#5331=CARTESIAN_POINT('',(232.8237460083582,471.35431215693723,183.26993997212179));
#5332=CARTESIAN_POINT('',(233.01214043088294,470.8484758451155,182.16620716999427));
#5333=CARTESIAN_POINT('',(233.21052666105035,470.34604686440269,181.06517944666138));
#5334=CARTESIAN_POINT('',(233.40892931107544,469.84357629908828,179.96406059443041));
#5335=CARTESIAN_POINT('',(233.61732547813037,469.34451365024444,178.86564718008492));
#5336=CARTESIAN_POINT('',(233.83549485622495,468.84837172213406,177.76972616457402));
#5337=CARTESIAN_POINT('',(234.2091366125353,467.99866795977539,175.89282732299847));
#5338=CARTESIAN_POINT('',(234.61144015870428,467.15753015998359,174.02323759249853));
#5339=CARTESIAN_POINT('',(235.04113732475292,466.32309044283772,172.160754551487));
#5340=CARTESIAN_POINT('',(235.11307166022368,466.18339935039864,171.84896175770916));
#5341=CARTESIAN_POINT('',(235.18577170816991,466.04390035784422,171.53737757435067));
#5342=CARTESIAN_POINT('',(235.25923101329155,465.90458570941195,171.22600338213982));
#5343=CARTESIAN_POINT('',(235.77109590047993,464.93384038742226,169.05634610719747));
#5344=CARTESIAN_POINT('',(236.31982365619831,463.97204589497744,166.89688369303462));
#5345=CARTESIAN_POINT('',(236.90306470802201,463.01671773229083,164.74777022034806));
#5346=CARTESIAN_POINT('',(237.37707802109759,462.24030073274389,163.00113665575554));
#5347=CARTESIAN_POINT('',(237.87388845812231,461.46815477136079,161.2613389864589));
#5348=CARTESIAN_POINT('',(238.39221932254463,460.69924779678308,159.52834880328666));
#5349=CARTESIAN_POINT('',(238.51107759834164,460.5229299976329,159.13095740855556));
#5350=CARTESIAN_POINT('',(238.63106661375213,460.34677823765219,158.73392560026096));
#5351=CARTESIAN_POINT('',(238.75217130434223,460.17078108794914,158.33725224636609));
#5352=CARTESIAN_POINT('',(239.90227684012029,458.49937352174828,154.57012961893395));
#5353=CARTESIAN_POINT('',(241.15298088826927,456.84192032048151,150.83531676383257));
#5354=CARTESIAN_POINT('',(242.48845144951019,455.18778533633366,147.13138680956612));
#5355=CARTESIAN_POINT('',(242.6579709206429,454.97781583507094,146.66122425774142));
#5356=CARTESIAN_POINT('',(242.82885270002026,454.76788504089859,146.19156455508329));
#5357=CARTESIAN_POINT('',(243.00106401934343,454.55796912772348,145.72240510618522));
#5358=CARTESIAN_POINT('',(244.3283859781676,452.94003830785061,142.10634989471765));
#5359=CARTESIAN_POINT('',(245.7347003661877,451.32300269006606,138.52000598271204));
#5360=CARTESIAN_POINT('',(247.20119659985099,449.69912374683815,134.95953807757911));
#5361=CARTESIAN_POINT('',(247.41832498088763,449.45869339464986,134.43237775201641));
#5362=CARTESIAN_POINT('',(247.63677507133536,449.21812068087354,133.90578227370861));
#5363=CARTESIAN_POINT('',(247.85648479830328,448.97737871343401,133.37974064664147));
#5364=CARTESIAN_POINT('',(249.31323613431513,447.38117636253435,129.89190306383031));
#5365=CARTESIAN_POINT('',(250.82540102535191,445.7775302865731,126.42842447305722));
#5366=CARTESIAN_POINT('',(252.37371025921985,444.16718633391395,122.98159067063406));
#5367=CARTESIAN_POINT('',(252.62821250732102,443.90248717227166,122.41501977358118));
#5368=CARTESIAN_POINT('',(252.88369378854597,443.63761521670341,121.8488956738889));
#5369=CARTESIAN_POINT('',(253.14006728980942,443.37257553190466,121.28318491098399));
#5370=CARTESIAN_POINT('',(254.67862273526154,441.78201235630991,117.88822649863327));
#5371=CARTESIAN_POINT('',(256.2493553188167,440.18538931410779,114.50817543233013));
#5372=CARTESIAN_POINT('',(257.83368929822745,438.59021722016359,111.132654851569));
#5373=CARTESIAN_POINT('',(258.10962042305232,438.31239850523895,110.544766689841));
#5374=CARTESIAN_POINT('',(258.3859664227856,438.0346304623626,109.95701276716599));
#5375=CARTESIAN_POINT('',(258.66262651785001,437.75695447338944,109.36933975906256));
#5376=CARTESIAN_POINT('',(260.23918513611852,436.17460674304573,106.02046161516677));
#5377=CARTESIAN_POINT('',(261.82598968253529,434.59521381216473,102.67424206839222));
#5378=CARTESIAN_POINT('',(263.40627431789142,433.03170217378272,99.318659807897177));
#5379=CARTESIAN_POINT('',(263.68458057076867,432.75634983808777,98.727703277506464));
#5380=CARTESIAN_POINT('',(263.96268725708018,432.48149619428148,98.136452727737122));
#5381=CARTESIAN_POINT('',(264.24050007992491,432.20721465338761,97.544843845473252));
#5382=CARTESIAN_POINT('',(265.81699236631039,430.65076117838464,94.187666772450186));
#5383=CARTESIAN_POINT('',(267.38405983965731,429.11268657760161,90.818985478481835));
#5384=CARTESIAN_POINT('',(268.92765938767263,427.61009004265964,87.426024830501461));
#5385=CARTESIAN_POINT('',(269.18945742294704,427.35524621275329,86.850570897163209));
#5386=CARTESIAN_POINT('',(269.45058286226595,427.10142754659955,86.274415333594575));
#5387=CARTESIAN_POINT('',(269.71096499177497,426.84872013472676,85.697497033206673));
#5388=CARTESIAN_POINT('',(271.25637924648947,425.34885669434169,82.273384299716668));
#5389=CARTESIAN_POINT('',(272.77563320480471,423.88809298541685,78.822435994250895));
#5390=CARTESIAN_POINT('',(274.25818167721161,422.48701893911607,75.331710358122265));
#5391=CARTESIAN_POINT('',(274.48777611898385,422.27004201085435,74.791120138831943));
#5392=CARTESIAN_POINT('',(274.7164931834501,422.05450037830269,74.249572994286098));
#5393=CARTESIAN_POINT('',(274.94429252085905,421.84047234886918,73.707021723892126));
#5394=CARTESIAN_POINT('',(275.79001695254715,421.04587507033102,71.692753947546791));
#5395=CARTESIAN_POINT('',(276.62309303345444,420.27213618033988,69.664648700373547));
#5396=CARTESIAN_POINT('',(277.44212791945813,419.52356772699153,67.620348557225824));
#5397=CARTESIAN_POINT('',(278.06703467331101,418.95242541033031,66.060589640742165));
#5398=CARTESIAN_POINT('',(278.68376708407891,418.39593686108975,64.491402315572259));
#5399=CARTESIAN_POINT('',(279.29183401709088,417.85608700010692,62.91170419757578));
#5400=CARTESIAN_POINT('',(279.47862070101633,417.69025531304061,62.426450754172294));
#5401=CARTESIAN_POINT('',(279.66458944906924,417.52599605343426,61.94020874876901));
#5402=CARTESIAN_POINT('',(279.84972682902674,417.36336655208044,61.452944964053053));
#5403=CARTESIAN_POINT('',(280.4672866548201,416.82088590042588,59.827586875515394));
#5404=CARTESIAN_POINT('',(281.07559620613705,416.29653748895532,58.190860522343193));
#5405=CARTESIAN_POINT('',(281.67430677089772,415.79260384702343,56.541665899883498));
#5406=CARTESIAN_POINT('',(281.83751177112168,415.65523448194926,56.092105086077666));
#5407=CARTESIAN_POINT('',(281.99999849757938,415.51938662526373,55.641631784497775));
#5408=CARTESIAN_POINT('',(282.16176188473196,415.38510521262475,55.190218793546663));
#5409=CARTESIAN_POINT('',(282.53870752170059,415.07219885284076,54.138323427078888));
#5410=CARTESIAN_POINT('',(282.91172552987837,414.76779772648047,53.081326021850273));
#5411=CARTESIAN_POINT('',(283.28087751044785,414.47244275610558,52.018569556787384));
#5412=CARTESIAN_POINT('',(283.50868222434548,414.29017838244374,51.3627395864508));
#5413=CARTESIAN_POINT('',(283.7350147845886,414.11135898317286,50.704715996974883));
#5414=CARTESIAN_POINT('',(283.95958241853026,413.93634186429631,50.045293943828462));
#5415=CARTESIAN_POINT('',(284.09848448854552,413.82808832983386,49.637420883102607));
#5416=CARTESIAN_POINT('',(284.23671328576785,413.72128761901695,49.22900641062764));
#5417=CARTESIAN_POINT('',(284.37419780654045,413.61602580367679,48.820243235766895));
#5418=CARTESIAN_POINT('',(285.09230817900254,413.06622135300029,46.685187782989928));
#5419=CARTESIAN_POINT('',(285.79011113839454,412.55839852233038,44.540622411668522));
#5420=CARTESIAN_POINT('',(286.46818381018767,412.0962074909171,42.384883724228608));
#5421=CARTESIAN_POINT('',(287.05219015518213,411.69813438434142,40.528202097043078));
#5422=CARTESIAN_POINT('',(287.62156119112666,411.33391101193354,38.6632307756838));
#5423=CARTESIAN_POINT('',(288.17654866015886,411.00613353265516,36.789806386642695));
#5424=CARTESIAN_POINT('',(288.26429893127795,410.9543079252706,36.493595197683526));
#5425=CARTESIAN_POINT('',(288.35168908300903,410.90339353266609,36.197173879618958));
#5426=CARTESIAN_POINT('',(288.43872000614465,410.85340075544343,35.900542340334248));
#5427=CARTESIAN_POINT('',(289.07468786882197,410.48808462947227,33.732943523215056));
#5428=CARTESIAN_POINT('',(289.6914707579914,410.17198165521711,31.554119055361298));
#5429=CARTESIAN_POINT('',(290.2897699885109,409.90915200962331,29.363722664283323));
#5430=CARTESIAN_POINT('',(290.84378316748086,409.66577698913994,27.335459203587085));
#5431=CARTESIAN_POINT('',(291.3819481614201,409.46808092279662,25.297273395712089));
#5432=CARTESIAN_POINT('',(291.90492574054622,409.31934741772272,23.248995331990216));
#5433=CARTESIAN_POINT('',(291.94557264617254,409.30778754023373,23.089798898958293));
#5434=CARTESIAN_POINT('',(291.98612774753019,409.29652333307325,22.930541362437602));
#5435=CARTESIAN_POINT('',(292.02659135965678,409.2855563316067,22.771222629761482));
#5436=CARTESIAN_POINT('',(293.14592376792439,408.98217955632964,18.364037720742047));
#5437=CARTESIAN_POINT('',(294.19520866332891,408.90625946203528,13.910016471435476));
#5438=CARTESIAN_POINT('',(295.18220109651276,409.09592953821942,9.4066951652974));
#5439=B_SPLINE_CURVE_WITH_KNOTS('',3,(#5312,#5313,#5314,#5315,#5316,#5317,#5318,#5319,#5320,#5321,#5322,#5323,#5324,#5325,#5326,#5327,#5328,#5329,#5330,#5331,#5332,#5333,#5334,#5335,#5336,#5337,#5338,#5339,#5340,#5341,#5342,#5343,#5344,#5345,#5346,#5347,#5348,#5349,#5350,#5351,#5352,#5353,#5354,#5355,#5356,#5357,#5358,#5359,#5360,#5361,#5362,#5363,#5364,#5365,#5366,#5367,#5368,#5369,#5370,#5371,#5372,#5373,#5374,#5375,#5376,#5377,#5378,#5379,#5380,#5381,#5382,#5383,#5384,#5385,#5386,#5387,#5388,#5389,#5390,#5391,#5392,#5393,#5394,#5395,#5396,#5397,#5398,#5399,#5400,#5401,#5402,#5403,#5404,#5405,#5406,#5407,#5408,#5409,#5410,#5411,#5412,#5413,#5414,#5415,#5416,#5417,#5418,#5419,#5420,#5421,#5422,#5423,#5424,#5425,#5426,#5427,#5428,#5429,#5430,#5431,#5432,#5433,#5434,#5435,#5436,#5437,#5438),.UNSPECIFIED.,.F.,.U.,(4,3,3,3,3,3,3,3,3,3,3,3,3,3,3,3,3,3,3,3,3,3,3,3,3,3,3,3,3,3,3,3,3,3,3,3,3,3,3,3,3,3,4),(0.0,0.032059346490246,0.064108020207788,0.096134436251226,0.11213569820162,0.125,0.128127408200717,0.144118531374116,0.160110978086789,0.1875,0.192085115393332,0.224034227485632,0.249999999999999,0.25595420254249,0.312499999999999,0.319677704966304,0.374999999999999,0.383190979342572,0.437499999999999,0.446427007310392,0.499999999999998,0.509330391398015,0.562499999999998,0.571863778021946,0.624999999999998,0.634012025517655,0.687499999999998,0.695783399748044,0.726536226442118,0.749999999999998,0.757207628333848,0.781249999999998,0.787803809977826,0.803075684041224,0.812499999999998,0.818329232700075,0.848776532817175,0.874999999999999,0.879146249209892,0.909444459927867,0.937499999999999,0.93968053495049,1.0),.UNSPECIFIED.);
#5440=EDGE_CURVE('',#3016,#5311,#5439,.T.);
#5441=ORIENTED_EDGE('',*,*,#5440,.T.);
#5442=CARTESIAN_POINT('',(285.13241016095827,401.40603482137152,-4.807293375827236));
#5443=VERTEX_POINT('',#5442);
#5444=CARTESIAN_POINT('',(295.1822010965127,409.09592953821959,9.406695165297402));
#5445=CARTESIAN_POINT('',(295.37243881246411,409.13248746970532,8.538703138388261));
#5446=CARTESIAN_POINT('',(295.46936723225264,409.11824626478472,7.667872466221271));
#5447=CARTESIAN_POINT('',(295.47454199532081,409.05586109261998,6.794204661506332));
#5448=CARTESIAN_POINT('',(295.47469472435961,409.05401984360969,6.768419047313101));
#5449=CARTESIAN_POINT('',(295.47476753202756,409.0521366607893,6.742630952322105));
#5450=CARTESIAN_POINT('',(295.47476015968562,409.05021134715912,6.716840081739126));
#5451=CARTESIAN_POINT('',(295.47470517274724,409.03585131025721,6.524477732307071));
#5452=CARTESIAN_POINT('',(295.47018223244402,409.01915363685885,6.332115090473419));
#5453=CARTESIAN_POINT('',(295.46109261732988,409.00002860519947,6.139455946772778));
#5454=CARTESIAN_POINT('',(295.45079461645196,408.97836106588738,5.921184435160958));
#5455=CARTESIAN_POINT('',(295.43463615136307,408.95357842512141,5.702531534096366));
#5456=CARTESIAN_POINT('',(295.41251573599732,408.92564718429628,5.483967953506585));
#5457=CARTESIAN_POINT('',(295.40850437975024,408.92058208241997,5.444333237345719));
#5458=CARTESIAN_POINT('',(295.40429681647777,408.91541336185833,5.404701482284375));
#5459=CARTESIAN_POINT('',(295.3998944309306,408.910142228018,5.365081960892601));
#5460=CARTESIAN_POINT('',(295.38001277680382,408.88633721168162,5.186155873538521));
#5461=CARTESIAN_POINT('',(295.35624606287445,408.86055012442455,5.008297045599361));
#5462=CARTESIAN_POINT('',(295.32879379731907,408.8329226359599,4.832261070805638));
#5463=CARTESIAN_POINT('',(295.29511878388939,408.79903268093233,4.61632210564754));
#5464=CARTESIAN_POINT('',(295.25589966912617,408.76237395596837,4.403120790642199));
#5465=CARTESIAN_POINT('',(295.21119423274649,408.72286972055468,4.19180678999869));
#5466=CARTESIAN_POINT('',(295.20049429828731,408.71341465727778,4.141230257471543));
#5467=CARTESIAN_POINT('',(295.18947970822131,408.70379640284921,4.090761999394347));
#5468=CARTESIAN_POINT('',(295.17814994204014,408.69401340784054,4.040396838753274));
#5469=CARTESIAN_POINT('',(295.09444960287715,408.62174007164236,3.668316695151685));
#5470=CARTESIAN_POINT('',(294.99382818283402,408.54071428136638,3.303078249039655));
#5471=CARTESIAN_POINT('',(294.87671484978671,408.45079213185812,2.944352128762293));
#5472=CARTESIAN_POINT('',(294.74300451318351,408.34812644413523,2.534788255524449));
#5473=CARTESIAN_POINT('',(294.58779890332897,408.23386528304155,2.133713830509462));
#5474=CARTESIAN_POINT('',(294.4110643235843,408.10727109999192,1.741449335647437));
#5475=CARTESIAN_POINT('',(294.38286031572443,408.08706869625803,1.67885020585503));
#5476=CARTESIAN_POINT('',(294.3541076695966,408.06655204473589,1.616475535920315));
#5477=CARTESIAN_POINT('',(294.32484035907373,408.04574128432489,1.554388468811269));
#5478=CARTESIAN_POINT('',(294.26203422009689,408.00108246575792,1.421152824816265));
#5479=CARTESIAN_POINT('',(294.19696007114055,407.95514178180503,1.289461194794791));
#5480=CARTESIAN_POINT('',(294.12996687990835,407.90812526734726,1.159911124653017));
#5481=CARTESIAN_POINT('',(294.03118990461167,407.8388025645217,0.968898219569426));
#5482=CARTESIAN_POINT('',(293.92823998540376,407.76714005223926,0.782536093271479));
#5483=CARTESIAN_POINT('',(293.82111883626942,407.69299950423715,0.600209485271919));
#5484=CARTESIAN_POINT('',(293.60524187012265,407.54358702406421,0.232773966694696));
#5485=CARTESIAN_POINT('',(293.37244205441112,407.38411875764996,-0.118276707261303));
#5486=CARTESIAN_POINT('',(293.12361737592954,407.21419723980887,-0.453630662622207));
#5487=CARTESIAN_POINT('',(293.08192666258827,407.18572679493957,-0.509819404454892));
#5488=CARTESIAN_POINT('',(293.03978549295982,407.15696263723146,-0.565567109259966));
#5489=CARTESIAN_POINT('',(292.99719257263871,407.12789902879985,-0.620876173927992));
#5490=CARTESIAN_POINT('',(292.78332786037635,406.98196678917697,-0.898590336553146));
#5491=CARTESIAN_POINT('',(292.55843889042387,406.82873271725384,-1.164888158042234));
#5492=CARTESIAN_POINT('',(292.32222206942288,406.66739004262297,-1.42019080862849));
#5493=CARTESIAN_POINT('',(292.27761726878543,406.6369237201751,-1.468399584715425));
#5494=CARTESIAN_POINT('',(292.23260820101143,406.60616808985378,-1.516215864813275));
#5495=CARTESIAN_POINT('',(292.18724388383697,406.57515269232965,-1.563593045285615));
#5496=CARTESIAN_POINT('',(292.08763818389838,406.50705268396001,-1.667618356719611));
#5497=CARTESIAN_POINT('',(291.98642056056855,406.43776928394749,-1.769429893616229));
#5498=CARTESIAN_POINT('',(291.88410360653711,406.36761200330943,-1.868563112549535));
#5499=CARTESIAN_POINT('',(291.73447233415754,406.2650119672947,-2.013538398654207));
#5500=CARTESIAN_POINT('',(291.58248830182157,406.16054186576014,-2.152789930569123));
#5501=CARTESIAN_POINT('',(291.42796951832054,406.05396124344236,-2.286849471269623));
#5502=CARTESIAN_POINT('',(291.38518706281849,406.02445168720351,-2.323967265007665));
#5503=CARTESIAN_POINT('',(291.34221020503156,405.99478028340422,-2.360686794927057));
#5504=CARTESIAN_POINT('',(291.29903938599119,405.96494504481507,-2.397011099780496));
#5505=CARTESIAN_POINT('',(291.0286123704625,405.77805365130905,-2.624550756683517));
#5506=CARTESIAN_POINT('',(290.75073060108048,405.58483852619736,-2.836422645661226));
#5507=CARTESIAN_POINT('',(290.46624494284907,405.38534154432426,-3.032827639925167));
#5508=CARTESIAN_POINT('',(290.13364356674953,405.15210317613662,-3.262451065482471));
#5509=CARTESIAN_POINT('',(289.7920096691505,404.91027271007675,-3.470931023015899));
#5510=CARTESIAN_POINT('',(289.44113214096257,404.65886527583967,-3.658477753867941));
#5511=CARTESIAN_POINT('',(289.4135772852967,404.63912193234466,-3.673206035630312));
#5512=CARTESIAN_POINT('',(289.38596545331495,404.61931957678644,-3.687805258941884));
#5513=CARTESIAN_POINT('',(289.35830422170318,404.59946335955624,-3.702271964054571));
#5514=CARTESIAN_POINT('',(289.20886300656878,404.49218913285137,-3.780429076556751));
#5515=CARTESIAN_POINT('',(289.05777271538238,404.38319339639867,-3.854811229564508));
#5516=CARTESIAN_POINT('',(288.90621531357976,404.27327524856491,-3.9248454417124));
#5517=CARTESIAN_POINT('',(288.72629999143209,404.14279030528849,-4.007983762177626));
#5518=CARTESIAN_POINT('',(288.54572536576336,404.01100469338166,-4.084995348134331));
#5519=CARTESIAN_POINT('',(288.36449963491413,403.87787198977122,-4.15611580883185));
#5520=CARTESIAN_POINT('',(288.35046303885395,403.86756037466989,-4.161624348782231));
#5521=CARTESIAN_POINT('',(288.33642253687708,403.85724067925923,-4.167097550306654));
#5522=CARTESIAN_POINT('',(288.32237816594272,403.84691290940685,-4.172535446977307));
#5523=CARTESIAN_POINT('',(287.97426185775583,403.59091959154279,-4.307324005478009));
#5524=CARTESIAN_POINT('',(287.62370623613089,403.32991897571264,-4.420436155541177));
#5525=CARTESIAN_POINT('',(287.27096679936557,403.06376908421731,-4.512395475500847));
#5526=CARTESIAN_POINT('',(286.91822736260019,402.79761919272204,-4.604354795460518));
#5527=CARTESIAN_POINT('',(286.56329490661631,402.52631000145118,-4.675113031691589));
#5528=CARTESIAN_POINT('',(286.20627649583076,402.24962279314974,-4.724426128020988));
#5529=CARTESIAN_POINT('',(286.18763527301172,402.23517595302803,-4.727000943181215));
#5530=CARTESIAN_POINT('',(286.16898830070136,402.22071438008953,-4.729516805604454));
#5531=CARTESIAN_POINT('',(286.15033512479806,402.20623767775419,-4.731973719514347));
#5532=CARTESIAN_POINT('',(285.81174096334814,401.94345524793158,-4.776571846363523));
#5533=CARTESIAN_POINT('',(285.47108589874199,401.67569316258584,-4.801854832808077));
#5534=CARTESIAN_POINT('',(285.13241016095827,401.40603482137152,-4.807293375827236));
#5535=B_SPLINE_CURVE_WITH_KNOTS('',3,(#5444,#5445,#5446,#5447,#5448,#5449,#5450,#5451,#5452,#5453,#5454,#5455,#5456,#5457,#5458,#5459,#5460,#5461,#5462,#5463,#5464,#5465,#5466,#5467,#5468,#5469,#5470,#5471,#5472,#5473,#5474,#5475,#5476,#5477,#5478,#5479,#5480,#5481,#5482,#5483,#5484,#5485,#5486,#5487,#5488,#5489,#5490,#5491,#5492,#5493,#5494,#5495,#5496,#5497,#5498,#5499,#5500,#5501,#5502,#5503,#5504,#5505,#5506,#5507,#5508,#5509,#5510,#5511,#5512,#5513,#5514,#5515,#5516,#5517,#5518,#5519,#5520,#5521,#5522,#5523,#5524,#5525,#5526,#5527,#5528,#5529,#5530,#5531,#5532,#5533,#5534),.UNSPECIFIED.,.F.,.U.,(4,3,3,3,3,3,3,3,3,3,3,3,3,3,3,3,3,3,3,3,3,3,3,3,3,3,3,3,3,3,4),(0.0,0.121416488384621,0.125000000000004,0.151727779945798,0.18200878721458,0.187500000000007,0.212298916897805,0.242719133323607,0.250000000000009,0.303788489583229,0.365199747041382,0.375000000000014,0.396030837420051,0.427039399187294,0.489529713126051,0.500000000000018,0.552572701583415,0.562500000000017,0.584297209103419,0.616174078028407,0.625000000000015,0.680286598473833,0.744923947317969,0.750000000000008,0.77742363360882,0.80997850599713,0.812500000000006,0.875000000000004,0.937500000000002,0.940763351107369,1.0),.UNSPECIFIED.);
#5536=EDGE_CURVE('',#5311,#5443,#5535,.T.);
#5537=ORIENTED_EDGE('',*,*,#5536,.T.);
#5538=CARTESIAN_POINT('',(275.4613505692779,392.98334344925661,5.046791141395763));
#5539=VERTEX_POINT('',#5538);
#5540=CARTESIAN_POINT('',(285.13240963354997,401.40603544741572,-4.807297871989962));
#5541=CARTESIAN_POINT('',(284.86402932729698,401.1919862240884,-4.804504328308718));
#5542=CARTESIAN_POINT('',(284.59592580542227,400.97597579341141,-4.789221168627696));
#5543=CARTESIAN_POINT('',(284.33150622877037,400.76083573477558,-4.761860782191541));
#5544=CARTESIAN_POINT('',(284.03884571275205,400.52271796235584,-4.731578210400698));
#5545=CARTESIAN_POINT('',(283.75068165219864,400.28565382712458,-4.686506324666976));
#5546=CARTESIAN_POINT('',(283.46549392544432,400.04860978027182,-4.626842438317334));
#5547=CARTESIAN_POINT('',(283.45711436053068,400.0416448032002,-4.625089356533783));
#5548=CARTESIAN_POINT('',(283.44873737383011,400.0346798450214,-4.623323643543695));
#5549=CARTESIAN_POINT('',(283.44036294025244,400.0277148895301,-4.621545290360947));
#5550=CARTESIAN_POINT('',(283.1647882534769,399.79852142705744,-4.563025616550629));
#5551=CARTESIAN_POINT('',(282.89234537945907,399.56963183808045,-4.490828261614339));
#5552=CARTESIAN_POINT('',(282.62339526526233,399.34154169484066,-4.405092948315726));
#5553=CARTESIAN_POINT('',(282.35469084612185,399.11365991968717,-4.319435957135277));
#5554=CARTESIAN_POINT('',(282.08947322476632,398.88657682416135,-4.2202664603895));
#5555=CARTESIAN_POINT('',(281.82726796922765,398.66008089632629,-4.107005347646523));
#5556=CARTESIAN_POINT('',(281.81964153420188,398.65349309367645,-4.103711063878222));
#5557=CARTESIAN_POINT('',(281.81201702885056,398.64690525043034,-4.100404503418661));
#5558=CARTESIAN_POINT('',(281.80439444596874,398.64031736459003,-4.097085647884041));
#5559=CARTESIAN_POINT('',(281.54982439861442,398.42030291065339,-3.986246418752548));
#5560=CARTESIAN_POINT('',(281.29739422158553,398.20023491920165,-3.861678829751743));
#5561=CARTESIAN_POINT('',(281.05103735775913,397.98380341559385,-3.725130244214716));
#5562=CARTESIAN_POINT('',(281.03722663108931,397.97167029986639,-3.71747535219054));
#5563=CARTESIAN_POINT('',(281.02343428581457,397.9595480094772,-3.709782726722851));
#5564=CARTESIAN_POINT('',(281.00966097032364,397.94743715523106,-3.702052636851069));
#5565=CARTESIAN_POINT('',(280.77038809209904,397.7370448967261,-3.567763920834975));
#5566=CARTESIAN_POINT('',(280.53685819149774,397.53010295877436,-3.422167512165034));
#5567=CARTESIAN_POINT('',(280.30884754786291,397.32674178328011,-3.265334270325823));
#5568=CARTESIAN_POINT('',(280.29076263349884,397.31061196852602,-3.252894869678201));
#5569=CARTESIAN_POINT('',(280.27271208533716,397.29450436377391,-3.240384366595893));
#5570=CARTESIAN_POINT('',(280.25469581309636,397.27841905720618,-3.227802856509551));
#5571=CARTESIAN_POINT('',(280.010794328462,397.06065868479192,-3.057476334575359));
#5572=CARTESIAN_POINT('',(279.77317750450288,396.84698623591044,-2.874133610810293));
#5573=CARTESIAN_POINT('',(279.54190364829316,396.63784739786428,-2.677723776258252));
#5574=CARTESIAN_POINT('',(279.33469425176378,396.4504698311448,-2.501750737381559));
#5575=CARTESIAN_POINT('',(279.13257622633921,396.26673157958015,-2.315290097476155));
#5576=CARTESIAN_POINT('',(278.93544867043755,396.08683527423011,-2.117733775825307));
#5577=CARTESIAN_POINT('',(278.91359846123862,396.06689502849412,-2.095836040945505));
#5578=CARTESIAN_POINT('',(278.89180459520549,396.04699743046001,-2.073795741010044));
#5579=CARTESIAN_POINT('',(278.87006789422179,396.02714362835064,-2.051612725275213));
#5580=CARTESIAN_POINT('',(278.67622981295847,395.85009638877455,-1.853794610654318));
#5581=CARTESIAN_POINT('',(278.48694638397319,395.67653797846572,-1.644599958854637));
#5582=CARTESIAN_POINT('',(278.30528989211439,395.50961316680008,-1.427349111281762));
#5583=CARTESIAN_POINT('',(278.28386066398537,395.48992177106209,-1.401720971454669));
#5584=CARTESIAN_POINT('',(278.26252860806744,395.4703144867795,-1.375971493396215));
#5585=CARTESIAN_POINT('',(278.24129816376455,395.45079592153525,-1.350105156820637));
#5586=CARTESIAN_POINT('',(278.06237550318076,395.28630037097349,-1.132112839107722));
#5587=CARTESIAN_POINT('',(277.89067555983513,395.12811018193884,-0.905816590799704));
#5588=CARTESIAN_POINT('',(277.72595402581061,394.97633365120453,-0.671124070478415));
#5589=CARTESIAN_POINT('',(277.70645242069315,394.95836462252817,-0.643338505692108));
#5590=CARTESIAN_POINT('',(277.68705092998806,394.9404876235642,-0.61543811644764));
#5591=CARTESIAN_POINT('',(277.66774850482614,394.92270225472799,-0.587422223984351));
#5592=CARTESIAN_POINT('',(277.48635779378077,394.75556777953449,-0.324148432641576));
#5593=CARTESIAN_POINT('',(277.31370934058168,394.59651833487584,-0.050683322393168));
#5594=CARTESIAN_POINT('',(277.14960937541593,394.44582504461084,0.233665918852563));
#5595=CARTESIAN_POINT('',(277.00117302549938,394.30951568012512,0.490873550977278));
#5596=CARTESIAN_POINT('',(276.85973028375366,394.18004231865376,0.75698934488913));
#5597=CARTESIAN_POINT('',(276.72571799671749,394.05816438832414,1.032071432719518));
#5598=CARTESIAN_POINT('',(276.71247461529481,394.04612015003784,1.059255634200252));
#5599=CARTESIAN_POINT('',(276.69930469641019,394.03415092895926,1.086526720484477));
#5600=CARTESIAN_POINT('',(276.68620939515739,394.02225813343125,1.113883288007336));
#5601=CARTESIAN_POINT('',(276.55200451368626,393.90037691944491,1.394242237450336));
#5602=CARTESIAN_POINT('',(276.42566234585485,393.78654884290171,1.683603415802577));
#5603=CARTESIAN_POINT('',(276.30928248461453,393.68297593534362,1.976806172668437));
#5604=CARTESIAN_POINT('',(276.30001895303758,393.67473180367472,2.00014434275836));
#5605=CARTESIAN_POINT('',(276.29081347948545,393.66654809816646,2.023517988419572));
#5606=CARTESIAN_POINT('',(276.28166710991945,393.6584259315203,2.046924872679671));
#5607=CARTESIAN_POINT('',(276.16469318766968,393.55455065260082,2.34627807941426));
#5608=CARTESIAN_POINT('',(276.05740524154908,393.4607592426886,2.651075046170325));
#5609=CARTESIAN_POINT('',(275.95962913507094,393.37718560927868,2.961381021552709));
#5610=CARTESIAN_POINT('',(275.95411869403131,393.3724755876184,2.978869167104605));
#5611=CARTESIAN_POINT('',(275.9486384422683,393.36779798722483,2.996374487979552));
#5612=CARTESIAN_POINT('',(275.94318826237492,393.36315275378604,3.013897153530252));
#5613=CARTESIAN_POINT('',(275.74010143974596,393.19006017374124,3.666833852920716));
#5614=CARTESIAN_POINT('',(275.5787027487907,393.06182818889135,4.34382150921354));
#5615=CARTESIAN_POINT('',(275.46135056927773,392.98334344925655,5.046791141395715));
#5616=B_SPLINE_CURVE_WITH_KNOTS('',3,(#5540,#5541,#5542,#5543,#5544,#5545,#5546,#5547,#5548,#5549,#5550,#5551,#5552,#5553,#5554,#5555,#5556,#5557,#5558,#5559,#5560,#5561,#5562,#5563,#5564,#5565,#5566,#5567,#5568,#5569,#5570,#5571,#5572,#5573,#5574,#5575,#5576,#5577,#5578,#5579,#5580,#5581,#5582,#5583,#5584,#5585,#5586,#5587,#5588,#5589,#5590,#5591,#5592,#5593,#5594,#5595,#5596,#5597,#5598,#5599,#5600,#5601,#5602,#5603,#5604,#5605,#5606,#5607,#5608,#5609,#5610,#5611,#5612,#5613,#5614,#5615),.UNSPECIFIED.,.F.,.U.,(4,3,3,3,3,3,3,3,3,3,3,3,3,3,3,3,3,3,3,3,3,3,3,3,3,4),(0.000000010744066,0.058429673888269,0.123099830247648,0.12500000940106,0.187528569710446,0.250000008058054,0.25181703634205,0.312500007386548,0.315901885108129,0.375000006715042,0.379687439070381,0.443145167467661,0.500000005372035,0.50630196603146,0.562500004700529,0.569129443476533,0.625000004029023,0.631614595230113,0.693773903771701,0.750000002686011,0.755556386285602,0.812500002014507,0.817032564407924,0.875000001343003,0.878266915469107,1.0),.UNSPECIFIED.);
#5617=EDGE_CURVE('',#5443,#5539,#5616,.T.);
#5618=ORIENTED_EDGE('',*,*,#5617,.T.);
#5619=CARTESIAN_POINT('',(230.48324653358438,449.33728010953382,205.35685041204417));
#5620=VERTEX_POINT('',#5619);
#5621=CARTESIAN_POINT('',(275.46135056927778,392.98334344925655,5.046791141395808));
#5622=CARTESIAN_POINT('',(274.73865984663871,392.50001034660511,9.375893824333994));
#5623=CARTESIAN_POINT('',(273.97942235393845,392.22816930538977,13.700757151508569));
#5624=CARTESIAN_POINT('',(273.17725772700652,392.14531982278282,18.019589629584885));
#5625=CARTESIAN_POINT('',(272.7754633556969,392.10382153844091,20.182839568636965));
#5626=CARTESIAN_POINT('',(272.36290265502441,392.10973220103313,22.344576509189299));
#5627=CARTESIAN_POINT('',(271.93893679737573,392.16043534262087,24.504401065206018));
#5628=CARTESIAN_POINT('',(271.51434448169249,392.21121340389794,26.667417008976493));
#5629=CARTESIAN_POINT('',(271.07831303431516,392.30691627312154,28.828515667037202));
#5630=CARTESIAN_POINT('',(270.63005189012267,392.44515794483993,30.988253897548596));
#5631=CARTESIAN_POINT('',(270.58436537060595,392.45924745697994,31.208373183142388));
#5632=CARTESIAN_POINT('',(270.53855183133453,392.47377882896382,31.428478329844829));
#5633=CARTESIAN_POINT('',(270.49261392278544,392.48874751231585,31.648555599299115));
#5634=CARTESIAN_POINT('',(270.08718255852625,392.62085569712974,33.590877973465737));
#5635=CARTESIAN_POINT('',(269.6718890734748,392.7871313953878,35.531968280401465));
#5636=CARTESIAN_POINT('',(269.24875838336243,392.98440353541844,37.461383392626871));
#5637=CARTESIAN_POINT('',(269.19043553006753,393.01159483671381,37.727327218411148));
#5638=CARTESIAN_POINT('',(269.13196382578428,393.03937482225615,37.993049393558536));
#5639=CARTESIAN_POINT('',(269.07334305866937,393.06773648489155,38.258552137428907));
#5640=CARTESIAN_POINT('',(268.65787340953904,393.26874733145388,40.140280017631255));
#5641=CARTESIAN_POINT('',(268.23450726394208,393.4991120301234,42.012620235893046));
#5642=CARTESIAN_POINT('',(267.80322794327179,393.75645623597006,43.876227604696609));
#5643=CARTESIAN_POINT('',(267.73218034301999,393.79885031189201,44.183232427369774));
#5644=CARTESIAN_POINT('',(267.66091808397141,393.84197627782157,44.490000310281289));
#5645=CARTESIAN_POINT('',(267.58944311056013,393.88582366314631,44.79652741954331));
#5646=CARTESIAN_POINT('',(267.16511845292212,394.14613193439493,46.616283405263601));
#5647=CARTESIAN_POINT('',(266.73320846233253,394.4318820308514,48.427845891563273));
#5648=CARTESIAN_POINT('',(266.29381818254205,394.74101252117003,50.231513708425624));
#5649=CARTESIAN_POINT('',(265.77956969839835,395.10280906825045,52.342469465486516));
#5650=CARTESIAN_POINT('',(265.25507501083052,395.49663064663491,54.442611994589853));
#5651=CARTESIAN_POINT('',(264.72053181992032,395.91930763709195,56.533012451570187));
#5652=CARTESIAN_POINT('',(264.62392071677834,395.99570051051205,56.910822697012563));
#5653=CARTESIAN_POINT('',(264.52698137624611,396.07303602380847,57.288314687825576));
#5654=CARTESIAN_POINT('',(264.42971736682375,396.15129645080185,57.665494293263613));
#5655=CARTESIAN_POINT('',(263.44777021116209,396.94138935508852,61.473382153668339));
#5656=CARTESIAN_POINT('',(262.43274540195995,397.82556568356358,65.249114406030998));
#5657=CARTESIAN_POINT('',(261.38852221665996,398.78565597093586,68.998229128686845));
#5658=CARTESIAN_POINT('',(261.26804737973077,398.89642416918753,69.430774576057885));
#5659=CARTESIAN_POINT('',(261.14718384931592,399.00820311577399,69.862965589922354));
#5660=CARTESIAN_POINT('',(261.02594260261498,399.12096648177487,70.294811023083255));
#5661=CARTESIAN_POINT('',(259.98754248836048,400.08675572697996,73.993456156951027));
#5662=CARTESIAN_POINT('',(258.92136557164389,401.12463522960991,77.666805552407666));
#5663=CARTESIAN_POINT('',(257.83412618570242,402.21826964747464,81.320694621539431));
#5664=CARTESIAN_POINT('',(257.69413028588826,402.35908898898913,81.791179313934407));
#5665=CARTESIAN_POINT('',(257.55378499065739,402.50083316404005,82.261341162661168));
#5666=CARTESIAN_POINT('',(257.41311079090855,402.64347070436719,82.731194346451133));
#5667=CARTESIAN_POINT('',(256.32829380412079,403.74342810221839,86.354493544041659));
#5668=CARTESIAN_POINT('',(255.22388387549688,404.8963352668838,89.959384370269206));
#5669=CARTESIAN_POINT('',(254.10926491600009,406.08789081222704,93.552080896485649));
#5670=CARTESIAN_POINT('',(253.95682463729923,406.25085328282921,94.043434156788265));
#5671=CARTESIAN_POINT('',(253.80419305874358,406.41453910834355,94.534559045317394));
#5672=CARTESIAN_POINT('',(253.65140313303078,406.57891495293802,95.025464900446877));
#5673=CARTESIAN_POINT('',(252.53631326795119,407.77856105209094,98.608188965593229));
#5674=CARTESIAN_POINT('',(251.41243330953628,409.01510003653863,102.18024253174541));
#5675=CARTESIAN_POINT('',(250.29219671100867,410.27602868416096,105.74586262003652));
#5676=CARTESIAN_POINT('',(250.13660629451834,410.45115991421187,106.24109399822281));
#5677=CARTESIAN_POINT('',(249.98108567060783,410.62676211418676,106.73620108169462));
#5678=CARTESIAN_POINT('',(249.82567279056067,410.80281050542499,107.2311949375293));
#5679=CARTESIAN_POINT('',(248.70292508851418,412.0746351228679,110.80717405841609));
#5680=CARTESIAN_POINT('',(247.5862739060008,413.36891598198548,114.37559574171266));
#5681=CARTESIAN_POINT('',(246.48927362924553,414.677119474356,117.94240788148359));
#5682=CARTESIAN_POINT('',(246.34112720713028,414.85378822358064,118.42409459393122));
#5683=CARTESIAN_POINT('',(246.19333866103929,415.03071138473894,118.90575177836917));
#5684=CARTESIAN_POINT('',(246.04594208688823,415.20788009408847,119.38739525719714));
#5685=CARTESIAN_POINT('',(244.94528441073837,416.53085588943674,122.98398218734022));
#5686=CARTESIAN_POINT('',(243.86647890481026,417.86717826146037,126.57966472390203));
#5687=CARTESIAN_POINT('',(242.82413585761964,419.21253645026957,130.17908739530259));
#5688=CARTESIAN_POINT('',(242.69327053968769,419.38144507165424,130.63099197080095));
#5689=CARTESIAN_POINT('',(242.5629794837121,419.55049627211099,131.08295532724139));
#5690=CARTESIAN_POINT('',(242.43329155934941,419.71969032602323,131.53498108221038));
#5691=CARTESIAN_POINT('',(241.38686228527934,421.08488767868675,135.18229817019409));
#5692=CARTESIAN_POINT('',(240.37962714079549,422.45920154227241,138.83382997981457));
#5693=CARTESIAN_POINT('',(239.42636418385916,423.84308407782925,142.49235502953121));
#5694=CARTESIAN_POINT('',(239.32048813575321,423.99678774672918,142.89869639771521));
#5695=CARTESIAN_POINT('',(239.21527761793266,424.15060948841244,143.30512399280042));
#5696=CARTESIAN_POINT('',(239.11075099170364,424.30455803688261,143.71163797278808));
#5697=CARTESIAN_POINT('',(238.15373514240878,425.71406684987295,147.43356353227094));
#5698=CARTESIAN_POINT('',(237.25399444093028,427.13397185405245,151.16280244407181));
#5699=CARTESIAN_POINT('',(236.42551925896814,428.57074035689027,154.8996038996211));
#5700=CARTESIAN_POINT('',(236.34879860920353,428.70379179343166,155.24564907025854));
#5701=CARTESIAN_POINT('',(236.27268902462234,428.83698779793377,155.59175912036591));
#5702=CARTESIAN_POINT('',(236.19719909253004,428.97033242260204,155.93793427276023));
#5703=CARTESIAN_POINT('',(235.36581505189889,430.43888047636875,159.75042275945992));
#5704=CARTESIAN_POINT('',(234.60960708623517,431.92556575532706,163.57078913958244));
#5705=CARTESIAN_POINT('',(233.94004643896432,433.43566458312205,167.39918734982706));
#5706=CARTESIAN_POINT('',(233.20798404766802,435.08672720676213,171.58495657035928));
#5707=CARTESIAN_POINT('',(232.57949271260358,436.76577824836079,175.78032578495137));
#5708=CARTESIAN_POINT('',(232.06745223154442,438.48147223648755,179.98451763027651));
#5709=CARTESIAN_POINT('',(232.04437100823645,438.55881048909254,180.17402977707144));
#5710=CARTESIAN_POINT('',(232.0215264226066,438.63622319469346,180.36355986057498));
#5711=CARTESIAN_POINT('',(231.99891951452554,438.71371141586701,180.55310768107159));
#5712=CARTESIAN_POINT('',(231.51912222937051,440.35828120919109,184.57597225658989));
#5713=CARTESIAN_POINT('',(231.14637523768243,442.03688535527937,188.606818423183));
#5714=CARTESIAN_POINT('',(230.89069473521405,443.75964214010912,192.64361533791472));
#5715=CARTESIAN_POINT('',(230.62263503504784,445.56580906618416,196.87586050384581));
#5716=CARTESIAN_POINT('',(230.48324653358435,447.42050461770225,201.11464699150517));
#5717=CARTESIAN_POINT('',(230.48324653358432,449.33728010953394,205.35685041204414));
#5718=B_SPLINE_CURVE_WITH_KNOTS('',3,(#5621,#5622,#5623,#5624,#5625,#5626,#5627,#5628,#5629,#5630,#5631,#5632,#5633,#5634,#5635,#5636,#5637,#5638,#5639,#5640,#5641,#5642,#5643,#5644,#5645,#5646,#5647,#5648,#5649,#5650,#5651,#5652,#5653,#5654,#5655,#5656,#5657,#5658,#5659,#5660,#5661,#5662,#5663,#5664,#5665,#5666,#5667,#5668,#5669,#5670,#5671,#5672,#5673,#5674,#5675,#5676,#5677,#5678,#5679,#5680,#5681,#5682,#5683,#5684,#5685,#5686,#5687,#5688,#5689,#5690,#5691,#5692,#5693,#5694,#5695,#5696,#5697,#5698,#5699,#5700,#5701,#5702,#5703,#5704,#5705,#5706,#5707,#5708,#5709,#5710,#5711,#5712,#5713,#5714,#5715,#5716,#5717),.UNSPECIFIED.,.F.,.U.,(4,3,3,3,3,3,3,3,3,3,3,3,3,3,3,3,3,3,3,3,3,3,3,3,3,3,3,3,3,3,3,3,4),(0.0,0.060867500844149,0.091355281548717,0.121888111435502,0.125,0.152464402842346,0.15625,0.18308009452531,0.1875,0.213739602308746,0.24444960280817,0.25,0.306035081914483,0.3125,0.367870361665815,0.375,0.429980606169326,0.4375,0.492377962751862,0.5,0.555063806826454,0.562499999999999,0.618028448642289,0.625,0.681252233677431,0.6875,0.744702758848172,0.75,0.808339458401135,0.872124753427274,0.875,0.936022741137268,1.0),.UNSPECIFIED.);
#5719=EDGE_CURVE('',#5539,#5620,#5718,.T.);
#5720=ORIENTED_EDGE('',*,*,#5719,.T.);
#5721=CARTESIAN_POINT('',(230.48324653358438,309.41379544723247,92.835285795281123));
#5722=VERTEX_POINT('',#5721);
#5723=CARTESIAN_POINT('',(230.48324653358438,499.27337266807967,0.0));
#5724=DIRECTION('',(-1.0,0.0,0.0));
#5725=DIRECTION('',(0.0,0.0,1.0));
#5726=AXIS2_PLACEMENT_3D('',#5723,#5724,#5725);
#5727=CIRCLE('',#5726,211.34107350718728);
#5728=EDGE_CURVE('',#5722,#5620,#5727,.T.);
#5729=ORIENTED_EDGE('',*,*,#5728,.F.);
#5730=CARTESIAN_POINT('',(295.18220109651281,446.03821412434462,-73.392609016135836));
#5731=VERTEX_POINT('',#5730);
#5732=CARTESIAN_POINT('',(230.48324653358438,309.41379544723247,92.835285795281123));
#5733=CARTESIAN_POINT('',(230.48324653358435,314.54624081169538,84.783656920566571));
#5734=CARTESIAN_POINT('',(231.17072285317028,319.86088236302402,77.003029724534812));
#5735=CARTESIAN_POINT('',(233.13561629950163,327.91529577151073,65.584141073328709));
#5736=CARTESIAN_POINT('',(233.94614060008229,330.61385766246298,61.819853408370562));
#5737=CARTESIAN_POINT('',(235.85729120576252,336.0098652980065,54.350796729515096));
#5738=CARTESIAN_POINT('',(236.95800221171208,338.70720473703182,50.645970582324765));
#5739=CARTESIAN_POINT('',(239.42180890250955,344.07750821177092,43.273722515632102));
#5740=CARTESIAN_POINT('',(240.78508721279564,346.75071210287263,39.60650719300348));
#5741=CARTESIAN_POINT('',(243.73663691512391,352.05675228962446,32.290464604812961));
#5742=CARTESIAN_POINT('',(245.31794424067371,354.67648758955141,28.656835879174661));
#5743=CARTESIAN_POINT('',(248.63611309524768,359.84325735283727,21.414404664264453));
#5744=CARTESIAN_POINT('',(250.37317286872363,362.39091096230231,17.804851940666403));
#5745=CARTESIAN_POINT('',(253.94516369954988,367.43444499727616,10.595205934605227));
#5746=CARTESIAN_POINT('',(255.77995440057316,369.93044999312565,6.995136724540007));
#5747=CARTESIAN_POINT('',(259.4883447990232,374.91016812240508,-0.195089412669565));
#5748=CARTESIAN_POINT('',(261.36179304950264,377.39404599783995,-3.785197681679582));
#5749=CARTESIAN_POINT('',(265.0921518263537,382.40422502071732,-10.941826055730745));
#5750=CARTESIAN_POINT('',(266.94893471368272,384.93069368568138,-14.508283706051808));
#5751=CARTESIAN_POINT('',(270.59865483396078,390.09085433075859,-21.592434619806781));
#5752=CARTESIAN_POINT('',(272.39151636457086,392.72466790799592,-25.110074205295479));
#5753=CARTESIAN_POINT('',(275.87726892914571,398.16987624000143,-32.061750434664525));
#5754=CARTESIAN_POINT('',(277.57014470730456,400.98130333333359,-35.495770401966126));
#5755=CARTESIAN_POINT('',(280.01680643347902,405.38671461705582,-40.551599474753218));
#5756=CARTESIAN_POINT('',(280.81701730362101,406.88658447476553,-42.22094460673582));
#5757=CARTESIAN_POINT('',(281.99297720334954,409.19062233298854,-44.696390368452647));
#5758=CARTESIAN_POINT('',(282.38091028676956,409.96767594071935,-45.516772482956078));
#5759=CARTESIAN_POINT('',(283.14851399357917,411.54108603997111,-47.147167095197517));
#5760=CARTESIAN_POINT('',(283.5281906422573,412.33750320645913,-47.957200843788279));
#5761=CARTESIAN_POINT('',(285.39854032140545,416.35523960685299,-51.963958870078351));
#5762=CARTESIAN_POINT('',(286.81040991493342,419.69526416063366,-55.042679538303993));
#5763=CARTESIAN_POINT('',(289.46918411043725,426.66942039939812,-60.889206200534204));
#5764=CARTESIAN_POINT('',(290.71625298543375,430.30335050636472,-63.657201812347864));
#5765=CARTESIAN_POINT('',(293.05857546518712,437.90703349688414,-68.821420621842606));
#5766=CARTESIAN_POINT('',(294.15396946097252,441.87647385617936,-71.217990208185327));
#5767=CARTESIAN_POINT('',(295.1822010965127,446.03821412434456,-73.392609016135921));
#5768=B_SPLINE_CURVE_WITH_KNOTS('',3,(#5732,#5733,#5734,#5735,#5736,#5737,#5738,#5739,#5740,#5741,#5742,#5743,#5744,#5745,#5746,#5747,#5748,#5749,#5750,#5751,#5752,#5753,#5754,#5755,#5756,#5757,#5758,#5759,#5760,#5761,#5762,#5763,#5764,#5765,#5766,#5767),.UNSPECIFIED.,.F.,.U.,(4,2,2,2,2,2,2,2,2,2,2,2,2,2,2,2,2,4),(0.0,0.124999999999999,0.187499999999999,0.249999999999999,0.312499999999998,0.374999999999998,0.437499999999997,0.499999999999997,0.562499999999997,0.624999999999996,0.687499999999996,0.749999999999995,0.781249999999995,0.796874999999995,0.812499999999995,0.874999999999997,0.937499999999998,1.0),.UNSPECIFIED.);
#5769=EDGE_CURVE('',#5722,#5731,#5768,.T.);
#5770=ORIENTED_EDGE('',*,*,#5769,.T.);
#5771=CARTESIAN_POINT('',(295.1822010965127,446.03821412434462,-73.392609016135935));
#5772=CARTESIAN_POINT('',(295.37243881220144,446.8081962356336,-73.794944932401094));
#5773=CARTESIAN_POINT('',(295.46936723223837,447.55523711770189,-74.242693513549455));
#5774=CARTESIAN_POINT('',(295.47454199532746,448.28066304497679,-74.733554559807786));
#5775=CARTESIAN_POINT('',(295.47469472436677,448.30207341741499,-74.748041935321453));
#5776=CARTESIAN_POINT('',(295.47476753203517,448.32346497138212,-74.762566866978887));
#5777=CARTESIAN_POINT('',(295.47476015969346,448.34483786367736,-74.777129672784056));
#5778=CARTESIAN_POINT('',(295.47470517275679,448.50424852656721,-74.885747004255705));
#5779=CARTESIAN_POINT('',(295.47018223244766,448.66249062443364,-74.996388934523424));
#5780=CARTESIAN_POINT('',(295.46109261733091,448.81977582131935,-75.109281269640633));
#5781=CARTESIAN_POINT('',(295.45079461645025,448.99797072564098,-75.237181664929963));
#5782=CARTESIAN_POINT('',(295.4346361513625,449.17493837219121,-75.367970511937472));
#5783=CARTESIAN_POINT('',(295.41251573599715,449.35025436491173,-75.501441466346051));
#5784=CARTESIAN_POINT('',(295.4085043797503,449.38204648504035,-75.525645331323659));
#5785=CARTESIAN_POINT('',(295.40429681647799,449.41378423143868,-75.549937452165267));
#5786=CARTESIAN_POINT('',(295.39989443093089,449.44546017652902,-75.574312148673229));
#5787=CARTESIAN_POINT('',(295.38001277680411,449.58851220540993,-75.684390941235449));
#5788=CARTESIAN_POINT('',(295.35624606287422,449.72964892506434,-75.795652627859994));
#5789=CARTESIAN_POINT('',(295.32879379731861,449.8682868069838,-75.907596722110554));
#5790=CARTESIAN_POINT('',(295.29511878388894,450.03835045896426,-76.044915766676723));
#5791=CARTESIAN_POINT('',(295.25589966912594,450.20465885139697,-76.183263811268546));
#5792=CARTESIAN_POINT('',(295.21119423274627,450.36791002642281,-76.323132483015684));
#5793=CARTESIAN_POINT('',(295.20049429828725,450.40698305678751,-76.356609074270793));
#5794=CARTESIAN_POINT('',(295.18947970822143,450.44588072315213,-76.390172855983977));
#5795=CARTESIAN_POINT('',(295.17814994204048,450.48460673422801,-76.423827758506576));
#5796=CARTESIAN_POINT('',(295.09444960287732,450.77070092273243,-76.672458375471876));
#5797=CARTESIAN_POINT('',(294.99382818283357,451.04649380036687,-76.925247991269458));
#5798=CARTESIAN_POINT('',(294.8767148497858,451.31219865877472,-77.182485917245899));
#5799=CARTESIAN_POINT('',(294.74300451318231,451.6155585336096,-77.476178947530045));
#5800=CARTESIAN_POINT('',(294.58779890332767,451.905768593934,-77.775669228210646));
#5801=CARTESIAN_POINT('',(294.41106432358293,452.18218251996257,-78.081435254134206));
#5802=CARTESIAN_POINT('',(294.38286031572363,452.22629375474975,-78.130230613880599));
#5803=CARTESIAN_POINT('',(294.35410766959637,452.27005347770398,-78.17918589026587));
#5804=CARTESIAN_POINT('',(294.32484035907407,452.31341707486058,-78.228252071007446));
#5805=CARTESIAN_POINT('',(294.26203422009667,452.40647311796721,-78.33354556438799));
#5806=CARTESIAN_POINT('',(294.19696007113976,452.497551073056,-78.439177178770166));
#5807=CARTESIAN_POINT('',(294.12996687990687,452.58623646763283,-78.544669709759845));
#5808=CARTESIAN_POINT('',(294.03118990461007,452.71699714447323,-78.700211384007716));
#5809=CARTESIAN_POINT('',(293.92823998540212,452.84256022400928,-78.855454003292238));
#5810=CARTESIAN_POINT('',(293.82111883626771,452.96338942432169,-79.010824905312319));
#5811=CARTESIAN_POINT('',(293.60524187012072,453.20689167757592,-79.323937668073171));
#5812=CARTESIAN_POINT('',(293.37244205440879,453.43117634603016,-79.637566574863683));
#5813=CARTESIAN_POINT('',(293.12361737592704,453.63664063171177,-79.952399903644306));
#5814=CARTESIAN_POINT('',(293.08192666258685,453.67106628711008,-80.005150403073202));
#5815=CARTESIAN_POINT('',(293.03978549295954,453.70496313681912,-80.057934746768183));
#5816=CARTESIAN_POINT('',(292.99719257263951,453.73833038766458,-80.110759102328345));
#5817=CARTESIAN_POINT('',(292.783327860376,453.90587178767817,-80.375997210386899));
#5818=CARTESIAN_POINT('',(292.55843889042205,454.05987543009923,-80.641850720143609));
#5819=CARTESIAN_POINT('',(292.32222206941975,454.20030267384561,-80.909228900382999));
#5820=CARTESIAN_POINT('',(292.27761726878356,454.22681953739755,-80.959717897624785));
#5821=CARTESIAN_POINT('',(292.23260820101092,454.25285183551551,-81.010261194839899));
#5822=CARTESIAN_POINT('',(292.18724388383771,454.27837397860145,-81.060809907239033));
#5823=CARTESIAN_POINT('',(292.08763818389787,454.33441253675585,-81.171798900203612));
#5824=CARTESIAN_POINT('',(291.98642056056667,454.3879422141012,-81.282705853124867));
#5825=CARTESIAN_POINT('',(291.88410360653387,454.43871545973798,-81.393030449886012));
#5826=CARTESIAN_POINT('',(291.73447233415436,454.51296772241813,-81.554372330556475));
#5827=CARTESIAN_POINT('',(291.5824883018181,454.58132803580503,-81.714471858378744));
#5828=CARTESIAN_POINT('',(291.42796951831696,454.64413669251235,-81.873803155207341));
#5829=CARTESIAN_POINT('',(291.38518706281639,454.66152686670182,-81.917918077432063));
#5830=CARTESIAN_POINT('',(291.34221020503099,454.67849121052694,-81.961974031846239));
#5831=CARTESIAN_POINT('',(291.29903938599216,454.69503136200962,-82.00597425881756));
#5832=CARTESIAN_POINT('',(291.0286123704617,454.79864078850363,-82.281596781795685));
#5833=CARTESIAN_POINT('',(290.75073060107803,454.88551966415071,-82.554861933028405));
#5834=CARTESIAN_POINT('',(290.46624494284481,454.95586288767709,-82.825833884442432));
#5835=CARTESIAN_POINT('',(290.13364356674498,455.03810342341956,-83.142635949208994));
#5836=CARTESIAN_POINT('',(289.79200966914573,455.09773712979325,-83.456307254992822));
#5837=CARTESIAN_POINT('',(289.44113214095756,455.13445364598903,-83.767805845168382));
#5838=CARTESIAN_POINT('',(289.41357728529385,455.13733704040158,-83.792268223070124));
#5839=CARTESIAN_POINT('',(289.3859654533141,455.14007916088559,-83.81671717769224));
#5840=CARTESIAN_POINT('',(289.35830422170443,455.14267958640693,-83.841146518791177));
#5841=CARTESIAN_POINT('',(289.20886300656764,455.15672851796808,-83.973127280542045));
#5842=CARTESIAN_POINT('',(289.05777271537903,455.16664748383425,-84.104711433719643));
#5843=CARTESIAN_POINT('',(288.90621531357402,455.17233981677128,-84.234920448156458));
#5844=CARTESIAN_POINT('',(288.72629999142652,455.17909724268355,-84.389492884077839));
#5845=CARTESIAN_POINT('',(288.54572536575751,455.17989842655459,-84.542128364820883));
#5846=CARTESIAN_POINT('',(288.36449963490804,455.17492420044158,-84.6929848985706));
#5847=CARTESIAN_POINT('',(288.35046303885025,455.17453892842559,-84.704669289175584));
#5848=CARTESIAN_POINT('',(288.33642253687577,455.17411901228053,-84.716343008320791));
#5849=CARTESIAN_POINT('',(288.32237816594375,455.17366448401435,-84.728006067710709));
#5850=CARTESIAN_POINT('',(287.97426185775646,455.16239814088203,-85.017097063430001));
#5851=CARTESIAN_POINT('',(287.62370623613009,455.12985582838996,-85.299686302170571));
#5852=CARTESIAN_POINT('',(287.27096679936591,455.07641998984775,-85.576158529401823));
#5853=CARTESIAN_POINT('',(286.91822736260173,455.02298415130554,-85.852630756633076));
#5854=CARTESIAN_POINT('',(286.56329490661727,454.94860798577315,-86.122970526670031));
#5855=CARTESIAN_POINT('',(286.20627649583082,454.85297077576763,-86.387245226118452));
#5856=CARTESIAN_POINT('',(286.18763527300905,454.847977211044,-86.401043964250022));
#5857=CARTESIAN_POINT('',(286.16898830069579,454.84292522534395,-86.414825985006644));
#5858=CARTESIAN_POINT('',(286.15033512478965,454.83781462403505,-86.428591633948372));
#5859=CARTESIAN_POINT('',(285.81174096334155,454.74504651991265,-86.678466957253676));
#5860=CARTESIAN_POINT('',(285.47108589874205,454.63306118567016,-86.922997218491318));
#5861=CARTESIAN_POINT('',(285.13241016096055,454.50294193159255,-87.159247463892328));
#5862=B_SPLINE_CURVE_WITH_KNOTS('',3,(#5771,#5772,#5773,#5774,#5775,#5776,#5777,#5778,#5779,#5780,#5781,#5782,#5783,#5784,#5785,#5786,#5787,#5788,#5789,#5790,#5791,#5792,#5793,#5794,#5795,#5796,#5797,#5798,#5799,#5800,#5801,#5802,#5803,#5804,#5805,#5806,#5807,#5808,#5809,#5810,#5811,#5812,#5813,#5814,#5815,#5816,#5817,#5818,#5819,#5820,#5821,#5822,#5823,#5824,#5825,#5826,#5827,#5828,#5829,#5830,#5831,#5832,#5833,#5834,#5835,#5836,#5837,#5838,#5839,#5840,#5841,#5842,#5843,#5844,#5845,#5846,#5847,#5848,#5849,#5850,#5851,#5852,#5853,#5854,#5855,#5856,#5857,#5858,#5859,#5860,#5861),.UNSPECIFIED.,.F.,.U.,(4,3,3,3,3,3,3,3,3,3,3,3,3,3,3,3,3,3,3,3,3,3,3,3,3,3,3,3,3,3,4),(0.0,0.121416488384669,0.124999999999999,0.151727779945836,0.182008787214664,0.187500000000002,0.212298916897903,0.242719133323724,0.250000000000005,0.303788489583377,0.36519974704156,0.375000000000006,0.396030837420242,0.427039399187503,0.489529713126293,0.500000000000008,0.552572701583684,0.562500000000009,0.584297209103711,0.616174078028714,0.62500000000001,0.680286598474178,0.744923947318352,0.750000000000008,0.777423633609255,0.809978505997553,0.812500000000006,0.875000000000004,0.937500000000002,0.940763351107857,1.0),.UNSPECIFIED.);
#5863=EDGE_CURVE('',#5731,#3791,#5862,.T.);
#5864=ORIENTED_EDGE('',*,*,#5863,.T.);
#5865=EDGE_LOOP('',(#3872,#3984,#3985,#4026,#4122,#4203,#4315,#4316,#4357,#4453,#4534,#4646,#4647,#4688,#4784,#4865,#4977,#4978,#5019,#5115,#5196,#5308,#5309,#5441,#5537,#5618,#5720,#5729,#5770,#5864));
#5866=FACE_OUTER_BOUND('',#5865,.T.);
#5867=ORIENTED_EDGE('',*,*,#139,.T.);
#5868=EDGE_LOOP('',(#5867));
#5869=FACE_BOUND('',#5868,.T.);
#5870=ADVANCED_FACE('',(#5866,#5869),#3789,.F.);
#5871=CARTESIAN_POINT('',(230.48324653358438,770.44096994779807,0.0));
#5872=DIRECTION('',(-1.0,0.0,0.0));
#5873=DIRECTION('',(0.0,0.0,1.0));
#5874=AXIS2_PLACEMENT_3D('',#5871,#5872,#5873);
#5875=PLANE('',#5874);
#5876=ORIENTED_EDGE('',*,*,#3457,.F.);
#5877=CARTESIAN_POINT('',(230.48324653358438,278.96218000507093,158.0975781754463));
#5878=CARTESIAN_POINT('',(230.48324653358438,283.02893018753235,146.83695035603631));
#5879=CARTESIAN_POINT('',(230.48324653239533,287.45515584529704,135.7440486406872));
#5880=CARTESIAN_POINT('',(230.48324653484374,292.42216293417079,124.90347183916236));
#5881=CARTESIAN_POINT('',(230.48324653485997,292.4550013507419,124.83180144076962));
#5882=CARTESIAN_POINT('',(230.48324653487637,292.48786339832145,124.76014206835794));
#5883=CARTESIAN_POINT('',(230.48324653489306,292.52074913914601,124.68849375082682));
#5884=CARTESIAN_POINT('',(230.48324653615617,295.00697381343394,119.27174441050664));
#5885=CARTESIAN_POINT('',(230.4832465341693,297.62877795712745,113.91826250488045));
#5886=CARTESIAN_POINT('',(230.48324653377955,300.41280772663458,108.64046953435508));
#5887=CARTESIAN_POINT('',(230.48324653377682,300.43218082832095,108.60374319578736));
#5888=CARTESIAN_POINT('',(230.48324653377409,300.45156178493897,108.56702052191197));
#5889=CARTESIAN_POINT('',(230.48324653377148,300.4709506069384,108.53030151757437));
#5890=CARTESIAN_POINT('',(230.48324653339139,303.27662830079618,103.21684351514035));
#5891=CARTESIAN_POINT('',(230.48324653358438,306.24700891511259,97.980245739326222));
#5892=CARTESIAN_POINT('',(230.48324653358438,309.41379544723253,92.835285795281123));
#5893=B_SPLINE_CURVE_WITH_KNOTS('',3,(#5877,#5878,#5879,#5880,#5881,#5882,#5883,#5884,#5885,#5886,#5887,#5888,#5889,#5890,#5891,#5892),.UNSPECIFIED.,.F.,.U.,(4,3,3,3,3,4),(0.000000011028405,0.496716062423046,0.500000005514203,0.748272361176241,0.750000002757102,1.0),.UNSPECIFIED.);
#5894=EDGE_CURVE('',#3434,#5722,#5893,.T.);
#5895=ORIENTED_EDGE('',*,*,#5894,.T.);
#5896=ORIENTED_EDGE('',*,*,#5728,.T.);
#5897=CARTESIAN_POINT('',(230.48324653358438,449.33728010953382,205.35685041204414));
#5898=CARTESIAN_POINT('',(230.48324653358438,452.1036350631432,211.21040584909497));
#5899=CARTESIAN_POINT('',(230.48324653436921,455.05837823008835,216.94740563131705));
#5900=CARTESIAN_POINT('',(230.48324653384438,458.17383615229392,222.58497094011787));
#5901=CARTESIAN_POINT('',(230.48324653381246,458.36320125110376,222.92763585115355));
#5902=CARTESIAN_POINT('',(230.48324653378887,458.55316087787401,223.26993289423851));
#5903=CARTESIAN_POINT('',(230.48324653377068,458.74370876653711,223.61186598646833));
#5904=CARTESIAN_POINT('',(230.48324653348936,461.68807820438349,228.89545822993597));
#5905=CARTESIAN_POINT('',(230.48324653431334,464.7729267875543,234.09213191806867));
#5906=CARTESIAN_POINT('',(230.48324653395699,467.97921493764318,239.21367197623107));
#5907=CARTESIAN_POINT('',(230.48324653391163,468.38733139528347,239.8655737044466));
#5908=CARTESIAN_POINT('',(230.48324653387712,468.79741677850348,240.51625683577993));
#5909=CARTESIAN_POINT('',(230.48324653384967,469.20943193380367,241.16574588226243));
#5910=CARTESIAN_POINT('',(230.48324653360675,472.85251081255757,246.9085924663849));
#5911=CARTESIAN_POINT('',(230.48324653375872,476.64649144882367,252.55806339604578));
#5912=CARTESIAN_POINT('',(230.48324653379541,480.56828142441822,258.1284806563371));
#5913=CARTESIAN_POINT('',(230.483246533824,483.62307961198837,262.46744338933456));
#5914=CARTESIAN_POINT('',(230.48324653371395,486.75541564098432,266.75844748554556));
#5915=CARTESIAN_POINT('',(230.48324653361414,489.95558908799694,271.00746248694014));
#5916=B_SPLINE_CURVE_WITH_KNOTS('',3,(#5897,#5898,#5899,#5900,#5901,#5902,#5903,#5904,#5905,#5906,#5907,#5908,#5909,#5910,#5911,#5912,#5913,#5914,#5915),.UNSPECIFIED.,.F.,.U.,(4,3,3,3,3,3,4),(0.0,0.250000000000001,0.265195607157791,0.500000000000001,0.529887375232474,0.794154512133012,1.0),.UNSPECIFIED.);
#5917=EDGE_CURVE('',#5620,#3451,#5916,.T.);
#5918=ORIENTED_EDGE('',*,*,#5917,.T.);
#5919=EDGE_LOOP('',(#5876,#5895,#5896,#5918));
#5920=FACE_OUTER_BOUND('',#5919,.T.);
#5921=ADVANCED_FACE('',(#5920),#5875,.F.);
#5922=CARTESIAN_POINT('',(206.95531013791393,770.44096994779807,0.0));
#5923=DIRECTION('',(1.0,0.0,0.0));
#5924=DIRECTION('',(0.0,0.0,-1.0));
#5925=AXIS2_PLACEMENT_3D('',#5922,#5923,#5924);
#5926=PLANE('',#5925);
#5927=ORIENTED_EDGE('',*,*,#3494,.T.);
#5928=EDGE_LOOP('',(#5927));
#5929=FACE_OUTER_BOUND('',#5928,.T.);
#5930=CARTESIAN_POINT('',(206.95531013791393,499.27337266807967,138.47697743960734));
#5931=VERTEX_POINT('',#5930);
#5932=CARTESIAN_POINT('',(206.95531013791393,499.27337266807967,0.0));
#5933=DIRECTION('',(-1.0,0.0,0.0));
#5934=DIRECTION('',(0.0,0.0,1.0));
#5935=AXIS2_PLACEMENT_3D('',#5932,#5933,#5934);
#5936=CIRCLE('',#5935,138.47697743960734);
#5937=EDGE_CURVE('',#5931,#5931,#5936,.T.);
#5938=ORIENTED_EDGE('',*,*,#5937,.F.);
#5939=EDGE_LOOP('',(#5938));
#5940=FACE_BOUND('',#5939,.T.);
#5941=ADVANCED_FACE('',(#5929,#5940),#5926,.F.);
#5942=CARTESIAN_POINT('',(118.85551844828268,499.27337266807967,0.0));
#5943=DIRECTION('',(-1.0,0.0,0.0));
#5944=DIRECTION('',(0.0,0.0,1.0));
#5945=AXIS2_PLACEMENT_3D('',#5942,#5943,#5944);
#5946=CYLINDRICAL_SURFACE('',#5945,138.47697743960734);
#5947=CARTESIAN_POINT('',(98.136355092428133,499.27337266807967,138.47697743960734));
#5948=VERTEX_POINT('',#5947);
#5949=CARTESIAN_POINT('',(98.136355092428133,499.27337266807967,0.0));
#5950=DIRECTION('',(-1.0,0.0,0.0));
#5951=DIRECTION('',(0.0,0.0,1.0));
#5952=AXIS2_PLACEMENT_3D('',#5949,#5950,#5951);
#5953=CIRCLE('',#5952,138.47697743960734);
#5954=EDGE_CURVE('',#5948,#5948,#5953,.T.);
#5955=ORIENTED_EDGE('',*,*,#5954,.F.);
#5956=EDGE_LOOP('',(#5955));
#5957=FACE_OUTER_BOUND('',#5956,.T.);
#5958=ORIENTED_EDGE('',*,*,#5937,.T.);
#5959=EDGE_LOOP('',(#5958));
#5960=FACE_BOUND('',#5959,.T.);
#5961=ADVANCED_FACE('',(#5957,#5960),#5946,.T.);
#5962=CARTESIAN_POINT('',(98.136355092428133,613.81568328059279,0.0));
#5963=DIRECTION('',(1.0,0.0,0.0));
#5964=DIRECTION('',(0.0,0.0,-1.0));
#5965=AXIS2_PLACEMENT_3D('',#5962,#5963,#5964);
#5966=PLANE('',#5965);
#5967=ORIENTED_EDGE('',*,*,#5954,.T.);
#5968=EDGE_LOOP('',(#5967));
#5969=FACE_OUTER_BOUND('',#5968,.T.);
#5970=CARTESIAN_POINT('',(98.136355092428133,499.27337266807967,114.54231061251313));
#5971=VERTEX_POINT('',#5970);
#5972=CARTESIAN_POINT('',(98.136355092428133,499.27337266807967,0.0));
#5973=DIRECTION('',(-1.0,0.0,0.0));
#5974=DIRECTION('',(0.0,0.0,1.0));
#5975=AXIS2_PLACEMENT_3D('',#5972,#5973,#5974);
#5976=CIRCLE('',#5975,114.54231061251313);
#5977=EDGE_CURVE('',#5971,#5971,#5976,.T.);
#5978=ORIENTED_EDGE('',*,*,#5977,.F.);
#5979=EDGE_LOOP('',(#5978));
#5980=FACE_BOUND('',#5979,.T.);
#5981=ADVANCED_FACE('',(#5969,#5980),#5966,.F.);
#5982=CARTESIAN_POINT('',(118.85551844828268,499.27337266807967,0.0));
#5983=DIRECTION('',(-1.0,0.0,0.0));
#5984=DIRECTION('',(0.0,0.0,1.0));
#5985=AXIS2_PLACEMENT_3D('',#5982,#5983,#5984);
#5986=CYLINDRICAL_SURFACE('',#5985,114.54231061251313);
#5987=CARTESIAN_POINT('',(174.40816004810173,499.27337266807967,114.54231061251313));
#5988=VERTEX_POINT('',#5987);
#5989=CARTESIAN_POINT('',(174.40816004810173,499.27337266807967,0.0));
#5990=DIRECTION('',(-1.0,0.0,0.0));
#5991=DIRECTION('',(0.0,0.0,1.0));
#5992=AXIS2_PLACEMENT_3D('',#5989,#5990,#5991);
#5993=CIRCLE('',#5992,114.54231061251313);
#5994=EDGE_CURVE('',#5988,#5988,#5993,.T.);
#5995=ORIENTED_EDGE('',*,*,#5994,.F.);
#5996=EDGE_LOOP('',(#5995));
#5997=FACE_OUTER_BOUND('',#5996,.T.);
#5998=ORIENTED_EDGE('',*,*,#5977,.T.);
#5999=EDGE_LOOP('',(#5998));
#6000=FACE_BOUND('',#5999,.T.);
#6001=ADVANCED_FACE('',(#5997,#6000),#5986,.F.);
#6002=CARTESIAN_POINT('',(174.40816004810173,574.2437007931303,0.0));
#6003=DIRECTION('',(1.0,0.0,0.0));
#6004=DIRECTION('',(0.0,0.0,-1.0));
#6005=AXIS2_PLACEMENT_3D('',#6002,#6003,#6004);
#6006=PLANE('',#6005);
#6007=ORIENTED_EDGE('',*,*,#5994,.T.);
#6008=EDGE_LOOP('',(#6007));
#6009=FACE_OUTER_BOUND('',#6008,.T.);
#6010=CARTESIAN_POINT('',(174.40816004810173,499.27337266807967,74.970328125050713));
#6011=VERTEX_POINT('',#6010);
#6012=CARTESIAN_POINT('',(174.40816004810173,499.27337266807967,0.0));
#6013=DIRECTION('',(-1.0,0.0,0.0));
#6014=DIRECTION('',(0.0,0.0,1.0));
#6015=AXIS2_PLACEMENT_3D('',#6012,#6013,#6014);
#6016=CIRCLE('',#6015,74.970328125050713);
#6017=EDGE_CURVE('',#6011,#6011,#6016,.T.);
#6018=ORIENTED_EDGE('',*,*,#6017,.F.);
#6019=EDGE_LOOP('',(#6018));
#6020=FACE_BOUND('',#6019,.T.);
#6021=ADVANCED_FACE('',(#6009,#6020),#6006,.F.);
#6022=CARTESIAN_POINT('',(118.85551844828268,499.27337266807967,0.0));
#6023=DIRECTION('',(-1.0,0.0,0.0));
#6024=DIRECTION('',(0.0,0.0,1.0));
#6025=AXIS2_PLACEMENT_3D('',#6022,#6023,#6024);
#6026=CYLINDRICAL_SURFACE('',#6025,74.970328125050713);
#6027=ORIENTED_EDGE('',*,*,#191,.F.);
#6028=EDGE_LOOP('',(#6027));
#6029=FACE_OUTER_BOUND('',#6028,.T.);
#6030=ORIENTED_EDGE('',*,*,#6017,.T.);
#6031=EDGE_LOOP('',(#6030));
#6032=FACE_BOUND('',#6031,.T.);
#6033=ADVANCED_FACE('',(#6029,#6032),#6026,.T.);
#6034=CARTESIAN_POINT('',(317.17491033436738,332.37052619052713,7.270358051464059));
#6035=CARTESIAN_POINT('',(305.37651635851,352.99511321500967,6.931480917573061));
#6036=CARTESIAN_POINT('',(293.57053330951351,373.61477657089711,6.537805245986967));
#6037=CARTESIAN_POINT('',(281.78312673063493,394.24549911049257,6.07729205284302));
#6038=CARTESIAN_POINT('',(317.36818058589597,332.48119946390489,-1.127570E-014));
#6039=CARTESIAN_POINT('',(306.09330451917305,352.81846445167815,2.007180E-009));
#6040=CARTESIAN_POINT('',(294.62913312543054,373.49712670197732,-1.650561E-009));
#6041=CARTESIAN_POINT('',(282.80041713499043,394.83179375190389,-2.602085E-015));
#6042=CARTESIAN_POINT('',(323.68029775658493,336.09573746806922,-1.127570E-014));
#6043=CARTESIAN_POINT('',(311.86960158177118,356.72091780735843,-1.127570E-014));
#6044=CARTESIAN_POINT('',(300.03115005218382,377.33023734255886,-2.602085E-015));
#6045=CARTESIAN_POINT('',(288.16320297442633,397.9225263364599,-2.602085E-015));
#6053=(BOUNDED_SURFACE()B_SPLINE_SURFACE(3,2,((#6034,#6038,#6042),(#6035,#6039,#6043),(#6036,#6040,#6044),(#6037,#6041,#6045)),.UNSPECIFIED.,.F.,.F.,.F.)B_SPLINE_SURFACE_WITH_KNOTS((4,4),(3,3),(0.350392254915586,0.421694061997146),(0.0,1.0),.UNSPECIFIED.)GEOMETRIC_REPRESENTATION_ITEM()RATIONAL_B_SPLINE_SURFACE(((1.0,0.717850585592663,1.0),(1.0,0.733586317720738,1.0),(1.0,0.751360396592553,1.0),(1.0,0.771263376854581,1.0)))REPRESENTATION_ITEM('')SURFACE());
#6054=ORIENTED_EDGE('',*,*,#428,.F.);
#6055=CARTESIAN_POINT('',(288.25359650249959,397.4867020739681,0.001303775277415));
#6056=VERTEX_POINT('',#6055);
#6057=CARTESIAN_POINT('',(283.16873095990309,391.82058450707814,6.131119612030348));
#6058=CARTESIAN_POINT('',(283.23520213005503,391.86709786700158,5.695770966341217));
#6059=CARTESIAN_POINT('',(283.32305300996188,391.94996797491575,5.275920379447151));
#6060=CARTESIAN_POINT('',(283.43168209687957,392.06551042135351,4.870407263717381));
#6061=CARTESIAN_POINT('',(283.48621833699099,392.12351745041701,4.666823110750229));
#6062=CARTESIAN_POINT('',(283.54600644405127,392.18979983935628,4.466863664893332));
#6063=CARTESIAN_POINT('',(283.61127013263621,392.26421031330165,4.270557732237119));
#6064=CARTESIAN_POINT('',(283.67670317836956,392.33881388000555,4.073742392073004));
#6065=CARTESIAN_POINT('',(283.74795115706331,392.42198184384841,3.879607774649965));
#6066=CARTESIAN_POINT('',(283.82393896961122,392.51203829450924,3.691568100786651));
#6067=CARTESIAN_POINT('',(283.90020667090346,392.60242645345386,3.502835813378809));
#6068=CARTESIAN_POINT('',(283.98105354958602,392.69948737341122,3.32070930440004));
#6069=CARTESIAN_POINT('',(284.0662781693033,392.80246118492914,3.145100004111041));
#6070=CARTESIAN_POINT('',(284.15141030224385,392.90532324803507,2.969681277135389));
#6071=CARTESIAN_POINT('',(284.24091497676415,393.01409213390957,2.800755877213333));
#6072=CARTESIAN_POINT('',(284.33501529034083,393.12856428043966,2.637852250947029));
#6073=CARTESIAN_POINT('',(284.42872201114113,393.24255762505879,2.475630000630499));
#6074=CARTESIAN_POINT('',(284.52692355382959,393.36212704549558,2.319514432634078));
#6075=CARTESIAN_POINT('',(284.62988255766027,393.48707023095244,2.169532411340826));
#6076=CARTESIAN_POINT('',(284.63184166659516,393.48944765596508,2.166678546141545));
#6077=CARTESIAN_POINT('',(284.63380262838524,393.49182719344418,2.163826703053031));
#6078=CARTESIAN_POINT('',(284.63576544351537,393.49420884055814,2.160976885488044));
#6079=CARTESIAN_POINT('',(284.73695640758785,393.61699226719975,2.014057401117679));
#6080=CARTESIAN_POINT('',(284.84308256010587,393.74539225814033,1.872539091548788));
#6081=CARTESIAN_POINT('',(284.95223880767975,393.8766481464736,1.739018226538521));
#6082=CARTESIAN_POINT('',(284.95618701738016,393.88139570589482,1.734188742325221));
#6083=CARTESIAN_POINT('',(284.96013960132575,393.88614747504187,1.729369190355621));
#6084=CARTESIAN_POINT('',(284.96409648815154,393.89090334626979,1.724559671495102));
#6085=CARTESIAN_POINT('',(285.07770551814411,394.02745259338354,1.586470108530303));
#6086=CARTESIAN_POINT('',(285.19486251849389,394.16738405705098,1.456652866785395));
#6087=CARTESIAN_POINT('',(285.31573837523331,394.31045031242138,1.334649736220753));
#6088=CARTESIAN_POINT('',(285.42795493767062,394.44326759960757,1.221386655504279));
#6089=CARTESIAN_POINT('',(285.5433765209338,394.57878643573542,1.114858215372854));
#6090=CARTESIAN_POINT('',(285.66206255655504,394.71672585837297,1.015084935014858));
#6091=CARTESIAN_POINT('',(285.67137434589961,394.72754821703711,1.007256989932283));
#6092=CARTESIAN_POINT('',(285.68070656247238,394.73838583049155,0.99947034638703));
#6093=CARTESIAN_POINT('',(285.69005925955031,394.74923858843846,0.991725001829434));
#6094=CARTESIAN_POINT('',(285.80674950330047,394.8846445531172,0.895089118423263));
#6095=CARTESIAN_POINT('',(285.92662771968685,395.02240781547175,0.804881717137654));
#6096=CARTESIAN_POINT('',(286.04992170606766,395.16243164479476,0.721243409607892));
#6097=CARTESIAN_POINT('',(286.06260862867731,395.17684006436389,0.712637047156819));
#6098=CARTESIAN_POINT('',(286.07533394229728,395.19127498514877,0.704098730441117));
#6099=CARTESIAN_POINT('',(286.0880974294185,395.20573574623666,0.695629019714333));
#6100=CARTESIAN_POINT('',(286.20931362005547,395.34307112771563,0.615191278809331));
#6101=CARTESIAN_POINT('',(286.33397860481301,395.48273973610344,0.540956989281547));
#6102=CARTESIAN_POINT('',(286.46015626840585,395.6223202498752,0.47405256971598));
#6103=CARTESIAN_POINT('',(286.47641268859377,395.64030346035253,0.465432768667846));
#6104=CARTESIAN_POINT('',(286.49270324767133,395.65829539159216,0.456929513217157));
#6105=CARTESIAN_POINT('',(286.50902458400537,395.6762916976985,0.448545001552352));
#6106=CARTESIAN_POINT('',(286.65187432882379,395.83380133308344,0.375160976664234));
#6107=CARTESIAN_POINT('',(286.79708237381186,395.99164566876715,0.310879822018249));
#6108=CARTESIAN_POINT('',(286.94497835792345,396.14991735208423,0.255408528442898));
#6109=CARTESIAN_POINT('',(287.07011803605315,396.28383625208892,0.2084724343687));
#6110=CARTESIAN_POINT('',(287.19718234776747,396.41806145425232,0.167841927674555));
#6111=CARTESIAN_POINT('',(287.32608267885234,396.55233944337169,0.13363535329936));
#6112=CARTESIAN_POINT('',(287.34919929241215,396.57642047061137,0.12750084492083));
#6113=CARTESIAN_POINT('',(287.37237268961701,396.60050109291194,0.121573407454567));
#6114=CARTESIAN_POINT('',(287.39560439884366,396.62458199288409,0.115853008043747));
#6115=CARTESIAN_POINT('',(287.5481739865433,396.78272847037067,0.078285433007832));
#6116=CARTESIAN_POINT('',(287.70325335613285,396.94088692721209,0.049629844385011));
#6117=CARTESIAN_POINT('',(287.86156228886682,397.09950429755702,0.030193508151814));
#6118=CARTESIAN_POINT('',(287.99057157907106,397.22876494007954,0.014354427574925));
#6119=CARTESIAN_POINT('',(288.12173321854937,397.35833670923012,0.004641414532129));
#6120=CARTESIAN_POINT('',(288.25359650249959,397.4867020739681,0.001303775277415));
#6121=B_SPLINE_CURVE_WITH_KNOTS('',3,(#6057,#6058,#6059,#6060,#6061,#6062,#6063,#6064,#6065,#6066,#6067,#6068,#6069,#6070,#6071,#6072,#6073,#6074,#6075,#6076,#6077,#6078,#6079,#6080,#6081,#6082,#6083,#6084,#6085,#6086,#6087,#6088,#6089,#6090,#6091,#6092,#6093,#6094,#6095,#6096,#6097,#6098,#6099,#6100,#6101,#6102,#6103,#6104,#6105,#6106,#6107,#6108,#6109,#6110,#6111,#6112,#6113,#6114,#6115,#6116,#6117,#6118,#6119,#6120),.UNSPECIFIED.,.F.,.U.,(4,3,3,3,3,3,3,3,3,3,3,3,3,3,3,3,3,3,3,3,3,4),(3.663604E-011,0.124368560228401,0.18680665902286,0.249406782652101,0.312237483651659,0.375000000022899,0.437500000020607,0.438689253061808,0.500000000018316,0.502217625589489,0.565889471947485,0.625000000013743,0.629637654161671,0.687500000011455,0.693454021982493,0.750000000009168,0.757285244897727,0.821048122640773,0.875000000004582,0.884675574065155,0.948217964802522,0.999999999999997),.UNSPECIFIED.);
#6122=EDGE_CURVE('',#322,#6056,#6121,.T.);
#6123=ORIENTED_EDGE('',*,*,#6122,.T.);
#6124=CARTESIAN_POINT('',(288.25359752462708,397.48670266814167,0.001293754969967));
#6125=CARTESIAN_POINT('',(293.97536155022163,387.63373683587747,0.000594736035974));
#6126=CARTESIAN_POINT('',(299.68496152910154,377.76143820318458,0.000369315732127));
#6127=CARTESIAN_POINT('',(311.05914891954632,358.03239389442405,0.000097465252194));
#6128=CARTESIAN_POINT('',(316.73591173416258,348.15446183459778,0.000070443072607));
#6129=CARTESIAN_POINT('',(322.40182735712358,338.27037926969433,0.00005485955001));
#6130=B_SPLINE_CURVE_WITH_KNOTS('',3,(#6124,#6125,#6126,#6127,#6128,#6129),.UNSPECIFIED.,.F.,.U.,(4,2,4),(-6.831986513100721,-3.417864139789955,-0.000000983131422),.UNSPECIFIED.);
#6131=EDGE_CURVE('',#6056,#3378,#6130,.T.);
#6132=ORIENTED_EDGE('',*,*,#6131,.T.);
#6133=ORIENTED_EDGE('',*,*,#3396,.F.);
#6134=EDGE_LOOP('',(#6054,#6123,#6132,#6133));
#6135=FACE_OUTER_BOUND('',#6134,.T.);
#6136=ADVANCED_FACE('',(#6135),#6053,.T.);
#6137=CARTESIAN_POINT('',(322.58564913781271,337.89231009981222,2.081668E-014));
#6138=CARTESIAN_POINT('',(316.71894557862424,348.11908100666278,2.081668E-014));
#6139=CARTESIAN_POINT('',(304.95299205093886,368.55402733818778,-3.816392E-014));
#6140=CARTESIAN_POINT('',(293.09863150875861,388.93783382809255,2.775558E-014));
#6141=CARTESIAN_POINT('',(287.14094731693712,399.11174817805914,2.775558E-014));
#6142=CARTESIAN_POINT('',(329.3543893328121,341.7752749752176,-8.010691E-015));
#6143=CARTESIAN_POINT('',(323.56377414825113,352.20795079108819,-1.678615E-009));
#6144=CARTESIAN_POINT('',(311.93582320566725,373.15466561648384,1.057148E-009));
#6145=CARTESIAN_POINT('',(300.60891594192213,393.54952622834458,-4.058320E-010));
#6146=CARTESIAN_POINT('',(294.97084725859747,403.69681440629211,-6.970284E-015));
#6147=CARTESIAN_POINT('',(329.08609373535677,341.6213641511747,7.79728087102551));
#6148=CARTESIAN_POINT('',(323.20990472504258,351.85192597450401,7.957140101384735));
#6149=CARTESIAN_POINT('',(311.41420811255642,372.29097957879992,8.300956638470321));
#6150=CARTESIAN_POINT('',(299.49770513055034,392.66775425202303,8.698637536463142));
#6151=CARTESIAN_POINT('',(293.49729521713766,402.83392551228576,8.911466352481201));
#6159=(BOUNDED_SURFACE()B_SPLINE_SURFACE(3,2,((#6137,#6142,#6147),(#6138,#6143,#6148),(#6139,#6144,#6149),(#6140,#6145,#6150),(#6141,#6146,#6151)),.UNSPECIFIED.,.F.,.F.,.F.)B_SPLINE_SURFACE_WITH_KNOTS((4,1,4),(3,3),(0.103855521003594,0.139225725867057,0.174595930730519),(0.0,1.000057279499264),.UNSPECIFIED.)GEOMETRIC_REPRESENTATION_ITEM()RATIONAL_B_SPLINE_SURFACE(((1.0,0.692963321592143,1.00003517381439),(1.0,0.685273705808989,1.000036054729073),(1.0,0.668485161406775,1.000037978007907),(1.0,0.648252842234541,1.000040295802129),(1.0,0.637117820422702,1.000041571419076)))REPRESENTATION_ITEM('')SURFACE());
#6160=CARTESIAN_POINT('',(288.23834237694916,397.50906510587242,0.001274519295607));
#6161=VERTEX_POINT('',#6160);
#6162=CARTESIAN_POINT('',(288.17372484121938,397.42808159125661,-0.000512692484936));
#6163=DIRECTION('',(-0.015824563197498,-0.009250005709945,0.999831996184346));
#6164=DIRECTION('',(0.402828065117731,-0.915273277908707,-0.002092056346083));
#6165=AXIS2_PLACEMENT_3D('',#6162,#6163,#6164);
#6166=ELLIPSE('',#6165,0.137901407031104,0.097930068551297);
#6167=EDGE_CURVE('',#6056,#6161,#6166,.T.);
#6168=ORIENTED_EDGE('',*,*,#6167,.T.);
#6169=CARTESIAN_POINT('',(288.23834246215119,397.50906518743642,0.001274521420458));
#6170=CARTESIAN_POINT('',(288.40915839971899,397.67258749666235,0.005534496026618));
#6171=CARTESIAN_POINT('',(288.58166614676645,397.83457450099286,0.020412187963137));
#6172=CARTESIAN_POINT('',(288.75366468378849,397.99304604602901,0.045694116949294));
#6173=CARTESIAN_POINT('',(288.78282345690639,398.01991159911665,0.049980141958875));
#6174=CARTESIAN_POINT('',(288.81196775327561,398.04667599834988,0.054566094566785));
#6175=CARTESIAN_POINT('',(288.84110103447665,398.07334369692882,0.059451675448016));
#6176=CARTESIAN_POINT('',(289.01667816105197,398.23406153219639,0.088895535439568));
#6177=CARTESIAN_POINT('',(289.19185220950237,398.39125222130588,0.129222841783433));
#6178=CARTESIAN_POINT('',(289.36653180228865,398.54507177124134,0.180249810896936));
#6179=CARTESIAN_POINT('',(289.39180626053184,398.56732798176824,0.187632922911142));
#6180=CARTESIAN_POINT('',(289.41707036615219,398.58951362603142,0.19524001626787));
#6181=CARTESIAN_POINT('',(289.44232353926782,398.6116289788182,0.203071789747263));
#6182=CARTESIAN_POINT('',(289.61993089757539,398.7671678241154,0.258153208314658));
#6183=CARTESIAN_POINT('',(289.79701208915941,398.91923040232797,0.32435118401727));
#6184=CARTESIAN_POINT('',(289.97337118291921,399.06792939729053,0.401916184782582));
#6185=CARTESIAN_POINT('',(289.99539360833018,399.08649783317571,0.411601931105266));
#6186=CARTESIAN_POINT('',(290.01740477087878,399.10501382376242,0.421464926701437));
#6187=CARTESIAN_POINT('',(290.03940469174682,399.12347800078578,0.431506757772445));
#6188=CARTESIAN_POINT('',(290.11778954071917,399.18926513411498,0.467285405187951));
#6189=CARTESIAN_POINT('',(290.19603428187366,399.25439693950699,0.505335899390004));
#6190=CARTESIAN_POINT('',(290.2741226915997,399.31888614434672,0.545720350330585));
#6191=CARTESIAN_POINT('',(290.37402592976139,399.40139109498602,0.597386627496476));
#6192=CARTESIAN_POINT('',(290.47367354010709,399.48284438214813,0.652873631545059));
#6193=CARTESIAN_POINT('',(290.57193632501793,399.56241507907873,0.711564732258865));
#6194=CARTESIAN_POINT('',(290.59105481591098,399.57789674536787,0.72298396157867));
#6195=CARTESIAN_POINT('',(290.61012088066531,399.59330715128988,0.734524445059504));
#6196=CARTESIAN_POINT('',(290.6291344232647,399.60864706640677,0.746185891534567));
#6197=CARTESIAN_POINT('',(290.80530805630485,399.7507819979985,0.854237264984721));
#6198=CARTESIAN_POINT('',(290.97717770816132,399.88703808821572,0.972805171584161));
#6199=CARTESIAN_POINT('',(291.144791933031,400.01813082302613,1.101802204242987));
#6200=CARTESIAN_POINT('',(291.33013192535748,400.16308705500887,1.244441106530192));
#6201=CARTESIAN_POINT('',(291.51026918615338,400.3017305835902,1.399832218683237));
#6202=CARTESIAN_POINT('',(291.68441054860131,400.43437985331866,1.56792194318695));
#6203=CARTESIAN_POINT('',(291.6980561271526,400.44477414451052,1.581093320205901));
#6204=CARTESIAN_POINT('',(291.71166489821974,400.45513164377638,1.59434264409975));
#6205=CARTESIAN_POINT('',(291.72523694494498,400.46545289087447,1.607670760303047));
#6206=CARTESIAN_POINT('',(291.79820041852503,400.52094002963827,1.679322860694089));
#6207=CARTESIAN_POINT('',(291.87008794614974,400.57536991015292,1.753238320246009));
#6208=CARTESIAN_POINT('',(291.94092538472876,400.62883557924408,1.829557848550435));
#6209=CARTESIAN_POINT('',(292.02492305802895,400.69223414213945,1.920056078491253));
#6210=CARTESIAN_POINT('',(292.10744441120704,400.75427707590762,2.013934716995021));
#6211=CARTESIAN_POINT('',(292.18754876055249,400.81439043300202,2.110186682302292));
#6212=CARTESIAN_POINT('',(292.19886680790222,400.82288392714446,2.12378624724175));
#6213=CARTESIAN_POINT('',(292.21013659831567,400.83133889656767,2.137433191995639));
#6214=CARTESIAN_POINT('',(292.22135813892243,400.83975571994904,2.151127479469778));
#6215=CARTESIAN_POINT('',(292.36889061969964,400.95041386193122,2.331169799355952));
#6216=CARTESIAN_POINT('',(292.50810575018568,401.05450386434939,2.519435917568937));
#6217=CARTESIAN_POINT('',(292.6388717026914,401.15278738920898,2.715638674897988));
#6218=CARTESIAN_POINT('',(292.6478136383941,401.15950813679729,2.729055259315576));
#6219=CARTESIAN_POINT('',(292.65671608411651,401.16620174739035,2.74250893778818));
#6220=CARTESIAN_POINT('',(292.66557885733528,401.1728683450948,2.755999623082989));
#6221=CARTESIAN_POINT('',(292.79614016075908,401.27107684758198,2.954736678934209));
#6222=CARTESIAN_POINT('',(292.91811265935081,401.36343493733335,3.161525349376975));
#6223=CARTESIAN_POINT('',(293.03105757819753,401.45045670835651,3.376374572616129));
#6224=CARTESIAN_POINT('',(293.03790008802798,401.45572872351011,3.389390721878083));
#6225=CARTESIAN_POINT('',(293.04470945027401,401.46098114516633,3.40243646732748));
#6226=CARTESIAN_POINT('',(293.05148566772806,401.4662141789654,3.415512284486714));
#6227=CARTESIAN_POINT('',(293.10442710898968,401.50709898724892,3.51767143312381));
#6228=CARTESIAN_POINT('',(293.15529677961547,401.54676268393621,3.621570153455877));
#6229=CARTESIAN_POINT('',(293.20412706247441,401.58532508514668,3.727476041356203));
#6230=CARTESIAN_POINT('',(293.25921190535405,401.62882685673947,3.84694717388835));
#6231=CARTESIAN_POINT('',(293.31170202040289,401.67092740479296,3.968972777906821));
#6232=CARTESIAN_POINT('',(293.36102601929048,401.71129258933092,4.092379176238414));
#6233=CARTESIAN_POINT('',(293.36595065592087,401.71532275458213,4.104700392752555));
#6234=CARTESIAN_POINT('',(293.37084371373555,401.71933561121756,4.117035377654559));
#6235=CARTESIAN_POINT('',(293.37570521409953,401.72333126593082,4.129384161013919));
#6236=CARTESIAN_POINT('',(293.46823194686885,401.79937875090752,4.364412957140127));
#6237=CARTESIAN_POINT('',(293.54910903850327,401.86901774937053,4.603874036739873));
#6238=CARTESIAN_POINT('',(293.61841792779632,401.93289688595246,4.84743080099271));
#6239=CARTESIAN_POINT('',(293.69140786269702,402.00016869001951,5.103923042446464));
#6240=CARTESIAN_POINT('',(293.75156883139147,402.06105233831715,5.364957735954178));
#6241=CARTESIAN_POINT('',(293.79866413707197,402.11596511949551,5.630646331902859));
#6242=CARTESIAN_POINT('',(293.80033867188439,402.11791761481118,5.640093235298965));
#6243=CARTESIAN_POINT('',(293.8019966805619,402.11986255782875,5.649546025125789));
#6244=CARTESIAN_POINT('',(293.80363814018739,402.12179996667834,5.659004809507406));
#6245=CARTESIAN_POINT('',(293.825081085943,402.14710899787434,5.78256812916279));
#6246=CARTESIAN_POINT('',(293.84368704856524,402.17111840562035,5.907082137895693));
#6247=CARTESIAN_POINT('',(293.85941275630807,402.19387027528876,6.032776128438772));
#6248=CARTESIAN_POINT('',(293.87635245605725,402.21837854208451,6.168173434232333));
#6249=CARTESIAN_POINT('',(293.88995004861488,402.24142757395316,6.304939572208747));
#6250=CARTESIAN_POINT('',(293.9000453103132,402.2628413127469,6.441955146647125));
#6251=CARTESIAN_POINT('',(293.91014463574237,402.28426367139383,6.579025875121625));
#6252=CARTESIAN_POINT('',(293.91673886040553,402.30404946550408,6.716346484107451));
#6253=CARTESIAN_POINT('',(293.9198697953737,402.32217924517568,6.853471200283018));
#6254=CARTESIAN_POINT('',(293.92300135530996,402.34031264374522,6.990623288018974));
#6255=CARTESIAN_POINT('',(293.92266823933892,402.35678937269495,7.127579485506193));
#6256=CARTESIAN_POINT('',(293.91895143459118,402.37168510244305,7.264461466434987));
#6257=CARTESIAN_POINT('',(293.91880953439613,402.37225379170729,7.269687347566432));
#6258=CARTESIAN_POINT('',(293.91866270192742,402.37282017640752,7.274913120505841));
#6259=CARTESIAN_POINT('',(293.91851093630305,402.37338425457693,7.280138785801761));
#6260=CARTESIAN_POINT('',(293.90274861976712,402.43196918574796,7.822874275811841));
#6261=CARTESIAN_POINT('',(293.83379020240153,402.46566166318848,8.363872545925563));
#6262=CARTESIAN_POINT('',(293.71083723544223,402.47233668896462,8.903250989309388));
#6263=B_SPLINE_CURVE_WITH_KNOTS('',3,(#6169,#6170,#6171,#6172,#6173,#6174,#6175,#6176,#6177,#6178,#6179,#6180,#6181,#6182,#6183,#6184,#6185,#6186,#6187,#6188,#6189,#6190,#6191,#6192,#6193,#6194,#6195,#6196,#6197,#6198,#6199,#6200,#6201,#6202,#6203,#6204,#6205,#6206,#6207,#6208,#6209,#6210,#6211,#6212,#6213,#6214,#6215,#6216,#6217,#6218,#6219,#6220,#6221,#6222,#6223,#6224,#6225,#6226,#6227,#6228,#6229,#6230,#6231,#6232,#6233,#6234,#6235,#6236,#6237,#6238,#6239,#6240,#6241,#6242,#6243,#6244,#6245,#6246,#6247,#6248,#6249,#6250,#6251,#6252,#6253,#6254,#6255,#6256,#6257,#6258,#6259,#6260,#6261,#6262),.UNSPECIFIED.,.F.,.U.,(4,3,3,3,3,3,3,3,3,3,3,3,3,3,3,3,3,3,3,3,3,3,3,3,3,3,3,3,3,3,3,4),(8.885249E-009,0.053440316179528,0.062500008329929,0.117099924640345,0.125000007774608,0.180561852991467,0.187500007219288,0.212220376649548,0.243846644405578,0.250000006663967,0.307015167242642,0.370059872621098,0.375000005553317,0.401558214936037,0.433050429221571,0.437500004997985,0.495999722256565,0.500000004442653,0.558929872485983,0.562500003887321,0.590392836896667,0.621858399531796,0.625000003331989,0.684792724410474,0.747761080469429,0.750000002221326,0.779247799078893,0.81075346516366,0.842271813490227,0.873796453216321,0.875000001110663,1.0),.UNSPECIFIED.);
#6264=EDGE_CURVE('',#6161,#570,#6263,.T.);
#6265=ORIENTED_EDGE('',*,*,#6264,.T.);
#6266=ORIENTED_EDGE('',*,*,#576,.F.);
#6267=ORIENTED_EDGE('',*,*,#3419,.F.);
#6268=ORIENTED_EDGE('',*,*,#6131,.F.);
#6269=EDGE_LOOP('',(#6168,#6265,#6266,#6267,#6268));
#6270=FACE_OUTER_BOUND('',#6269,.T.);
#6271=ADVANCED_FACE('',(#6270),#6159,.T.);
#6272=CARTESIAN_POINT('',(233.84787781748841,480.58446321098984,213.08725207546561));
#6273=CARTESIAN_POINT('',(233.97038215974925,483.49430945379345,218.56096041475701));
#6274=CARTESIAN_POINT('',(234.21576901758041,489.6825021806377,229.23195908215598));
#6275=CARTESIAN_POINT('',(234.691202070271,503.28409878071432,249.63622885837833));
#6276=CARTESIAN_POINT('',(235.01353429645778,514.62033756678477,264.05166645067493));
#6277=CARTESIAN_POINT('',(235.20350066159585,522.50021253580735,273.39656570580195));
#6278=CARTESIAN_POINT('',(230.48324653358438,481.60896704930906,212.53360093595049));
#6279=CARTESIAN_POINT('',(230.48324653385782,484.48342239288695,218.06001806734935));
#6280=CARTESIAN_POINT('',(230.48324653333435,490.60564982939667,228.85380230029386));
#6281=CARTESIAN_POINT('',(230.48324653430396,504.07420864968128,249.56938861031799));
#6282=CARTESIAN_POINT('',(230.48324653068357,515.09261729944728,263.94307334026729));
#6283=CARTESIAN_POINT('',(230.48324653358438,522.7022777472074,273.22587747383113));
#6284=CARTESIAN_POINT('',(230.48324653358438,484.74129992395569,210.84085992266728));
#6285=CARTESIAN_POINT('',(230.48324653358438,487.63452978293424,216.19463757154531));
#6286=CARTESIAN_POINT('',(230.48324653358429,493.77894146435375,226.64570272896219));
#6287=CARTESIAN_POINT('',(230.48324653358438,507.26450563982809,246.69030955938354));
#6288=CARTESIAN_POINT('',(230.48324653358441,518.49759770553305,260.92200437421315));
#6289=CARTESIAN_POINT('',(230.48324653358441,526.31386296853077,270.17510444977324));
#6297=(BOUNDED_SURFACE()B_SPLINE_SURFACE(3,2,((#6272,#6278,#6284),(#6273,#6279,#6285),(#6274,#6280,#6286),(#6275,#6281,#6287),(#6276,#6282,#6288),(#6277,#6283,#6289)),.UNSPECIFIED.,.F.,.F.,.F.)B_SPLINE_SURFACE_WITH_KNOTS((4,1,1,4),(3,3),(-1.387779E-017,0.018111188857235,0.03622237771447,0.072444755428939),(0.0,1.0),.UNSPECIFIED.)GEOMETRIC_REPRESENTATION_ITEM()RATIONAL_B_SPLINE_SURFACE(((1.0,0.814577725947376,1.0),(1.0,0.807058226091137,1.0),(1.0,0.791785038759085,1.0),(1.0,0.761319303068587,1.0),(1.0,0.739690542859422,1.0),(1.0,0.726618598164715,1.0)))REPRESENTATION_ITEM('')SURFACE());
#6298=ORIENTED_EDGE('',*,*,#3549,.F.);
#6299=ORIENTED_EDGE('',*,*,#500,.F.);
#6300=CARTESIAN_POINT('',(235.48324653358438,484.74129992395569,210.84085992266736));
#6301=DIRECTION('',(0.0,0.475427505180357,0.879754901843679));
#6302=DIRECTION('',(0.0,-0.879754901843679,0.475427505180357));
#6303=AXIS2_PLACEMENT_3D('',#6300,#6301,#6302);
#6304=CIRCLE('',#6303,5.000000000000001);
#6305=EDGE_CURVE('',#3016,#477,#6304,.T.);
#6306=ORIENTED_EDGE('',*,*,#6305,.F.);
#6307=ORIENTED_EDGE('',*,*,#3076,.F.);
#6308=EDGE_LOOP('',(#6298,#6299,#6306,#6307));
#6309=FACE_OUTER_BOUND('',#6308,.T.);
#6310=ADVANCED_FACE('',(#6309),#6297,.F.);
#6311=CARTESIAN_POINT('',(293.71272340114496,402.47268693952384,8.893776408006781));
#6312=CARTESIAN_POINT('',(292.78166608060485,402.26873580139517,13.652766570204788));
#6313=CARTESIAN_POINT('',(291.29577431563644,402.38770066541088,20.707479458882176));
#6314=CARTESIAN_POINT('',(289.11019426455351,403.27861308101967,29.957090483592481));
#6315=CARTESIAN_POINT('',(287.36360304848063,404.28774197097766,36.815885861995127));
#6316=CARTESIAN_POINT('',(285.50390735214557,405.61384826676885,43.60099024742037));
#6317=CARTESIAN_POINT('',(283.85721811947838,406.96289100792967,49.194219689194547));
#6318=CARTESIAN_POINT('',(282.47954480716498,408.17754124827189,53.636843163549344));
#6319=CARTESIAN_POINT('',(281.0710848008622,409.4695925545289,58.02933025864963));
#6320=CARTESIAN_POINT('',(279.25204135364419,411.22110039385916,63.434946549261639));
#6321=CARTESIAN_POINT('',(276.97905886255933,413.51174860976806,69.799071221746033));
#6322=CARTESIAN_POINT('',(273.83525113292444,416.78094429964972,78.141571071482844));
#6323=CARTESIAN_POINT('',(269.7107257993722,421.20344361360821,88.339495167752688));
#6324=CARTESIAN_POINT('',(264.53725930391056,426.84838214311242,100.33709565226353));
#6325=CARTESIAN_POINT('',(259.26735413619065,432.65629192872615,112.22824334705165));
#6326=CARTESIAN_POINT('',(254.06131842879236,438.48980028030263,124.14285030556121));
#6327=CARTESIAN_POINT('',(249.10088853671317,444.26702277675014,136.19486310864357));
#6328=CARTESIAN_POINT('',(244.57284566629619,449.9735336294969,148.47003900753322));
#6329=CARTESIAN_POINT('',(241.30908131788178,454.73143132659004,158.92292586761764));
#6330=CARTESIAN_POINT('',(239.07671504073591,458.58783030833774,167.4110777190248));
#6331=CARTESIAN_POINT('',(237.60640459325512,461.51732025211732,173.84073678001062));
#6332=CARTESIAN_POINT('',(236.56315102973051,464.0022970781755,179.25005198911111));
#6333=CARTESIAN_POINT('',(235.84438793914916,466.02459589893851,183.60635702723533));
#6334=CARTESIAN_POINT('',(235.36465303004508,467.56116589520514,186.88850823888487));
#6335=CARTESIAN_POINT('',(234.94640521940269,469.11795066435508,190.18097892889637));
#6336=CARTESIAN_POINT('',(234.47433829225577,471.21418228865622,194.56421387981078));
#6337=CARTESIAN_POINT('',(234.04513700439975,473.88139346510548,200.03595534498481));
#6338=CARTESIAN_POINT('',(233.79170309578478,477.17251995846618,206.58257727297527));
#6339=CARTESIAN_POINT('',(233.79948611939611,479.43654145145268,210.9280520423977));
#6340=CARTESIAN_POINT('',(233.84812285921512,480.58903558363789,213.09589100891699));
#6341=CARTESIAN_POINT('',(291.42925951683287,406.50004219690493,8.556529599903536));
#6342=CARTESIAN_POINT('',(290.49587933216219,406.25312118787662,13.119747843107191));
#6343=CARTESIAN_POINT('',(289.00903984767092,406.28268931851352,19.901504402829605));
#6344=CARTESIAN_POINT('',(286.82076572652466,407.02303436081786,28.856908390967895));
#6345=CARTESIAN_POINT('',(285.07747225168379,407.90387816162604,35.506783473917409));
#6346=CARTESIAN_POINT('',(283.22379792671074,409.08983655468154,42.105764829085579));
#6347=CARTESIAN_POINT('',(281.58242095830599,410.31586465853741,47.569177346745164));
#6348=CARTESIAN_POINT('',(280.20940790668141,411.42965520134806,51.920854173358741));
#6349=CARTESIAN_POINT('',(278.80903022460882,412.61747215255662,56.221627820027194));
#6350=CARTESIAN_POINT('',(277.00102444206578,414.23718710937294,61.527963416516009));
#6351=CARTESIAN_POINT('',(274.73852819209378,416.37333096672023,67.804861579297167));
#6352=CARTESIAN_POINT('',(271.61474679615145,419.43372075728644,76.041491977253372));
#6353=CARTESIAN_POINT('',(267.5107355571684,423.60689043873447,86.161879456990462));
#6354=CARTESIAN_POINT('',(262.32888830549621,429.0011102146641,98.172160439890746));
#6355=CARTESIAN_POINT('',(257.02238055192339,434.59792230404906,110.13496747024091));
#6356=CARTESIAN_POINT('',(251.74675016305815,440.25762490853765,122.16527605244363));
#6357=CARTESIAN_POINT('',(246.68268821128308,445.89125714413797,134.36412267837264));
#6358=CARTESIAN_POINT('',(242.01910807840918,451.47554301227109,146.80860008755644));
#6359=CARTESIAN_POINT('',(238.62038473234864,456.1410507820741,157.41525105927306));
#6360=CARTESIAN_POINT('',(236.27645612138119,459.92483657807452,166.02866396079961));
#6361=CARTESIAN_POINT('',(234.71967768045729,462.80275400159167,172.55957899883654));
#6362=CARTESIAN_POINT('',(233.60393951385987,465.24574667656668,178.05679939942411));
#6363=CARTESIAN_POINT('',(232.82744921436202,467.23514405553277,182.48595070302756));
#6364=CARTESIAN_POINT('',(232.30451474182337,468.74806416898878,185.82553187678431));
#6365=CARTESIAN_POINT('',(231.84361408138989,470.2817775570702,189.17706152594411));
#6366=CARTESIAN_POINT('',(231.31570047990726,472.34905941984448,193.64272665765452));
#6367=CARTESIAN_POINT('',(230.81959527858749,474.98215994245328,199.22140501489042));
#6368=CARTESIAN_POINT('',(230.49210358890863,478.23430284212174,205.89870597881426));
#6369=CARTESIAN_POINT('',(230.45553781384626,480.47291852753881,210.33053985022602));
#6370=CARTESIAN_POINT('',(230.48335713894238,481.61347540136921,212.5424341197039));
#6371=CARTESIAN_POINT('',(295.18416548396937,409.09630740051847,9.397731872323792));
#6372=CARTESIAN_POINT('',(294.19800774274114,408.90642974857678,13.89768672289042));
#6373=CARTESIAN_POINT('',(292.62403635484321,409.0189975194391,20.580749717117307));
#6374=CARTESIAN_POINT('',(290.30884871855892,409.85574513750555,29.373027281144381));
#6375=CARTESIAN_POINT('',(288.45868800583298,410.80364069586892,35.909236096928879));
#6376=CARTESIAN_POINT('',(286.48872638743376,412.0501026852196,42.393283191988886));
#6377=CARTESIAN_POINT('',(284.74438429725268,413.31934999540266,47.754658892844127));
#6378=CARTESIAN_POINT('',(283.28496428351775,414.46323442472874,52.023687457398957));
#6379=CARTESIAN_POINT('',(281.79288111991173,415.68081609457266,56.251773819236135));
#6380=CARTESIAN_POINT('',(279.86570628301797,417.33309116141413,61.468880647106147));
#6381=CARTESIAN_POINT('',(277.45723335533057,419.49748823219471,67.633794393358869));
#6382=CARTESIAN_POINT('',(274.12523070562793,422.59214498968169,75.746103285694929));
#6383=CARTESIAN_POINT('',(269.75166033173201,426.79096764831229,85.721365383577847));
#6384=CARTESIAN_POINT('',(264.25936704776353,432.1762969149043,97.548434033298562));
#6385=CARTESIAN_POINT('',(258.65405174550165,437.74742183844472,109.35389958958598));
#6386=CARTESIAN_POINT('',(253.10039004829687,443.3761296053928,121.25190417865433));
#6387=CARTESIAN_POINT('',(247.78493499035108,448.98383633406877,133.33749448980544));
#6388=CARTESIAN_POINT('',(242.8990889947903,454.55365411938089,145.67627025398116));
#6389=CARTESIAN_POINT('',(239.33771024566238,459.21772940409437,156.18889140868711));
#6390=CARTESIAN_POINT('',(236.86884598724049,463.0098266151125,164.73644695099779));
#6391=CARTESIAN_POINT('',(235.222519814062,465.89529672694266,171.21503210577447));
#6392=CARTESIAN_POINT('',(234.03414264875329,468.34633279283685,176.66869525852459));
#6393=CARTESIAN_POINT('',(233.20052441745602,470.34266111973034,181.06251866282543));
#6394=CARTESIAN_POINT('',(232.63532561800827,471.86023360395689,184.37384553209174));
#6395=CARTESIAN_POINT('',(232.13248432331068,473.39842312577417,187.696501155855));
#6396=CARTESIAN_POINT('',(231.54940032870087,475.47038007813239,192.12116437992367));
#6397=CARTESIAN_POINT('',(230.98477468204894,478.10795515391311,197.64700623990876));
#6398=CARTESIAN_POINT('',(230.57494949988569,481.3640924067123,204.26245937313408));
#6399=CARTESIAN_POINT('',(230.48312451762672,483.60493409674285,208.65662748618664));
#6400=CARTESIAN_POINT('',(230.48324677694734,484.74584189690523,210.84959037439069));
#6408=(BOUNDED_SURFACE()B_SPLINE_SURFACE(3,2,((#6311,#6341,#6371),(#6312,#6342,#6372),(#6313,#6343,#6373),(#6314,#6344,#6374),(#6315,#6345,#6375),(#6316,#6346,#6376),(#6317,#6347,#6377),(#6318,#6348,#6378),(#6319,#6349,#6379),(#6320,#6350,#6380),(#6321,#6351,#6381),(#6322,#6352,#6382),(#6323,#6353,#6383),(#6324,#6354,#6384),(#6325,#6355,#6385),(#6326,#6356,#6386),(#6327,#6357,#6387),(#6328,#6358,#6388),(#6329,#6359,#6389),(#6330,#6360,#6390),(#6331,#6361,#6391),(#6332,#6362,#6392),(#6333,#6363,#6393),(#6334,#6364,#6394),(#6335,#6365,#6395),(#6336,#6366,#6396),(#6337,#6367,#6397),(#6338,#6368,#6398),(#6339,#6369,#6399),(#6340,#6370,#6400)),.UNSPECIFIED.,.F.,.F.,.F.)B_SPLINE_SURFACE_WITH_KNOTS((4,1,1,1,1,1,1,1,1,1,1,1,1,1,1,1,1,1,1,1,1,1,1,1,1,1,1,4),(3,3),(-0.000009422587346,0.014182106698176,0.021273160047264,0.028364213396352,0.03545526674544,0.042546320094528,0.046091846769072,0.049637373443616,0.056728426792704,0.063819480141792,0.07091053349088,0.085092640189056,0.099274746887232,0.113456853585408,0.127638960283584,0.14182106698176,0.156003173679936,0.170185280378112,0.1772763337272,0.184367387076288,0.191458440425376,0.19500396709992,0.198549493774464,0.202095020449008,0.205640547123552,0.21273160047264,0.219822653821728,0.226923129758162),(-0.000009422587346,1.0),.UNSPECIFIED.)GEOMETRIC_REPRESENTATION_ITEM()RATIONAL_B_SPLINE_SURFACE(((1.000005034244488,0.732862943929334,1.0),(1.000005003798261,0.734478541972788,1.0),(1.000004952101679,0.737221768462116,1.0),(1.000004868550131,0.741655346263478,1.0),(1.000004798184682,0.745389217142597,1.0),(1.000004719846271,0.749546165094672,1.0),(1.000004647947962,0.753361375649992,1.0),(1.000004586561851,0.756618767079612,1.0),(1.000004523122857,0.75998509268804,1.0),(1.000004440168173,0.764386998504861,1.0),(1.000004335788177,0.769925816678243,1.0),(1.000004191849683,0.777563766240301,1.0),(1.000004006597634,0.787393977525835,1.0),(1.000003789623012,0.798907514853538,1.0),(1.00000359319728,0.80933064623726,1.0),(1.000003431512841,0.817910266294496,1.0),(1.000003315632276,0.824059350476834,1.0),(1.000003251948139,0.827438684304232,1.0),(1.000003243466241,0.827888767590606,1.0),(1.000003256021232,0.827222549781723,1.0),(1.000003274446884,0.826244811334685,1.0),(1.000003296244305,0.825088153375801,1.0),(1.000003316901035,0.82399202505859,1.0),(1.000003333828207,0.823093801910068,1.0),(1.000003351987119,0.822130217742192,1.0),(1.000003377465586,0.82077822884394,1.0),(1.000003411211748,0.818987523165788,1.0),(1.00000345309051,0.816765269283685,1.0),(1.000003480834096,0.815293084157805,1.0),(1.000003494402089,0.814573112416782,1.0)))REPRESENTATION_ITEM('')SURFACE());
#6409=ORIENTED_EDGE('',*,*,#6305,.T.);
#6410=ORIENTED_EDGE('',*,*,#619,.F.);
#6411=CARTESIAN_POINT('',(297.94948355560922,404.95401271305286,9.838751648848982));
#6412=DIRECTION('',(-0.198426488533999,-0.030382133824037,0.979644759385954));
#6413=DIRECTION('',(0.980097214978171,0.0,0.198518133156727));
#6414=AXIS2_PLACEMENT_3D('',#6411,#6412,#6413);
#6415=CIRCLE('',#6414,4.999999999999999);
#6416=EDGE_CURVE('',#5311,#570,#6415,.T.);
#6417=ORIENTED_EDGE('',*,*,#6416,.F.);
#6418=ORIENTED_EDGE('',*,*,#5440,.F.);
#6419=EDGE_LOOP('',(#6409,#6410,#6417,#6418));
#6420=FACE_OUTER_BOUND('',#6419,.T.);
#6421=ADVANCED_FACE('',(#6420),#6408,.F.);
#6422=CARTESIAN_POINT('',(230.48324653358438,449.33615955797654,205.35447931771063));
#6423=CARTESIAN_POINT('',(230.48324653358438,452.2741044104198,211.57126343006723));
#6424=CARTESIAN_POINT('',(230.48324653358412,458.56768150936574,223.72733389262783));
#6425=CARTESIAN_POINT('',(230.48324653358478,469.0612275746596,241.26383862592078));
#6426=CARTESIAN_POINT('',(230.48324653358463,480.44329422539619,258.2112091357817));
#6427=CARTESIAN_POINT('',(230.48324653358446,488.53113730195969,269.17864793756826));
#6428=CARTESIAN_POINT('',(230.48324653358446,492.67961730245281,274.59316187505698));
#6429=CARTESIAN_POINT('',(230.48324653358401,456.18080724643096,202.11981721524128));
#6430=CARTESIAN_POINT('',(230.48324653440031,458.78531472479546,208.14313859198143));
#6431=CARTESIAN_POINT('',(230.48324653324761,464.43759678220766,219.99987255767826));
#6432=CARTESIAN_POINT('',(230.48324653358557,474.26807502584325,237.54498371354131));
#6433=CARTESIAN_POINT('',(230.48324653388616,485.10355297076165,254.55850862723807));
#6434=CARTESIAN_POINT('',(230.48324653289924,492.9985448424909,265.73582119515652));
#6435=CARTESIAN_POINT('',(230.48324653358443,497.05816036076101,271.23841969080621));
#6436=CARTESIAN_POINT('',(237.44603120229465,453.49389333724764,203.38960625184569));
#6437=CARTESIAN_POINT('',(237.3212772368978,456.43256604452205,209.48330913240176));
#6438=CARTESIAN_POINT('',(237.06701543964525,462.71544805454778,221.40984743508639));
#6439=CARTESIAN_POINT('',(236.68453303529213,473.16298826045232,238.65530401251942));
#6440=CARTESIAN_POINT('',(236.31402686070118,484.47667258268319,255.36485424719797));
#6441=CARTESIAN_POINT('',(236.08278739903969,492.50950447845401,266.20726959037893));
#6442=CARTESIAN_POINT('',(235.97272266884841,496.62952189390739,271.56683293863699));
#6450=(BOUNDED_SURFACE()B_SPLINE_SURFACE(3,2,((#6422,#6429,#6436),(#6423,#6430,#6437),(#6424,#6431,#6438),(#6425,#6432,#6439),(#6426,#6433,#6440),(#6427,#6434,#6441),(#6428,#6435,#6442)),.UNSPECIFIED.,.F.,.F.,.F.)B_SPLINE_SURFACE_WITH_KNOTS((4,1,1,1,4),(3,3),(-0.000002595696473,0.020414355294393,0.040828710588787,0.06124306588318,0.081657421177573),(0.0,1.000002595696473),.UNSPECIFIED.)GEOMETRIC_REPRESENTATION_ITEM()RATIONAL_B_SPLINE_SURFACE(((1.0,0.551110007993502,1.000002330364338),(1.0,0.562428445160758,1.000002271605883),(1.0,0.58479282412804,1.000002155503604),(1.0,0.616591481724327,1.000001990424277),(1.0,0.645895452059778,1.000001838295852),(1.0,0.66341075250833,1.000001747367045),(1.0,0.671604910226481,1.000001704827953)))REPRESENTATION_ITEM('')SURFACE());
#6451=ORIENTED_EDGE('',*,*,#3472,.F.);
#6452=ORIENTED_EDGE('',*,*,#5917,.F.);
#6453=CARTESIAN_POINT('',(235.48324653358441,449.33728010953382,205.35685041204417));
#6454=DIRECTION('',(0.0,0.427281100319171,0.90411883140992));
#6455=DIRECTION('',(0.0,-0.90411883140992,0.427281100319171));
#6456=AXIS2_PLACEMENT_3D('',#6453,#6454,#6455);
#6457=CIRCLE('',#6456,5.000000000000001);
#6458=EDGE_CURVE('',#307,#5620,#6457,.T.);
#6459=ORIENTED_EDGE('',*,*,#6458,.F.);
#6460=ORIENTED_EDGE('',*,*,#319,.F.);
#6461=EDGE_LOOP('',(#6451,#6452,#6459,#6460));
#6462=FACE_OUTER_BOUND('',#6461,.T.);
#6463=ADVANCED_FACE('',(#6462),#6450,.F.);
#6464=CARTESIAN_POINT('',(295.18220109651276,409.09592953821959,9.406695165297426));
#6465=CARTESIAN_POINT('',(295.37272216239018,409.13254192098549,8.537410306020959));
#6466=CARTESIAN_POINT('',(295.49359818657456,409.11459681527015,7.448872039831203));
#6467=CARTESIAN_POINT('',(295.46697056145342,409.00314588434878,6.139728790059537));
#6468=CARTESIAN_POINT('',(295.41844647980861,408.92875436315245,5.483513961586533));
#6469=CARTESIAN_POINT('',(295.33440258636796,408.83576195125192,4.830011878105972));
#6470=CARTESIAN_POINT('',(295.17749058321414,408.68906850244298,3.976665253147587));
#6471=CARTESIAN_POINT('',(294.89850956925585,408.462635311398,2.937047668311214));
#6472=CARTESIAN_POINT('',(294.51062353434497,408.17703105794033,1.933921242993217));
#6473=CARTESIAN_POINT('',(294.1344184465496,407.91066327784517,1.155849689464516));
#6474=CARTESIAN_POINT('',(293.72266396414756,407.62403361130055,0.41022527809291));
#6475=CARTESIAN_POINT('',(293.14078485662401,407.2254211256361,-0.468189618081259));
#6476=CARTESIAN_POINT('',(292.47317066947267,406.7707602776677,-1.273913178006215));
#6477=CARTESIAN_POINT('',(291.88681615086529,406.3697275567543,-1.873908791432834));
#6478=CARTESIAN_POINT('',(291.27876810570336,405.95177542044053,-2.431148777171933));
#6479=CARTESIAN_POINT('',(290.4765635730148,405.3948129728517,-3.052882603740655));
#6480=CARTESIAN_POINT('',(289.62283084963212,404.790544767553,-3.57447724434225));
#6481=CARTESIAN_POINT('',(288.90702314575458,404.27468220018915,-3.930895251395716));
#6482=CARTESIAN_POINT('',(288.1847700005751,403.74757918201817,-4.238971593627039));
#6483=CARTESIAN_POINT('',(287.2694619746178,403.06646840957444,-4.53656911541372));
#6484=CARTESIAN_POINT('',(286.1532352735843,402.2126563679081,-4.755733391313241));
#6485=CARTESIAN_POINT('',(285.39749484081011,401.61779115268871,-4.806983358036943));
#6486=CARTESIAN_POINT('',(285.02592827088762,401.32113695724371,-4.808344568233721));
#6487=CARTESIAN_POINT('',(291.42744443976773,406.49958301322471,8.565649757378367));
#6488=CARTESIAN_POINT('',(291.5084591915504,406.51592572568893,8.019101993251232));
#6489=CARTESIAN_POINT('',(291.54474508011344,406.49297030191531,7.352979062375178));
#6490=CARTESIAN_POINT('',(291.50381665724171,406.40643390880763,6.563116368373914));
#6491=CARTESIAN_POINT('',(291.46584063860496,406.3507305583301,6.168051473241722));
#6492=CARTESIAN_POINT('',(291.41038255857302,406.28274860268414,5.775417318832434));
#6493=CARTESIAN_POINT('',(291.31444089624068,406.17719082903619,5.262805506314892));
#6494=CARTESIAN_POINT('',(291.15323773247309,406.01685496144131,4.637342804873693));
#6495=CARTESIAN_POINT('',(290.93477951177516,405.81684828779146,4.028721526076558));
#6496=CARTESIAN_POINT('',(290.72288152815298,405.63105380394916,3.55242315636771));
#6497=CARTESIAN_POINT('',(290.49030312314056,405.43166388105601,3.093573815218643));
#6498=CARTESIAN_POINT('',(290.15871949867477,405.15494799878161,2.547983603219083));
#6499=CARTESIAN_POINT('',(289.77059558879,404.83948015377786,2.041811561875413));
#6500=CARTESIAN_POINT('',(289.42398314374418,404.56164829431469,1.663444295117709));
#6501=CARTESIAN_POINT('',(289.06095208387489,404.27270133184101,1.312046772294284));
#6502=CARTESIAN_POINT('',(288.574470784688,403.88850286076024,0.920869787739621));
#6503=CARTESIAN_POINT('',(288.04690048938534,403.47390855932844,0.598326121725419));
#6504=CARTESIAN_POINT('',(287.59973151100525,403.12261775830893,0.384697654255615));
#6505=CARTESIAN_POINT('',(287.14546292642632,402.76550748357249,0.205866675599325));
#6506=CARTESIAN_POINT('',(286.56497381559541,402.30818660933272,0.046715141552755));
#6507=CARTESIAN_POINT('',(285.85366812438946,401.74503719972842,-0.039955849916803));
#6508=CARTESIAN_POINT('',(285.37341774962459,401.3625941627007,-0.025390004397219));
#6509=CARTESIAN_POINT('',(285.13826543049225,401.17483550517028,-0.000508353269578));
#6510=CARTESIAN_POINT('',(293.71083723544223,402.47233668896462,8.903250989309388));
#6511=CARTESIAN_POINT('',(293.83504728823203,402.46559341224679,8.35835788866536));
#6512=CARTESIAN_POINT('',(293.92134332677796,402.42268810970222,7.675419365206441));
#6513=CARTESIAN_POINT('',(293.92334293953331,402.32381881794913,6.853654470244295));
#6514=CARTESIAN_POINT('',(293.90355401234893,402.26446213362283,6.441678415225428));
#6515=CARTESIAN_POINT('',(293.86275093887696,402.19531670544228,6.031367018681626));
#6516=CARTESIAN_POINT('',(293.78166554613887,402.09151107622517,5.49556055711219));
#6517=CARTESIAN_POINT('',(293.63123217154123,401.93926915235471,4.842816297718688));
#6518=CARTESIAN_POINT('',(293.41672864841121,401.75516413522405,4.21314464409938));
#6519=CARTESIAN_POINT('',(293.2067223086321,401.58672481345286,3.724914074986673));
#6520=CARTESIAN_POINT('',(292.97595794761816,401.40708123761641,3.257179511881351));
#6521=CARTESIAN_POINT('',(292.64863171641434,401.15949361177968,2.706432682084556));
#6522=CARTESIAN_POINT('',(292.27250699640092,400.87837234078285,2.201715917952862));
#6523=CARTESIAN_POINT('',(291.94241108764174,400.63019646074122,1.826185098548414));
#6524=CARTESIAN_POINT('',(291.60043660584262,400.37112252615668,1.477636735006218));
#6525=CARTESIAN_POINT('',(291.15018593544562,400.02459333651484,1.089173859811158));
#6526=CARTESIAN_POINT('',(290.6729706158153,399.64574354309178,0.763853054714392));
#6527=CARTESIAN_POINT('',(290.27443069546814,399.31997947889732,0.541924297735615));
#6528=CARTESIAN_POINT('',(289.87343481323967,398.98545726713292,0.350364433953829));
#6529=CARTESIAN_POINT('',(289.36751150674627,398.54991343412053,0.16584194907229));
#6530=CARTESIAN_POINT('',(288.7545330034726,397.99820053660699,0.030862456423646));
#6531=CARTESIAN_POINT('',(288.34241523714763,397.60976382595607,0.00020295274952));
#6532=CARTESIAN_POINT('',(288.14051603092389,397.41507435664823,0.000002037314525));
#6540=(BOUNDED_SURFACE()B_SPLINE_SURFACE(3,2,((#6464,#6487,#6510),(#6465,#6488,#6511),(#6466,#6489,#6512),(#6467,#6490,#6513),(#6468,#6491,#6514),(#6469,#6492,#6515),(#6470,#6493,#6516),(#6471,#6494,#6517),(#6472,#6495,#6518),(#6473,#6496,#6519),(#6474,#6497,#6520),(#6475,#6498,#6521),(#6476,#6499,#6522),(#6477,#6500,#6523),(#6478,#6501,#6524),(#6479,#6502,#6525),(#6480,#6503,#6526),(#6481,#6504,#6527),(#6482,#6505,#6528),(#6483,#6506,#6529),(#6484,#6507,#6530),(#6485,#6508,#6531),(#6486,#6509,#6532)),.UNSPECIFIED.,.F.,.F.,.F.)B_SPLINE_SURFACE_WITH_KNOTS((4,1,1,1,1,1,1,1,1,1,1,1,1,1,1,1,1,1,1,1,4),(3,3),(0.040720718041476,0.043461222438923,0.044146348538285,0.044831474637647,0.045516600737009,0.04620172683637,0.047571979035094,0.048942231233818,0.049627357333179,0.050312483432541,0.051682735631265,0.053052987829988,0.05373811392935,0.054423240028712,0.055793492227436,0.057163744426159,0.057848870525521,0.058533996624883,0.059904248823606,0.06127450102233,0.062644753221054),(0.0,1.0),.UNSPECIFIED.)GEOMETRIC_REPRESENTATION_ITEM()RATIONAL_B_SPLINE_SURFACE(((1.0,0.732868679350527,1.0),(1.0,0.729847336877266,1.0),(1.0,0.726866750765803,1.0),(1.0,0.724667060616894,1.0),(1.0,0.72384162799546,1.0),(1.0,0.723297504364438,1.0),(1.0,0.722939997760911,1.0),(1.0,0.723128395503128,1.0),(1.0,0.724021133145311,1.0),(1.0,0.725051208314526,1.0),(1.0,0.726223849282591,1.0),(1.0,0.727871950511992,1.0),(1.0,0.729519270168177,1.0),(1.0,0.73068646151108,1.0),(1.0,0.731679284316907,1.0),(1.0,0.732520704315384,1.0),(1.0,0.732627074525368,1.0),(1.0,0.732148094458286,1.0),(1.0,0.731271498391659,1.0),(1.0,0.729398874692054,1.0),(1.0,0.72581142296882,1.0),(1.0,0.72245180206122,1.0),(1.0,0.720567977127585,1.0)))REPRESENTATION_ITEM('')SURFACE());
#6541=ORIENTED_EDGE('',*,*,#6264,.F.);
#6542=CARTESIAN_POINT('',(288.24616198140677,397.49930525759021,-4.998622158571076));
#6543=DIRECTION('',(-0.782003438597353,-0.623274114640756,-0.000006379487267));
#6544=DIRECTION('',(-0.281421523709401,0.353100323287789,-0.892256738661658));
#6545=AXIS2_PLACEMENT_3D('',#6542,#6543,#6544);
#6546=ELLIPSE('',#6545,5.000062757762566,4.999332230726309);
#6547=EDGE_CURVE('',#5443,#6161,#6546,.F.);
#6548=ORIENTED_EDGE('',*,*,#6547,.F.);
#6549=ORIENTED_EDGE('',*,*,#5536,.F.);
#6550=ORIENTED_EDGE('',*,*,#6416,.T.);
#6551=EDGE_LOOP('',(#6541,#6548,#6549,#6550));
#6552=FACE_OUTER_BOUND('',#6551,.T.);
#6553=ADVANCED_FACE('',(#6552),#6540,.F.);
#6554=CARTESIAN_POINT('',(237.44596369993701,453.49502185307421,203.39192677003513));
#6555=CARTESIAN_POINT('',(237.52866218324772,451.54697391239722,199.35249931399915));
#6556=CARTESIAN_POINT('',(237.95977630028341,447.75953444267265,191.27837467896285));
#6557=CARTESIAN_POINT('',(239.33663293431101,442.32587275894417,179.1988936881072));
#6558=CARTESIAN_POINT('',(241.37178180168175,437.07263194635118,167.16188158460088));
#6559=CARTESIAN_POINT('',(243.98455184852293,431.95234285551271,155.17378023626449));
#6560=CARTESIAN_POINT('',(247.08362971157615,426.92383193774594,143.21579212936433));
#6561=CARTESIAN_POINT('',(250.55360870069779,421.94145353655864,131.28347646785153));
#6562=CARTESIAN_POINT('',(254.26819404691003,417.01274779385557,119.35891667086189));
#6563=CARTESIAN_POINT('',(258.10274549257701,412.18403942896293,107.39886302690809));
#6564=CARTESIAN_POINT('',(261.93637585086049,407.54597260414005,95.366454400254327));
#6565=CARTESIAN_POINT('',(265.66456484867331,403.21771192160281,83.226219819960363));
#6566=CARTESIAN_POINT('',(269.21360186770733,399.32751976592237,70.923207163925525));
#6567=CARTESIAN_POINT('',(271.9804333451828,396.5673933580731,60.496502386386418));
#6568=CARTESIAN_POINT('',(274.06737037005058,394.72134161325437,52.029117583920332));
#6569=CARTESIAN_POINT('',(275.56864321115432,393.53686710142608,45.609781660303227));
#6570=CARTESIAN_POINT('',(277.00546398847882,392.57220505469127,39.119492339569575));
#6571=CARTESIAN_POINT('',(278.38106630684524,391.84763541035443,32.5422017772514));
#6572=CARTESIAN_POINT('',(279.6811395385642,391.39054037053177,25.956526463489965));
#6573=CARTESIAN_POINT('',(281.3209412316852,391.15551856039087,17.159364979661859));
#6574=CARTESIAN_POINT('',(282.45190159475106,391.42306091823747,10.546040181660265));
#6575=CARTESIAN_POINT('',(283.16873095984431,391.8205845070371,6.131119612415214));
#6576=CARTESIAN_POINT('',(230.48324653358424,456.18178878926648,202.12217693968685));
#6577=CARTESIAN_POINT('',(230.60403952270846,454.30104635460219,197.91625651876126));
#6578=CARTESIAN_POINT('',(231.12963325114407,450.65953004235354,189.52121919021329));
#6579=CARTESIAN_POINT('',(232.70022500251878,445.47106526882214,177.0238184363339));
#6580=CARTESIAN_POINT('',(234.98035104229112,440.46849737226131,164.62704122338238));
#6581=CARTESIAN_POINT('',(237.88113223006005,435.5967749951725,152.35452033731229));
#6582=CARTESIAN_POINT('',(241.30270848684444,430.79712678487192,140.1937832798256));
#6583=CARTESIAN_POINT('',(245.11401937572674,426.01838147940811,128.14802272827745));
#6584=CARTESIAN_POINT('',(249.16979707539693,421.27368528968185,116.20487229186764));
#6585=CARTESIAN_POINT('',(253.32972929607845,416.61617540667913,104.31932435983353));
#6586=CARTESIAN_POINT('',(257.46179504151883,412.14326149061526,92.447782480275791));
#6587=CARTESIAN_POINT('',(261.4557211670425,407.97877981175105,80.546188531223976));
#6588=CARTESIAN_POINT('',(265.23727220037847,404.2525071813003,68.551815918593661));
#6589=CARTESIAN_POINT('',(268.17778231052819,401.6221813138385,58.416673873499491));
#6590=CARTESIAN_POINT('',(270.38798457096584,399.87893516631652,50.218758473270775));
#6591=CARTESIAN_POINT('',(271.97302348794528,398.77030468403245,44.026737615454373));
#6592=CARTESIAN_POINT('',(273.48820551611254,397.87670023851865,37.778663930015952));
#6593=CARTESIAN_POINT('',(274.93748028082041,397.21687208911271,31.458821354034544));
#6594=CARTESIAN_POINT('',(276.3062062394439,396.81569063471841,25.142486503546955));
#6595=CARTESIAN_POINT('',(278.03033132495966,396.64133654462853,16.726587974215754));
#6596=CARTESIAN_POINT('',(279.22093880496408,396.93546569713982,10.405075373725921));
#6597=CARTESIAN_POINT('',(279.97530215096413,397.3404967935794,6.19157492240465));
#6598=CARTESIAN_POINT('',(230.48324653358432,449.33728010953382,205.35685041204417));
#6599=CARTESIAN_POINT('',(230.48324653358435,447.41964479157718,201.11274402616357));
#6600=CARTESIAN_POINT('',(230.76231006804932,443.71004329828537,192.63445447753162));
#6601=CARTESIAN_POINT('',(231.95121261562363,438.44321981147209,179.97199168073362));
#6602=CARTESIAN_POINT('',(233.83754064995262,433.40579651275073,167.38473237785928));
#6603=CARTESIAN_POINT('',(236.33886858648941,428.54736692684651,154.88428672183616));
#6604=CARTESIAN_POINT('',(239.35989259934732,423.8282323793419,142.47608588952457));
#6605=CARTESIAN_POINT('',(242.77961362382143,419.19773617469559,130.16565677130777));
#6606=CARTESIAN_POINT('',(246.46640708714742,414.65586495988771,117.93586487161579));
#6607=CARTESIAN_POINT('',(250.29029433968304,410.24126490224097,105.74540014902647));
#6608=CARTESIAN_POINT('',(254.12549907161676,406.03504632579535,93.557757194323088));
#6609=CARTESIAN_POINT('',(257.86321473097178,402.14574178274626,81.336085770157439));
#6610=CARTESIAN_POINT('',(261.42631197435043,398.6914638141709,69.022087880076072));
#6611=CARTESIAN_POINT('',(264.20656141154785,396.28378776405543,58.64113594619586));
#6612=CARTESIAN_POINT('',(266.30446988862252,394.70874259801224,50.24057763006919));
#6613=CARTESIAN_POINT('',(267.81398025732688,393.72106465697476,43.885775445227672));
#6614=CARTESIAN_POINT('',(269.25896637782637,392.94572361380301,37.473685886702611));
#6615=CARTESIAN_POINT('',(270.64264387178019,392.40239140182729,30.987777093277128));
#6616=CARTESIAN_POINT('',(271.95060922587311,392.11547884401807,24.50471179028963));
#6617=CARTESIAN_POINT('',(273.60075199358783,392.09211506053231,15.858076246585323));
#6618=CARTESIAN_POINT('',(274.73935630974159,392.50047613865581,9.371721829523077));
#6619=CARTESIAN_POINT('',(275.46135056927778,392.98334344925655,5.046791141395807));
#6627=(BOUNDED_SURFACE()B_SPLINE_SURFACE(3,2,((#6554,#6576,#6598),(#6555,#6577,#6599),(#6556,#6578,#6600),(#6557,#6579,#6601),(#6558,#6580,#6602),(#6559,#6581,#6603),(#6560,#6582,#6604),(#6561,#6583,#6605),(#6562,#6584,#6606),(#6563,#6585,#6607),(#6564,#6586,#6608),(#6565,#6587,#6609),(#6566,#6588,#6610),(#6567,#6589,#6611),(#6568,#6590,#6612),(#6569,#6591,#6613),(#6570,#6592,#6614),(#6571,#6593,#6615),(#6572,#6594,#6616),(#6573,#6595,#6617),(#6574,#6596,#6618),(#6575,#6597,#6619)),.UNSPECIFIED.,.F.,.F.,.F.)B_SPLINE_SURFACE_WITH_KNOTS((4,1,1,1,1,1,1,1,1,1,1,1,1,1,1,1,1,1,1,4),(3,3),(0.0,0.013441172974638,0.026882345949275,0.040323518923913,0.053764691898551,0.067205864873189,0.080647037847826,0.094088210822464,0.107529383797102,0.120970556771739,0.134411729746377,0.147852902721015,0.161294075695653,0.168014662182971,0.17473524867029,0.181455835157609,0.188176421644928,0.194897008132247,0.201617594619566,0.215058767594203),(0.0,1.0),.UNSPECIFIED.)GEOMETRIC_REPRESENTATION_ITEM()RATIONAL_B_SPLINE_SURFACE(((1.0,0.551115490042446,1.0),(1.0,0.550259411029289,1.0),(1.0,0.548622598922124,1.0),(1.0,0.546915721621879,1.0),(1.0,0.546435426750513,1.0),(1.0,0.547486220130324,1.0),(1.0,0.550539833801855,1.0),(1.0,0.555639349032511,1.0),(1.0,0.562419216323831,1.0),(1.0,0.570366299521984,1.0),(1.0,0.578847023050133,1.0),(1.0,0.587232131240219,1.0),(1.0,0.595004311488947,1.0),(1.0,0.60065993450406,1.0),(1.0,0.604591357153832,1.0),(1.0,0.60723492709369,1.0),(1.0,0.609570682392204,1.0),(1.0,0.611608023009476,1.0),(1.0,0.613339936378834,1.0),(1.0,0.615283605659228,1.0),(1.0,0.616378493616698,1.0),(1.0,0.616996847028703,1.0)))REPRESENTATION_ITEM('')SURFACE());
#6628=ORIENTED_EDGE('',*,*,#6458,.T.);
#6629=ORIENTED_EDGE('',*,*,#5719,.F.);
#6630=CARTESIAN_POINT('',(278.90918635711267,389.36630968918257,5.218532687358511));
#6631=DIRECTION('',(-0.153323776273233,-0.099469990182887,0.983156925766346));
#6632=DIRECTION('',(0.988057133349386,0.0,0.15408796590712));
#6633=AXIS2_PLACEMENT_3D('',#6630,#6631,#6632);
#6634=CIRCLE('',#6633,4.999999999999999);
#6635=EDGE_CURVE('',#322,#5539,#6634,.T.);
#6636=ORIENTED_EDGE('',*,*,#6635,.F.);
#6637=ORIENTED_EDGE('',*,*,#421,.F.);
#6638=EDGE_LOOP('',(#6628,#6629,#6636,#6637));
#6639=FACE_OUTER_BOUND('',#6638,.T.);
#6640=ADVANCED_FACE('',(#6639),#6627,.F.);
#6641=CARTESIAN_POINT('',(283.16873095984431,391.82058450703698,6.131119612415088));
#6642=CARTESIAN_POINT('',(283.235009604553,391.86696314680944,5.69703189961981));
#6643=CARTESIAN_POINT('',(283.36671074111672,391.99108326087361,5.066723270200589));
#6644=CARTESIAN_POINT('',(283.60552991246419,392.25573031967207,4.267671831771837));
#6645=CARTESIAN_POINT('',(283.81911369918987,392.50505083265472,3.685694466487855));
#6646=CARTESIAN_POINT('',(284.06167759617938,392.79625250606307,3.138953968892837));
#6647=CARTESIAN_POINT('',(284.33188341594621,393.12464975523591,2.629082478488781));
#6648=CARTESIAN_POINT('',(284.63054970372815,393.48827738675396,2.155110098572389));
#6649=CARTESIAN_POINT('',(284.96052543900083,393.88747342516353,1.716335617297036));
#6650=CARTESIAN_POINT('',(285.31194848834093,394.30722154092598,1.326901727052941));
#6651=CARTESIAN_POINT('',(285.68613341068647,394.7463137106713,0.983952239433078));
#6652=CARTESIAN_POINT('',(286.08387402303725,395.20295440840221,0.687639241244345));
#6653=CARTESIAN_POINT('',(286.50695566565423,395.67628241238504,0.439264842925817));
#6654=CARTESIAN_POINT('',(286.94245826087382,396.14965714430878,0.246570685254424));
#6655=CARTESIAN_POINT('',(287.39309190481822,396.62458049749802,0.106902846206537));
#6656=CARTESIAN_POINT('',(287.85880900974104,397.09950250344582,0.020935585318903));
#6657=CARTESIAN_POINT('',(288.1803198167238,397.4161001898965,0.000655325183478));
#6658=CARTESIAN_POINT('',(288.34070094473248,397.57122305091713,0.000031190200612));
#6659=CARTESIAN_POINT('',(279.97530215096413,397.34049679357952,6.191574922404548));
#6660=CARTESIAN_POINT('',(280.02858293929279,397.35791345098608,5.876236752076514));
#6661=CARTESIAN_POINT('',(280.12902892790908,397.39841920262268,5.408037225311261));
#6662=CARTESIAN_POINT('',(280.31789542131241,397.49606837767743,4.764530199784809));
#6663=CARTESIAN_POINT('',(280.49259861580776,397.59705995182293,4.269529340529865));
#6664=CARTESIAN_POINT('',(280.70028668899511,397.7281458954306,3.775038333334591));
#6665=CARTESIAN_POINT('',(280.94312920478222,397.89215416156526,3.284926078915605));
#6666=CARTESIAN_POINT('',(281.22456445172827,398.09234936246668,2.801422478189293));
#6667=CARTESIAN_POINT('',(281.54989993026595,398.33319723991701,2.32688805027292));
#6668=CARTESIAN_POINT('',(281.9107065424642,398.60827167054225,1.881370124058869));
#6669=CARTESIAN_POINT('',(282.30831094237851,398.91771658662265,1.467446375848036));
#6670=CARTESIAN_POINT('',(282.74332102299513,399.26106313257372,1.08990877883637));
#6671=CARTESIAN_POINT('',(283.21723445894753,399.63842669283417,0.754233189474286));
#6672=CARTESIAN_POINT('',(283.71410632159336,400.03584691869276,0.474979946246903));
#6673=CARTESIAN_POINT('',(284.23492649857843,400.45288507962488,0.252327200858499));
#6674=CARTESIAN_POINT('',(284.77773121654968,400.88695338675632,0.089602108934257));
#6675=CARTESIAN_POINT('',(285.15492999971207,401.18764650082352,0.023512183984635));
#6676=CARTESIAN_POINT('',(285.34298908282244,401.33724349750486,0.00209844947308));
#6677=CARTESIAN_POINT('',(275.46135056927767,392.98334344925655,5.046791141395723));
#6678=CARTESIAN_POINT('',(275.57821028574631,393.06149883127762,4.346771489065742));
#6679=CARTESIAN_POINT('',(275.81996967275586,393.25342252929204,3.330329022864047));
#6680=CARTESIAN_POINT('',(276.27018527569027,393.64656223755964,2.042205250516081));
#6681=CARTESIAN_POINT('',(276.67660311360868,394.0124709768474,1.104339603589433));
#6682=CARTESIAN_POINT('',(277.14057067393088,394.43702004954343,0.223663288782699));
#6683=CARTESIAN_POINT('',(277.65860804784336,394.91424897964851,-0.597158860630107));
#6684=CARTESIAN_POINT('',(278.23139984000886,395.44211748729589,-1.359665352045316));
#6685=CARTESIAN_POINT('',(278.86347418780656,396.02196151131557,-2.064959666643379));
#6686=CARTESIAN_POINT('',(279.53501786149775,396.63281826910526,-2.690323825735197));
#6687=CARTESIAN_POINT('',(280.24771263041077,397.27371365848421,-3.24040182784953));
#6688=CARTESIAN_POINT('',(281.00225546485649,397.94280068933864,-3.715002338813966));
#6689=CARTESIAN_POINT('',(281.80116335601491,398.63965497779566,-4.112091859832482));
#6690=CARTESIAN_POINT('',(282.61938601519898,399.34043284447426,-4.419390006370468));
#6691=CARTESIAN_POINT('',(283.46158382031638,400.04781259226348,-4.641264103252222));
#6692=CARTESIAN_POINT('',(284.32721976456565,400.75996361208968,-4.776750148923608));
#6693=CARTESIAN_POINT('',(284.92144949692181,401.23821750529783,-4.807589478889451));
#6694=CARTESIAN_POINT('',(285.2170335856224,401.47345545090411,-4.807763523722215));
#6702=(BOUNDED_SURFACE()B_SPLINE_SURFACE(3,2,((#6641,#6659,#6677),(#6642,#6660,#6678),(#6643,#6661,#6679),(#6644,#6662,#6680),(#6645,#6663,#6681),(#6646,#6664,#6682),(#6647,#6665,#6683),(#6648,#6666,#6684),(#6649,#6667,#6685),(#6650,#6668,#6686),(#6651,#6669,#6687),(#6652,#6670,#6688),(#6653,#6671,#6689),(#6654,#6672,#6690),(#6655,#6673,#6691),(#6656,#6674,#6692),(#6657,#6675,#6693),(#6658,#6676,#6694)),.UNSPECIFIED.,.F.,.F.,.F.)B_SPLINE_SURFACE_WITH_KNOTS((4,1,1,1,1,1,1,1,1,1,1,1,1,1,1,4),(3,3),(0.041006029751774,0.043181062944401,0.044268579540714,0.045356096137027,0.046443612733341,0.047531129329654,0.048618645925967,0.049706162522281,0.050793679118594,0.051881195714907,0.05296871231122,0.054056228907534,0.055143745503847,0.05623126210016,0.057318778696474,0.058406295292787),(0.0,1.0),.UNSPECIFIED.)GEOMETRIC_REPRESENTATION_ITEM()RATIONAL_B_SPLINE_SURFACE(((1.0,0.616996847028694,1.0),(1.0,0.618042902444155,1.0),(1.0,0.621040201815993,1.0),(1.0,0.627410525038497,1.0),(1.0,0.633322243614275,1.0),(1.0,0.640066215556872,1.0),(1.0,0.647445780680418,1.0),(1.0,0.655328407465174,1.0),(1.0,0.663620398768843,1.0),(1.0,0.671922859552657,1.0),(1.0,0.680144555477105,1.0),(1.0,0.688179671994426,1.0),(1.0,0.695930659272873,1.0),(1.0,0.703071471380924,1.0),(1.0,0.7095971512376,1.0),(1.0,0.715447646517585,1.0),(1.0,0.718866503290982,1.0),(1.0,0.720419284270611,1.0)))REPRESENTATION_ITEM('')SURFACE());
#6703=ORIENTED_EDGE('',*,*,#6167,.F.);
#6704=ORIENTED_EDGE('',*,*,#6122,.F.);
#6705=ORIENTED_EDGE('',*,*,#6635,.T.);
#6706=ORIENTED_EDGE('',*,*,#5617,.F.);
#6707=ORIENTED_EDGE('',*,*,#6547,.T.);
#6708=EDGE_LOOP('',(#6703,#6704,#6705,#6706,#6707));
#6709=FACE_OUTER_BOUND('',#6708,.T.);
#6710=ADVANCED_FACE('',(#6709),#6702,.F.);
#6711=CARTESIAN_POINT('',(317.17491033436738,422.11826419648042,148.17728403922669));
#6712=CARTESIAN_POINT('',(305.37651635929615,432.1370815029004,130.14642916874993));
#6713=CARTESIAN_POINT('',(293.57053330670976,442.10598004773323,112.09243904008787));
#6714=CARTESIAN_POINT('',(281.78312673063499,452.02252519326572,93.995452632752077));
#6715=CARTESIAN_POINT('',(317.36818058589597,415.87728606599273,144.44625914722951));
#6716=CARTESIAN_POINT('',(306.09330451570582,426.04591856105884,126.83367103463212));
#6717=CARTESIAN_POINT('',(294.62913312652904,436.38524968298407,108.9254241884359));
#6718=CARTESIAN_POINT('',(282.80041713499048,447.05258320999201,90.449060552765715));
#6719=CARTESIAN_POINT('',(323.68029775658493,417.68455506807476,141.31597741267893));
#6720=CARTESIAN_POINT('',(311.86960157781311,427.99714523558418,123.45404728491722));
#6721=CARTESIAN_POINT('',(300.03115005086448,438.30180501005452,105.60585300082359));
#6722=CARTESIAN_POINT('',(288.16320297442644,448.5979495022699,87.77240761823586));
#6730=(BOUNDED_SURFACE()B_SPLINE_SURFACE(3,2,((#6711,#6715,#6719),(#6712,#6716,#6720),(#6713,#6717,#6721),(#6714,#6718,#6722)),.UNSPECIFIED.,.F.,.F.,.F.)B_SPLINE_SURFACE_WITH_KNOTS((4,4),(3,3),(0.350392254915571,0.421694061997131),(0.0,1.0),.UNSPECIFIED.)GEOMETRIC_REPRESENTATION_ITEM()RATIONAL_B_SPLINE_SURFACE(((1.0,0.717850585592665,1.0),(1.0,0.733586317748447,1.0),(1.0,0.751360396647965,1.0),(1.0,0.77126337685458,1.0)))REPRESENTATION_ITEM('')SURFACE());
#6731=ORIENTED_EDGE('',*,*,#1028,.F.);
#6732=CARTESIAN_POINT('',(288.2535965024972,448.38116647353468,88.150494388779833));
#6733=VERTEX_POINT('',#6732);
#6734=CARTESIAN_POINT('',(283.16873095990326,450.8566839252382,96.122404060910171));
#6735=CARTESIAN_POINT('',(283.23520213008817,450.50291761850104,95.864447986805729));
#6736=CARTESIAN_POINT('',(283.32305300996921,450.18075139843893,95.582755074649242));
#6737=CARTESIAN_POINT('',(283.43168209688099,449.88733796187097,95.279935822948147));
#6738=CARTESIAN_POINT('',(283.48621833698934,449.7400324281266,95.127908185694636));
#6739=CARTESIAN_POINT('',(283.54600644405105,449.60000366275722,94.970526230122346));
#6740=CARTESIAN_POINT('',(283.61127013263672,449.46720297513588,94.807931903050346));
#6741=CARTESIAN_POINT('',(283.6767031783707,449.33405767405128,94.644915648990093));
#6742=CARTESIAN_POINT('',(283.74795115706371,449.20751614553063,94.475822770809145));
#6743=CARTESIAN_POINT('',(283.82393896961145,449.08969723637603,94.303811759830495));
#6744=CARTESIAN_POINT('',(283.90020667090351,448.97144436043874,94.131167174279057));
#6745=CARTESIAN_POINT('',(283.98105354958625,448.86224863693934,93.956046697392068));
#6746=CARTESIAN_POINT('',(284.06627816930353,448.76165342750733,93.779064110548447));
#6747=CARTESIAN_POINT('',(284.15141030224379,448.66116738520009,93.602273587325556));
#6748=CARTESIAN_POINT('',(284.24091497676386,448.56925814046053,93.423614269055889));
#6749=CARTESIAN_POINT('',(284.33501529034027,448.48541553501042,93.243026669002177));
#6750=CARTESIAN_POINT('',(284.42872201114051,448.40192361748677,93.063194411541417));
#6751=CARTESIAN_POINT('',(284.52692355382914,448.32650827989397,92.881586471929296));
#6752=CARTESIAN_POINT('',(284.62988255765976,448.25909163207149,92.698391488647331));
#6753=CARTESIAN_POINT('',(284.63184166659471,448.25780882481615,92.694905645590936));
#6754=CARTESIAN_POINT('',(284.63380262838501,448.25652882499332,92.691418984140171));
#6755=CARTESIAN_POINT('',(284.63576544351531,448.25525163414278,92.6879315084539));
#6756=CARTESIAN_POINT('',(284.73695640758768,448.18940734168837,92.508138199633606));
#6757=CARTESIAN_POINT('',(284.8430825601053,448.13104888597115,92.326181390849541));
#6758=CARTESIAN_POINT('',(284.95223880767907,448.08104436910367,92.145750024651662));
#6759=CARTESIAN_POINT('',(284.95618701737965,448.07923569279831,92.139223775479962));
#6760=CARTESIAN_POINT('',(284.96013960132541,448.07743772293122,92.132698846700563));
#6761=CARTESIAN_POINT('',(284.96409648815143,448.07565049303196,92.126175381969489));
#6762=CARTESIAN_POINT('',(285.07770551814406,448.0243360470638,91.938875483618858));
#6763=CARTESIAN_POINT('',(285.19486251849384,447.98187674969734,91.752782660421715));
#6764=CARTESIAN_POINT('',(285.31573837523314,447.94775206697233,91.567882083564385));
#6765=CARTESIAN_POINT('',(285.42795493767017,447.91607200535401,91.396227398441511));
#6766=CARTESIAN_POINT('',(285.54337652093301,447.89157508803862,91.225600423598209));
#6767=CARTESIAN_POINT('',(285.66206255655402,447.87413860394844,91.056254739232088));
#6768=CARTESIAN_POINT('',(285.67137434589887,447.87277058397945,91.042968329158469));
#6769=CARTESIAN_POINT('',(285.68070656247193,447.87144595958631,91.029689358817606));
#6770=CARTESIAN_POINT('',(285.69005925955014,447.87016467341175,91.016417922455332));
#6771=CARTESIAN_POINT('',(285.80674950329995,447.85417852580429,90.850834975516861));
#6772=CARTESIAN_POINT('',(285.92662771968594,447.84493825585901,90.686424789967305));
#6773=CARTESIAN_POINT('',(286.04992170606641,447.84251727147017,90.523341442873843));
#6774=CARTESIAN_POINT('',(286.0626086286764,447.84226815273792,90.506560204272603));
#6775=CARTESIAN_POINT('',(286.07533394229677,447.84209121394906,90.489790037812952));
#6776=CARTESIAN_POINT('',(286.08809742941833,447.84198660984094,90.473031795988916));
#6777=CARTESIAN_POINT('',(286.20931362005484,447.84099317353366,90.313876996337626));
#6778=CARTESIAN_POINT('',(286.33397860481205,447.84653869716442,90.155803288599387));
#6779=CARTESIAN_POINT('',(286.46015626840443,447.85838802708093,90.001470808017302));
#6780=CARTESIAN_POINT('',(286.47641268859269,447.85991466563638,89.981586990377849));
#6781=CARTESIAN_POINT('',(286.49270324767059,447.86154659602107,89.961753893135366));
#6782=CARTESIAN_POINT('',(286.50902458400492,447.86328354897421,89.941976379040142));
#6783=CARTESIAN_POINT('',(286.65187432882317,447.8784859368817,89.768877021011292));
#6784=CARTESIAN_POINT('',(286.79708237380891,447.90173899181627,89.600039239142092));
#6785=CARTESIAN_POINT('',(286.94497835792134,447.93283528405811,89.435236293901596));
#6786=CARTESIAN_POINT('',(287.07011803605042,447.95914688423773,89.295791077414549));
#6787=CARTESIAN_POINT('',(287.19718234776633,447.99107243435321,89.159233389166872));
#6788=CARTESIAN_POINT('',(287.32608267884979,448.02858766652713,89.02584195223325));
#6789=CARTESIAN_POINT('',(287.34919929241028,448.03531554005161,89.001919916704267));
#6790=CARTESIAN_POINT('',(287.37237268961519,448.04222253977719,88.978101767318975));
#6791=CARTESIAN_POINT('',(287.39560439884121,448.04930897855411,88.954386896490746));
#6792=CARTESIAN_POINT('',(287.5481739865379,448.09584774296093,88.798644241942796));
#6793=CARTESIAN_POINT('',(287.70325335609579,448.15011050368048,88.647347206175226));
#6794=CARTESIAN_POINT('',(287.86156228884454,448.21258682792114,88.500262365853374));
#6795=CARTESIAN_POINT('',(287.99057157904724,448.26350010302701,88.38039982543927));
#6796=CARTESIAN_POINT('',(288.12173321855505,448.31987427155349,88.263330875229911));
#6797=CARTESIAN_POINT('',(288.2535965024972,448.38116647353468,88.150494388779833));
#6798=B_SPLINE_CURVE_WITH_KNOTS('',3,(#6734,#6735,#6736,#6737,#6738,#6739,#6740,#6741,#6742,#6743,#6744,#6745,#6746,#6747,#6748,#6749,#6750,#6751,#6752,#6753,#6754,#6755,#6756,#6757,#6758,#6759,#6760,#6761,#6762,#6763,#6764,#6765,#6766,#6767,#6768,#6769,#6770,#6771,#6772,#6773,#6774,#6775,#6776,#6777,#6778,#6779,#6780,#6781,#6782,#6783,#6784,#6785,#6786,#6787,#6788,#6789,#6790,#6791,#6792,#6793,#6794,#6795,#6796,#6797),.UNSPECIFIED.,.F.,.U.,(4,3,3,3,3,3,3,3,3,3,3,3,3,3,3,3,3,3,3,3,3,4),(3.664611E-011,0.124368560228444,0.186806659022929,0.249406782652177,0.312237483651782,0.375000000022932,0.43750000002064,0.438689253061926,0.500000000018349,0.502217625589623,0.565889471947612,0.625000000013758,0.629637654161806,0.687500000011466,0.693454021982659,0.750000000009174,0.757285244897892,0.821048122641165,0.875000000004587,0.884675574065495,0.948217964805653,1.0),.UNSPECIFIED.);
#6799=EDGE_CURVE('',#914,#6733,#6798,.T.);
#6800=ORIENTED_EDGE('',*,*,#6799,.T.);
#6801=CARTESIAN_POINT('',(288.25359752439408,448.38115809271693,88.150488864174079));
#6802=CARTESIAN_POINT('',(293.97536153407185,443.45406982026941,96.683058047582634));
#6803=CARTESIAN_POINT('',(299.68496147008216,438.51772532341943,105.23260667913179));
#6804=CARTESIAN_POINT('',(311.05914892972106,428.65296767854602,122.3183244234712));
#6805=CARTESIAN_POINT('',(316.73591171783426,423.71397826694886,130.87285097806614));
#6806=CARTESIAN_POINT('',(322.40182735696624,418.77192347857971,139.4327097982397));
#6807=B_SPLINE_CURVE_WITH_KNOTS('',3,(#6801,#6802,#6803,#6804,#6805,#6806),.UNSPECIFIED.,.F.,.U.,(4,2,4),(-6.83198656324335,-3.417864147499281,-0.000000983126716),.UNSPECIFIED.);
#6808=EDGE_CURVE('',#6733,#3095,#6807,.T.);
#6809=ORIENTED_EDGE('',*,*,#6808,.T.);
#6810=ORIENTED_EDGE('',*,*,#3113,.F.);
#6811=EDGE_LOOP('',(#6731,#6800,#6809,#6810));
#6812=FACE_OUTER_BOUND('',#6811,.T.);
#6813=ADVANCED_FACE('',(#6812),#6730,.T.);
#6814=CARTESIAN_POINT('',(317.17491033436738,589.0211106740328,140.90692598776201));
#6815=CARTESIAN_POINT('',(305.37651636173518,578.41534096484156,123.21494825036143));
#6816=CARTESIAN_POINT('',(293.5705333085491,567.76457614136439,105.55463379999304));
#6817=CARTESIAN_POINT('',(281.78312673063493,557.05039875085288,87.918160579908516));
#6818=CARTESIAN_POINT('',(317.36818058589597,582.66945927016718,144.44625914722891));
#6819=CARTESIAN_POINT('',(306.09330451594224,572.50082679164154,126.83367102981083));
#6820=CARTESIAN_POINT('',(294.62913313051115,562.16149564455225,108.92542419331454));
#6821=CARTESIAN_POINT('',(282.80041713499043,551.49416212616779,90.449060552765175));
#6822=CARTESIAN_POINT('',(323.68029775658493,580.8621902680851,141.31597741267836));
#6823=CARTESIAN_POINT('',(311.86960157913245,570.5496001020615,123.45404728749025));
#6824=CARTESIAN_POINT('',(300.03115005680166,560.24494032682992,105.60585300207779));
#6825=CARTESIAN_POINT('',(288.16320297442638,549.9487958338899,87.772407618235377));
#6833=(BOUNDED_SURFACE()B_SPLINE_SURFACE(3,2,((#6814,#6818,#6822),(#6815,#6819,#6823),(#6816,#6820,#6824),(#6817,#6821,#6825)),.UNSPECIFIED.,.F.,.F.,.F.)B_SPLINE_SURFACE_WITH_KNOTS((4,4),(3,3),(0.350392254915576,0.421694061997136),(0.0,1.0),.UNSPECIFIED.)GEOMETRIC_REPRESENTATION_ITEM()RATIONAL_B_SPLINE_SURFACE(((1.0,0.717850585592663,1.0),(1.0,0.733586317698309,1.0),(1.0,0.751360396640048,1.0),(1.0,0.771263376854579,1.0)))REPRESENTATION_ITEM('')SURFACE());
#6834=ORIENTED_EDGE('',*,*,#1458,.F.);
#6835=CARTESIAN_POINT('',(288.25359650249868,550.16783706764738,88.149190613500551));
#6836=VERTEX_POINT('',#6835);
#6837=CARTESIAN_POINT('',(283.16873095990326,558.30947208623979,89.991284448879711));
#6838=CARTESIAN_POINT('',(283.23520213014677,557.90919241968675,90.168677020553062));
#6839=CARTESIAN_POINT('',(283.32305300998354,557.50415609161996,90.306834695211208));
#6840=CARTESIAN_POINT('',(283.43168209688361,557.09520020860327,90.409528559234772));
#6841=CARTESIAN_POINT('',(283.4862183369861,556.88988764578983,90.461085074945856));
#6842=CARTESIAN_POINT('',(283.54600644404962,556.68357649148288,90.503662565229234));
#6843=CARTESIAN_POINT('',(283.61127013263666,556.47636532991714,90.537374170813351));
#6844=CARTESIAN_POINT('',(283.67670317837201,556.26861646212978,90.571173256917049));
#6845=CARTESIAN_POINT('',(283.74795115706331,556.05890696976553,90.596214996158693));
#6846=CARTESIAN_POINT('',(283.82393896961037,555.85103160995027,90.612243659043628));
#6847=CARTESIAN_POINT('',(283.90020667090187,555.64239057506791,90.628331360900461));
#6848=CARTESIAN_POINT('',(283.98105354958466,555.43613393161206,90.635337392992014));
#6849=CARTESIAN_POINT('',(284.06627816930205,555.23256491066195,90.633964106437332));
#6850=CARTESIAN_POINT('',(284.15141030224294,555.02921680524764,90.632592310189636));
#6851=CARTESIAN_POINT('',(284.24091497676363,554.82853867463132,90.622858391841689));
#6852=CARTESIAN_POINT('',(284.33501529034055,554.6302239226502,90.605174418053991));
#6853=CARTESIAN_POINT('',(284.42872201114079,554.43273866050743,90.587564410909778));
#6854=CARTESIAN_POINT('',(284.52692355382942,554.23775390247783,90.562072039294108));
#6855=CARTESIAN_POINT('',(284.62988255766004,554.04539406919855,90.528859077305356));
#6856=CARTESIAN_POINT('',(284.63184166659397,554.04173383693251,90.528227099448785));
#6857=CARTESIAN_POINT('',(284.63380262838319,554.0380742996324,90.527592281087067));
#6858=CARTESIAN_POINT('',(284.63576544351235,554.03441546166971,90.526954622966343));
#6859=CARTESIAN_POINT('',(284.73695640758564,553.84578774257147,90.494080798515895));
#6860=CARTESIAN_POINT('',(284.84308256010473,553.65902929591243,90.4536422993));
#6861=CARTESIAN_POINT('',(284.95223880767969,553.47776889070985,90.406731798111707));
#6862=CARTESIAN_POINT('',(284.95618701737891,553.47121265498527,90.405035033154093));
#6863=CARTESIAN_POINT('',(284.96013960132336,553.46466291597301,90.403329656345051));
#6864=CARTESIAN_POINT('',(284.96409648814796,553.45811981484769,90.401615710475284));
#6865=CARTESIAN_POINT('',(285.07770551814025,553.27025612176601,90.352405375089674));
#6866=CARTESIAN_POINT('',(285.1948625184898,553.08786536073217,90.296129793637689));
#6867=CARTESIAN_POINT('',(285.31573837522888,552.91067442263704,90.233232347345194));
#6868=CARTESIAN_POINT('',(285.42795493766744,552.74617707383049,90.174840742937818));
#6869=CARTESIAN_POINT('',(285.54337652093216,552.58616132038537,90.110742208224792));
#6870=CARTESIAN_POINT('',(285.66206255655487,552.4307854136556,90.041169804215514));
#6871=CARTESIAN_POINT('',(285.67137434589779,552.41859503502474,90.035711339225784));
#6872=CARTESIAN_POINT('',(285.68070656246891,552.40643279717926,90.030219012431502));
#6873=CARTESIAN_POINT('',(285.69005925954519,552.39429875305996,90.024692920628155));
#6874=CARTESIAN_POINT('',(285.80674950329677,552.24290664077137,89.955745857094684));
#6875=CARTESIAN_POINT('',(285.92662771968463,552.09590310846897,89.881543072829459));
#6876=CARTESIAN_POINT('',(286.04992170606715,551.95345829475525,89.802098033264386));
#6877=CARTESIAN_POINT('',(286.06260862867492,551.93880075645598,89.793923157115898));
#6878=CARTESIAN_POINT('',(286.07533394229301,551.92418889688429,89.785691307373583));
#6879=CARTESIAN_POINT('',(286.0880974294123,551.90962353169039,89.777402776278024));
#6880=CARTESIAN_POINT('',(286.20931362005115,551.77129471390185,89.698685717530282));
#6881=CARTESIAN_POINT('',(286.33397860481062,551.63717162914304,89.614846299317819));
#6882=CARTESIAN_POINT('',(286.46015626840534,551.50944044528592,89.52741823829956));
#6883=CARTESIAN_POINT('',(286.4764126885911,551.49298387336626,89.516154221710195));
#6884=CARTESIAN_POINT('',(286.4927032476665,551.47662387251341,89.504824379920365));
#6885=CARTESIAN_POINT('',(286.50902458399833,551.46036451936232,89.493431377491888));
#6886=CARTESIAN_POINT('',(286.65187432881618,551.31805727188453,89.39371604435172));
#6887=CARTESIAN_POINT('',(286.79708237380203,551.18346599113363,89.28915941712809));
#6888=CARTESIAN_POINT('',(286.94497835791378,551.05629060005788,89.179827765463614));
#6889=CARTESIAN_POINT('',(287.07011803604581,550.94868330023087,89.087318643048235));
#6890=CARTESIAN_POINT('',(287.19718234776406,550.84638364818193,88.991391461492825));
#6891=CARTESIAN_POINT('',(287.32608267885087,550.74962089123494,88.892206598931892));
#6892=CARTESIAN_POINT('',(287.349199292408,550.73226773752151,88.874419071784274));
#6893=CARTESIAN_POINT('',(287.37237268960985,550.71509411494776,88.856528359867809));
#6894=CARTESIAN_POINT('',(287.39560439883286,550.69809965375362,88.838533888452673));
#6895=CARTESIAN_POINT('',(287.54817398652767,550.58649194066675,88.720358808942379));
#6896=CARTESIAN_POINT('',(287.70325335609164,550.48259624452885,88.597717361788682));
#6897=CARTESIAN_POINT('',(287.86156228883374,550.38645519842225,88.470068857706522));
#6898=CARTESIAN_POINT('',(287.99057157904264,550.30810783101003,88.366045397863573));
#6899=CARTESIAN_POINT('',(288.12173321854829,550.23491023040015,88.258689460702328));
#6900=CARTESIAN_POINT('',(288.25359650249868,550.16783706764738,88.149190613500551));
#6901=B_SPLINE_CURVE_WITH_KNOTS('',3,(#6837,#6838,#6839,#6840,#6841,#6842,#6843,#6844,#6845,#6846,#6847,#6848,#6849,#6850,#6851,#6852,#6853,#6854,#6855,#6856,#6857,#6858,#6859,#6860,#6861,#6862,#6863,#6864,#6865,#6866,#6867,#6868,#6869,#6870,#6871,#6872,#6873,#6874,#6875,#6876,#6877,#6878,#6879,#6880,#6881,#6882,#6883,#6884,#6885,#6886,#6887,#6888,#6889,#6890,#6891,#6892,#6893,#6894,#6895,#6896,#6897,#6898,#6899,#6900),.UNSPECIFIED.,.F.,.U.,(4,3,3,3,3,3,3,3,3,3,3,3,3,3,3,3,3,3,3,3,3,4),(3.662405E-011,0.124368560228191,0.186806659022617,0.249406782651772,0.312237483651384,0.375000000022913,0.437500000020632,0.438689253061272,0.50000000001835,0.502217625588879,0.565889471946768,0.62500000001376,0.62963765416087,0.687500000011466,0.693454021981621,0.750000000009172,0.757285244896755,0.821048122639814,0.875000000004584,0.884675574064095,0.948217964802452,0.999999999999996),.UNSPECIFIED.);
#6902=EDGE_CURVE('',#1346,#6836,#6901,.T.);
#6903=ORIENTED_EDGE('',*,*,#6902,.T.);
#6904=CARTESIAN_POINT('',(288.25359752455557,550.16782809274309,88.149195109118338));
#6905=CARTESIAN_POINT('',(293.97536153525198,555.0937056270094,96.682463308112006));
#6906=CARTESIAN_POINT('',(299.68496145099147,560.02965966626164,105.23223732859492));
#6907=CARTESIAN_POINT('',(311.05914892924983,569.893946470385,122.31822695471496));
#6908=CARTESIAN_POINT('',(316.73591172144035,574.83288908412976,130.87278054173515));
#6909=CARTESIAN_POINT('',(322.40182735709061,579.77491687705378,139.4326549385913));
#6910=B_SPLINE_CURVE_WITH_KNOTS('',3,(#6904,#6905,#6906,#6907,#6908,#6909),.UNSPECIFIED.,.F.,.U.,(4,2,4),(-6.831986569995697,-3.417864144920345,-0.000000983130285),.UNSPECIFIED.);
#6911=EDGE_CURVE('',#6836,#3166,#6910,.T.);
#6912=ORIENTED_EDGE('',*,*,#6911,.T.);
#6913=ORIENTED_EDGE('',*,*,#3184,.F.);
#6914=EDGE_LOOP('',(#6834,#6903,#6912,#6913));
#6915=FACE_OUTER_BOUND('',#6914,.T.);
#6916=ADVANCED_FACE('',(#6915),#6833,.T.);
#6917=CARTESIAN_POINT('',(317.17491033436738,666.17621914563199,-7.270358051464059));
#6918=CARTESIAN_POINT('',(305.37651636258448,645.55163212814762,-6.931480915670671));
#6919=CARTESIAN_POINT('',(293.5705333010003,624.93196874987473,-6.537805244394903));
#6920=CARTESIAN_POINT('',(281.78312673063499,604.30124622566677,-6.077292052843052));
#6921=CARTESIAN_POINT('',(317.36818058589597,666.06554587225423,1.214306E-014));
#6922=CARTESIAN_POINT('',(306.09330451731728,645.72828089450456,1.159947E-009));
#6923=CARTESIAN_POINT('',(294.62913311785815,625.04961861799143,2.211290E-009));
#6924=CARTESIAN_POINT('',(282.80041713499048,603.71495158425546,-3.642919E-014));
#6925=CARTESIAN_POINT('',(323.68029775658493,662.45100786808985,1.214306E-014));
#6926=CARTESIAN_POINT('',(311.86960158045184,641.82582753473775,1.214306E-014));
#6927=CARTESIAN_POINT('',(300.03115004426769,621.21650797315044,-3.642919E-014));
#6928=CARTESIAN_POINT('',(288.16320297442638,600.62421899969956,-3.642919E-014));
#6936=(BOUNDED_SURFACE()B_SPLINE_SURFACE(3,2,((#6917,#6921,#6925),(#6918,#6922,#6926),(#6919,#6923,#6927),(#6920,#6924,#6928)),.UNSPECIFIED.,.F.,.F.,.F.)B_SPLINE_SURFACE_WITH_KNOTS((4,4),(3,3),(0.350392254915553,0.421694061997113),(0.0,1.0),.UNSPECIFIED.)GEOMETRIC_REPRESENTATION_ITEM()RATIONAL_B_SPLINE_SURFACE(((1.0,0.717850585592663,1.0),(1.0,0.733586317662686,1.0),(1.0,0.751360396601789,1.0),(1.0,0.771263376854582,1.0)))REPRESENTATION_ITEM('')SURFACE());
#6937=ORIENTED_EDGE('',*,*,#1879,.F.);
#6938=CARTESIAN_POINT('',(288.25359650249999,601.0600432621909,-0.001303775277514));
#6939=VERTEX_POINT('',#6938);
#6940=CARTESIAN_POINT('',(283.1687309599032,606.72616082908098,-6.131119612030337));
#6941=CARTESIAN_POINT('',(283.23520213012023,606.67964746927009,-5.695770966340006));
#6942=CARTESIAN_POINT('',(283.32305300997245,606.59677736126673,-5.275920379444788));
#6943=CARTESIAN_POINT('',(283.43168209688338,606.48123491481226,-4.870407263717));
#6944=CARTESIAN_POINT('',(283.48621833699139,606.42322788574029,-4.666823110750816));
#6945=CARTESIAN_POINT('',(283.54600644405184,606.35694549680261,-4.466863664893788));
#6946=CARTESIAN_POINT('',(283.61127013263723,606.28253502285907,-4.270557732237145));
#6947=CARTESIAN_POINT('',(283.67670317837099,606.20793145615676,-4.073742392072635));
#6948=CARTESIAN_POINT('',(283.7479511570636,606.12476349231179,-3.879607774649929));
#6949=CARTESIAN_POINT('',(283.8239389696115,606.03470704165068,-3.691568100786747));
#6950=CARTESIAN_POINT('',(283.90020667090363,605.94431888270594,-3.502835813379092));
#6951=CARTESIAN_POINT('',(283.9810535495867,605.84725796274904,-3.320709304400031));
#6952=CARTESIAN_POINT('',(284.06627816930376,605.74428415123111,-3.145100004111112));
#6953=CARTESIAN_POINT('',(284.15141030224424,605.64142208812495,-2.969681277135234));
#6954=CARTESIAN_POINT('',(284.24091497676386,605.53265320224978,-2.800755877213323));
#6955=CARTESIAN_POINT('',(284.33501529034055,605.41818105571929,-2.63785225094682));
#6956=CARTESIAN_POINT('',(284.42872201114079,605.3041877111001,-2.475630000630277));
#6957=CARTESIAN_POINT('',(284.52692355382953,605.18461829066359,-2.319514432633731));
#6958=CARTESIAN_POINT('',(284.62988255766032,605.05967510520679,-2.169532411340512));
#6959=CARTESIAN_POINT('',(284.63184166659505,605.05729768019444,-2.16667854614141));
#6960=CARTESIAN_POINT('',(284.63380262838513,605.05491814271534,-2.163826703053072));
#6961=CARTESIAN_POINT('',(284.63576544351508,605.05253649560154,-2.160976885488263));
#6962=CARTESIAN_POINT('',(284.73695640758785,604.92975306895983,-2.014057401117746));
#6963=CARTESIAN_POINT('',(284.84308256010593,604.80135307801913,-1.87253909154888));
#6964=CARTESIAN_POINT('',(284.95223880767998,604.67009718968563,-1.739018226538446));
#6965=CARTESIAN_POINT('',(284.95618701738027,604.66534963026459,-1.734188742325269));
#6966=CARTESIAN_POINT('',(284.96013960132581,604.66059786111759,-1.729369190355786));
#6967=CARTESIAN_POINT('',(284.96409648815154,604.65584198988972,-1.724559671495386));
#6968=CARTESIAN_POINT('',(285.07770551814406,604.51929274277586,-1.586470108530591));
#6969=CARTESIAN_POINT('',(285.19486251849378,604.37936127910859,-1.456652866785595));
#6970=CARTESIAN_POINT('',(285.3157383752332,604.23629502373819,-1.334649736220932));
#6971=CARTESIAN_POINT('',(285.42795493767056,604.10347773655178,-1.221386655504282));
#6972=CARTESIAN_POINT('',(285.54337652093392,603.96795890042358,-1.114858215372762));
#6973=CARTESIAN_POINT('',(285.66206255655533,603.83001947778598,-1.015084935014659));
#6974=CARTESIAN_POINT('',(285.67137434589972,603.81919711912201,-1.007256989932231));
#6975=CARTESIAN_POINT('',(285.68070656247244,603.8083595056678,-0.999470346387124));
#6976=CARTESIAN_POINT('',(285.6900592595502,603.79750674772117,-0.991725001829673));
#6977=CARTESIAN_POINT('',(285.80674950330047,603.66210078304221,-0.89508911842336));
#6978=CARTESIAN_POINT('',(285.92662771968685,603.5243375206876,-0.804881717137699));
#6979=CARTESIAN_POINT('',(286.04992170606783,603.38431369136435,-0.721243409607776));
#6980=CARTESIAN_POINT('',(286.06260862867731,603.36990527179546,-0.712637047156819));
#6981=CARTESIAN_POINT('',(286.07533394229722,603.35547035101058,-0.704098730441229));
#6982=CARTESIAN_POINT('',(286.08809742941821,603.34100958992292,-0.695629019714557));
#6983=CARTESIAN_POINT('',(286.20931362005541,603.20367420844354,-0.615191278809383));
#6984=CARTESIAN_POINT('',(286.33397860481301,603.06400560005568,-0.540956989281434));
#6985=CARTESIAN_POINT('',(286.46015626840597,602.92442508628358,-0.474052569715763));
#6986=CARTESIAN_POINT('',(286.47641268859365,602.90644187580654,-0.465432768667759));
#6987=CARTESIAN_POINT('',(286.49270324767093,602.88844994456713,-0.456929513217203));
#6988=CARTESIAN_POINT('',(286.50902458400469,602.87045363846096,-0.448545001552526));
#6989=CARTESIAN_POINT('',(286.65187432882271,602.71294400307556,-0.375160976664397));
#6990=CARTESIAN_POINT('',(286.79708237380891,602.5550996673893,-0.310879822018569));
#6991=CARTESIAN_POINT('',(286.94497835792072,602.39682798407239,-0.255408528443267));
#6992=CARTESIAN_POINT('',(287.07011803605076,602.26290908406759,-0.208472434369032));
#6993=CARTESIAN_POINT('',(287.19718234776695,602.12868388190611,-0.167841927674797));
#6994=CARTESIAN_POINT('',(287.32608267885161,601.99440589278584,-0.133635353299448));
#6995=CARTESIAN_POINT('',(287.34919929241107,601.97032486554633,-0.127500844920966));
#6996=CARTESIAN_POINT('',(287.37237268961502,601.94624424324547,-0.121573407454768));
#6997=CARTESIAN_POINT('',(287.39560439884042,601.92216334327225,-0.115853008044024));
#6998=CARTESIAN_POINT('',(287.54817398653302,601.76401686577697,-0.078285433008168));
#6999=CARTESIAN_POINT('',(287.70325335609522,601.60585840890258,-0.049629844385819));
#7000=CARTESIAN_POINT('',(287.86156228883522,601.44724103856447,-0.030193508152533));
#7001=CARTESIAN_POINT('',(287.99057157904417,601.31798039604735,-0.014354427575582));
#7002=CARTESIAN_POINT('',(288.12173321854965,601.188408626929,-0.004641414532404));
#7003=CARTESIAN_POINT('',(288.25359650249999,601.0600432621909,-0.001303775277514));
#7004=B_SPLINE_CURVE_WITH_KNOTS('',3,(#6940,#6941,#6942,#6943,#6944,#6945,#6946,#6947,#6948,#6949,#6950,#6951,#6952,#6953,#6954,#6955,#6956,#6957,#6958,#6959,#6960,#6961,#6962,#6963,#6964,#6965,#6966,#6967,#6968,#6969,#6970,#6971,#6972,#6973,#6974,#6975,#6976,#6977,#6978,#6979,#6980,#6981,#6982,#6983,#6984,#6985,#6986,#6987,#6988,#6989,#6990,#6991,#6992,#6993,#6994,#6995,#6996,#6997,#6998,#6999,#7000,#7001,#7002,#7003),.UNSPECIFIED.,.F.,.U.,(4,3,3,3,3,3,3,3,3,3,3,3,3,3,3,3,3,3,3,3,3,4),(3.664313E-011,0.124368560228374,0.186806659022825,0.249406782652046,0.312237483651565,0.375000000022876,0.437500000020584,0.43868925306171,0.500000000018291,0.502217625589409,0.565889471947391,0.625000000013718,0.62963765416156,0.687500000011432,0.693454021982387,0.750000000009145,0.757285244897594,0.821048122640658,0.875000000004572,0.884675574065044,0.948217964802495,0.999999999999999),.UNSPECIFIED.);
#7005=EDGE_CURVE('',#1767,#6939,#7004,.T.);
#7006=ORIENTED_EDGE('',*,*,#7005,.T.);
#7007=CARTESIAN_POINT('',(288.25359752439505,601.06004266815228,-0.001293754975834));
#7008=CARTESIAN_POINT('',(293.97536154511988,610.91300849388472,-0.000594736080174));
#7009=CARTESIAN_POINT('',(299.68496150768306,620.78530709720394,-0.000369315732159));
#7010=CARTESIAN_POINT('',(311.05914891793145,640.51435144087463,-0.000097465238523));
#7011=CARTESIAN_POINT('',(316.7359117325243,650.39228350207372,-0.000070443064586));
#7012=CARTESIAN_POINT('',(322.40182735685141,660.27636606671467,-0.000054859548611));
#7013=B_SPLINE_CURVE_WITH_KNOTS('',3,(#7007,#7008,#7009,#7010,#7011,#7012),.UNSPECIFIED.,.F.,.U.,(4,2,4),(-6.831986525431857,-3.417864139921411,-0.000000983123308),.UNSPECIFIED.);
#7014=EDGE_CURVE('',#6939,#3219,#7013,.T.);
#7015=ORIENTED_EDGE('',*,*,#7014,.T.);
#7016=ORIENTED_EDGE('',*,*,#3237,.F.);
#7017=EDGE_LOOP('',(#6937,#7006,#7015,#7016));
#7018=FACE_OUTER_BOUND('',#7017,.T.);
#7019=ADVANCED_FACE('',(#7018),#6936,.T.);
#7020=CARTESIAN_POINT('',(317.1749103343675,576.42848113967796,-148.17728403922729));
#7021=CARTESIAN_POINT('',(305.37651635968751,566.4096638322651,-130.14642917022667));
#7022=CARTESIAN_POINT('',(293.57053330289057,556.44076527733819,-112.09243904400147));
#7023=CARTESIAN_POINT('',(281.78312673063488,546.52422014289289,-93.995452632752148));
#7024=CARTESIAN_POINT('',(317.36818058589614,582.66945927016559,-144.44625914723014));
#7025=CARTESIAN_POINT('',(306.09330450415223,572.50082677138448,-126.83367102874946));
#7026=CARTESIAN_POINT('',(294.62913312806785,562.16149562968747,-108.92542418856851));
#7027=CARTESIAN_POINT('',(282.80041713499031,551.49416212616677,-90.449060552765758));
#7028=CARTESIAN_POINT('',(323.68029775658499,580.86219026808351,-141.3159774126795));
#7029=CARTESIAN_POINT('',(311.86960157715345,570.54960010236618,-123.45404728802144));
#7030=CARTESIAN_POINT('',(300.03115005614194,560.24494032500274,-105.60585299891591));
#7031=CARTESIAN_POINT('',(288.16320297442633,549.94879583388877,-87.772407618235917));
#7039=(BOUNDED_SURFACE()B_SPLINE_SURFACE(3,2,((#7020,#7024,#7028),(#7021,#7025,#7029),(#7022,#7026,#7030),(#7023,#7027,#7031)),.UNSPECIFIED.,.F.,.F.,.F.)B_SPLINE_SURFACE_WITH_KNOTS((4,4),(3,3),(0.350392254915574,0.421694061997134),(0.0,1.0),.UNSPECIFIED.)GEOMETRIC_REPRESENTATION_ITEM()RATIONAL_B_SPLINE_SURFACE(((1.0,0.717850585592664,1.0),(1.0,0.73358631749381,1.0),(1.0,0.751360396777257,1.0),(1.0,0.771263376854576,1.0)))REPRESENTATION_ITEM('')SURFACE());
#7040=ORIENTED_EDGE('',*,*,#2300,.F.);
#7041=CARTESIAN_POINT('',(288.25359650250368,550.16557886262206,-88.150494388776252));
#7042=VERTEX_POINT('',#7041);
#7043=CARTESIAN_POINT('',(283.16873095990326,547.69006141092018,-96.122404060910725));
#7044=CARTESIAN_POINT('',(283.23520213008055,548.04382771765017,-95.864447986795454));
#7045=CARTESIAN_POINT('',(283.32305300997081,548.36599393771291,-95.582755074644453));
#7046=CARTESIAN_POINT('',(283.4316820968798,548.65940737428582,-95.279935822948062));
#7047=CARTESIAN_POINT('',(283.48621833698678,548.80671290803275,-95.127908185696825));
#7048=CARTESIAN_POINT('',(283.54600644404997,548.94674167340088,-94.970526230124165));
#7049=CARTESIAN_POINT('',(283.61127013263615,549.07954236102125,-94.807931903051667));
#7050=CARTESIAN_POINT('',(283.67670317837059,549.21268766210471,-94.644915648990931));
#7051=CARTESIAN_POINT('',(283.74795115706303,549.33922919062627,-94.475822770810765));
#7052=CARTESIAN_POINT('',(283.82393896961037,549.45704809978122,-94.303811759832499));
#7053=CARTESIAN_POINT('',(283.90020667090204,549.57530097571885,-94.131167174281245));
#7054=CARTESIAN_POINT('',(283.98105354958466,549.6844966992179,-93.956046697394726));
#7055=CARTESIAN_POINT('',(284.06627816930211,549.78509190865009,-93.779064110551019));
#7056=CARTESIAN_POINT('',(284.15141030224311,549.88557795095812,-93.602273587326792));
#7057=CARTESIAN_POINT('',(284.2409149767642,549.97748719569893,-93.42361426905525));
#7058=CARTESIAN_POINT('',(284.33501529034135,550.06132980114944,-93.243026669000258));
#7059=CARTESIAN_POINT('',(284.4287220111417,550.14482171867303,-93.063194411539399));
#7060=CARTESIAN_POINT('',(284.52692355383033,550.22023705626577,-92.881586471927037));
#7061=CARTESIAN_POINT('',(284.62988255766112,550.28765370408814,-92.698391488644972));
#7062=CARTESIAN_POINT('',(284.63184166659505,550.28893651134285,-92.694905645590552));
#7063=CARTESIAN_POINT('',(284.63380262838422,550.29021651116489,-92.691418984141762));
#7064=CARTESIAN_POINT('',(284.63576544351332,550.29149370201469,-92.687931508457467));
#7065=CARTESIAN_POINT('',(284.73695640758683,550.35733799447007,-92.508138199635113));
#7066=CARTESIAN_POINT('',(284.84308256010598,550.41569645018785,-92.326181390848859));
#7067=CARTESIAN_POINT('',(284.952238807681,550.46570096705591,-92.145750024648862));
#7068=CARTESIAN_POINT('',(284.95618701738016,550.46750964336059,-92.139223775479465));
#7069=CARTESIAN_POINT('',(284.9601396013245,550.4693076132271,-92.132698846702311));
#7070=CARTESIAN_POINT('',(284.9640964881491,550.47109484312568,-92.126175381973511));
#7071=CARTESIAN_POINT('',(285.07770551814144,550.52240928909396,-91.938875483623036));
#7072=CARTESIAN_POINT('',(285.19486251849099,550.56486858646076,-91.75278266042595));
#7073=CARTESIAN_POINT('',(285.31573837523024,550.59899326918583,-91.567882083568747));
#7074=CARTESIAN_POINT('',(285.42795493766897,550.6306733308046,-91.396227398443216));
#7075=CARTESIAN_POINT('',(285.54337652093386,550.65517024812027,-91.225600423597342));
#7076=CARTESIAN_POINT('',(285.6620625565568,550.67260673221062,-91.056254739228635));
#7077=CARTESIAN_POINT('',(285.67137434589966,550.67397475217922,-91.042968329157802));
#7078=CARTESIAN_POINT('',(285.68070656247079,550.67529937657207,-91.029689358819724));
#7079=CARTESIAN_POINT('',(285.69005925954696,550.67658066274635,-91.016417922460221));
#7080=CARTESIAN_POINT('',(285.80674950329882,550.69256681035392,-90.850834975518836));
#7081=CARTESIAN_POINT('',(285.92662771968685,550.70180708029966,-90.686424789966352));
#7082=CARTESIAN_POINT('',(286.04992170606954,550.70422806468844,-90.523341442870048));
#7083=CARTESIAN_POINT('',(286.06260862867725,550.70447718342064,-90.506560204271835));
#7084=CARTESIAN_POINT('',(286.07533394229534,550.7046541222096,-90.489790037815141));
#7085=CARTESIAN_POINT('',(286.08809742941457,550.70475872631778,-90.473031795994117));
#7086=CARTESIAN_POINT('',(286.20931362005348,550.70575216262523,-90.313876996339701));
#7087=CARTESIAN_POINT('',(286.33397860481284,550.70020663899425,-90.15580328859825));
#7088=CARTESIAN_POINT('',(286.46015626840767,550.68835730907733,-90.001470808013181));
#7089=CARTESIAN_POINT('',(286.47641268859337,550.68683067052223,-89.981586990376883));
#7090=CARTESIAN_POINT('',(286.49270324766871,550.68519874013782,-89.961753893137541));
#7091=CARTESIAN_POINT('',(286.50902458400043,550.68346178718491,-89.941976379045371));
#7092=CARTESIAN_POINT('',(286.65187432881817,550.66825939927742,-89.768877021016408));
#7093=CARTESIAN_POINT('',(286.7970823738026,550.6450063443416,-89.600039239145161));
#7094=CARTESIAN_POINT('',(286.94497835791458,550.61391005210021,-89.435236293905206));
#7095=CARTESIAN_POINT('',(287.07011803604689,550.58759845192014,-89.295791077414606));
#7096=CARTESIAN_POINT('',(287.19718234776667,550.55567290180511,-89.159233389165365));
#7097=CARTESIAN_POINT('',(287.3260826788532,550.51815766962977,-89.025841952227978));
#7098=CARTESIAN_POINT('',(287.34919929241022,550.5114297961062,-89.001919916702491));
#7099=CARTESIAN_POINT('',(287.37237268961144,550.50452279638137,-88.978101767320084));
#7100=CARTESIAN_POINT('',(287.3956043988336,550.4974363576049,-88.954386896494128));
#7101=CARTESIAN_POINT('',(287.54817398652381,550.45089759319501,-88.798644241941801));
#7102=CARTESIAN_POINT('',(287.70325335606753,550.39663483245999,-88.647347206146932));
#7103=CARTESIAN_POINT('',(287.86156228881538,550.33415850822496,-88.50026236583453));
#7104=CARTESIAN_POINT('',(287.99057157902757,550.28324523311937,-88.380399825418635));
#7105=CARTESIAN_POINT('',(288.12173321855403,550.22687106460705,-88.263330875232612));
#7106=CARTESIAN_POINT('',(288.25359650250368,550.16557886262206,-88.150494388776252));
#7107=B_SPLINE_CURVE_WITH_KNOTS('',3,(#7043,#7044,#7045,#7046,#7047,#7048,#7049,#7050,#7051,#7052,#7053,#7054,#7055,#7056,#7057,#7058,#7059,#7060,#7061,#7062,#7063,#7064,#7065,#7066,#7067,#7068,#7069,#7070,#7071,#7072,#7073,#7074,#7075,#7076,#7077,#7078,#7079,#7080,#7081,#7082,#7083,#7084,#7085,#7086,#7087,#7088,#7089,#7090,#7091,#7092,#7093,#7094,#7095,#7096,#7097,#7098,#7099,#7100,#7101,#7102,#7103,#7104,#7105,#7106),.UNSPECIFIED.,.F.,.U.,(4,3,3,3,3,3,3,3,3,3,3,3,3,3,3,3,3,3,3,3,3,4),(3.661820E-011,0.124368560228195,0.186806659022594,0.249406782651744,0.31223748365133,0.375000000022905,0.43750000002062,0.438689253061232,0.500000000018335,0.50221762558883,0.565889471946726,0.625000000013746,0.629637654160821,0.687500000011452,0.693454021981575,0.750000000009158,0.757285244896716,0.82104812263978,0.875000000004579,0.884675574064052,0.948217964802746,1.0),.UNSPECIFIED.);
#7108=EDGE_CURVE('',#2188,#7042,#7107,.T.);
#7109=ORIENTED_EDGE('',*,*,#7108,.T.);
#7110=CARTESIAN_POINT('',(288.2535975249283,550.1655872432882,-88.150488863904741));
#7111=CARTESIAN_POINT('',(293.97536155871256,555.09267552775088,-96.683058068312263));
#7112=CARTESIAN_POINT('',(299.68496157916223,560.02902010140338,-105.23260683284707));
#7113=CARTESIAN_POINT('',(311.05914890778422,569.89377763407083,-122.31832438270851));
#7114=CARTESIAN_POINT('',(316.73591175000064,574.83276709092615,-130.87285101563171));
#7115=CARTESIAN_POINT('',(322.40182735711187,579.77482185751296,-139.43270979812436));
#7116=B_SPLINE_CURVE_WITH_KNOTS('',3,(#7110,#7111,#7112,#7113,#7114,#7115),.UNSPECIFIED.,.F.,.U.,(4,2,4),(-6.831986479206004,-3.417864131396341,-0.000000983131456),.UNSPECIFIED.);
#7117=EDGE_CURVE('',#7042,#3272,#7116,.T.);
#7118=ORIENTED_EDGE('',*,*,#7117,.T.);
#7119=ORIENTED_EDGE('',*,*,#3290,.F.);
#7120=EDGE_LOOP('',(#7040,#7109,#7118,#7119));
#7121=FACE_OUTER_BOUND('',#7120,.T.);
#7122=ADVANCED_FACE('',(#7121),#7039,.T.);
#7123=CARTESIAN_POINT('',(317.17491033436744,409.52563466212524,-140.90692598776133));
#7124=CARTESIAN_POINT('',(305.37651635850699,420.13140438109133,-123.21494824894275));
#7125=CARTESIAN_POINT('',(293.57053330934662,430.78216917903819,-105.55463379884608));
#7126=CARTESIAN_POINT('',(281.78312673063499,441.49634658530601,-87.918160579908204));
#7127=CARTESIAN_POINT('',(317.36818058589597,415.87728606599075,-144.44625914722826));
#7128=CARTESIAN_POINT('',(306.09330450809432,426.04591855154985,-126.83367103176374));
#7129=CARTESIAN_POINT('',(294.62913312937371,436.38524967508653,-108.92542417469357));
#7130=CARTESIAN_POINT('',(282.80041713499043,447.0525832099911,-90.449060552765019));
#7131=CARTESIAN_POINT('',(323.68029775658499,417.68455506807294,-141.31597741267774));
#7132=CARTESIAN_POINT('',(311.86960156857759,427.99714523669132,-123.45404728299586));
#7133=CARTESIAN_POINT('',(300.03115005878072,438.30180500422671,-105.60585301091487));
#7134=CARTESIAN_POINT('',(288.16320297442644,448.5979495022691,-87.772407618235178));
#7142=(BOUNDED_SURFACE()B_SPLINE_SURFACE(3,2,((#7123,#7127,#7131),(#7124,#7128,#7132),(#7125,#7129,#7133),(#7126,#7130,#7134)),.UNSPECIFIED.,.F.,.F.,.F.)B_SPLINE_SURFACE_WITH_KNOTS((4,4),(3,3),(0.350392254915573,0.421694061997133),(0.0,1.0),.UNSPECIFIED.)GEOMETRIC_REPRESENTATION_ITEM()RATIONAL_B_SPLINE_SURFACE(((1.0,0.717850585592664,1.0),(1.0,0.7335863176363,1.0),(1.0,0.751360397021336,1.0),(1.0,0.771263376854574,1.0)))REPRESENTATION_ITEM('')SURFACE());
#7143=ORIENTED_EDGE('',*,*,#2721,.F.);
#7144=CARTESIAN_POINT('',(288.25359650249914,448.37890826851145,-88.149190613499712));
#7145=VERTEX_POINT('',#7144);
#7146=CARTESIAN_POINT('',(283.1687309599032,440.23727324991847,-89.991284448879043));
#7147=CARTESIAN_POINT('',(283.23520213016138,440.63755291646004,-90.16867702057462));
#7148=CARTESIAN_POINT('',(283.32305300998252,441.04258924453694,-90.30683469522215));
#7149=CARTESIAN_POINT('',(283.43168209688554,441.45154512755585,-90.409528559236946));
#7150=CARTESIAN_POINT('',(283.48621833698945,441.6568576903702,-90.461085074943583));
#7151=CARTESIAN_POINT('',(283.54600644405116,441.86316884467772,-90.50366256522841));
#7152=CARTESIAN_POINT('',(283.61127013263763,442.07038000624351,-90.537374170813933));
#7153=CARTESIAN_POINT('',(283.67670317837252,442.27812887403138,-90.571173256919067));
#7154=CARTESIAN_POINT('',(283.74795115706422,442.48783836639632,-90.596214996159162));
#7155=CARTESIAN_POINT('',(283.82393896961185,442.69571372621192,-90.612243659043543));
#7156=CARTESIAN_POINT('',(283.90020667090374,442.90435476109405,-90.628331360899779));
#7157=CARTESIAN_POINT('',(283.9810535495867,443.11061140455035,-90.635337392991829));
#7158=CARTESIAN_POINT('',(284.06627816930393,443.31418042550047,-90.63396410643719));
#7159=CARTESIAN_POINT('',(284.15141030224424,443.51752853091352,-90.632592310189551));
#7160=CARTESIAN_POINT('',(284.24091497676409,443.71820666152826,-90.622858391841362));
#7161=CARTESIAN_POINT('',(284.33501529034066,443.91652141350846,-90.605174418053707));
#7162=CARTESIAN_POINT('',(284.42872201114091,444.11400667565124,-90.587564410909422));
#7163=CARTESIAN_POINT('',(284.52692355382942,444.3089914336806,-90.562072039293639));
#7164=CARTESIAN_POINT('',(284.6298825576601,444.50135126695989,-90.528859077304901));
#7165=CARTESIAN_POINT('',(284.63184166659505,444.50501149922792,-90.528227099448003));
#7166=CARTESIAN_POINT('',(284.63380262838524,444.50867103652996,-90.527592281085958));
#7167=CARTESIAN_POINT('',(284.63576544351542,444.51232987449453,-90.526954622964894));
#7168=CARTESIAN_POINT('',(284.73695640758797,444.70095759359094,-90.494080798514673));
#7169=CARTESIAN_POINT('',(284.84308256010587,444.88771604024811,-90.453642299299148));
#7170=CARTESIAN_POINT('',(284.95223880767969,445.06897644544887,-90.406731798111394));
#7171=CARTESIAN_POINT('',(284.95618701738022,445.07553268117562,-90.40503503315324));
#7172=CARTESIAN_POINT('',(284.96013960132592,445.08208242018986,-90.403329656343644));
#7173=CARTESIAN_POINT('',(284.96409648815182,445.08862552131734,-90.401615710473322));
#7174=CARTESIAN_POINT('',(285.07770551814451,445.27648921439925,-90.352405375087542));
#7175=CARTESIAN_POINT('',(285.19486251849423,445.45887997543332,-90.296129793635316));
#7176=CARTESIAN_POINT('',(285.31573837523359,445.63607091352867,-90.233232347342494));
#7177=CARTESIAN_POINT('',(285.42795493767073,445.80056826233289,-90.1748407429358));
#7178=CARTESIAN_POINT('',(285.54337652093392,445.96058401577585,-90.110742208223499));
#7179=CARTESIAN_POINT('',(285.66206255655504,446.11595992250341,-90.041169804215116));
#7180=CARTESIAN_POINT('',(285.67137434589978,446.1281503011366,-90.035711339224335));
#7181=CARTESIAN_POINT('',(285.68070656247278,446.14031253898429,-90.030219012429015));
#7182=CARTESIAN_POINT('',(285.69005925955076,446.15244658310587,-90.024692920624588));
#7183=CARTESIAN_POINT('',(285.80674950330075,446.30383869539207,-89.955745857091927));
#7184=CARTESIAN_POINT('',(285.92662771968673,446.45084222769174,-89.881543072827668));
#7185=CARTESIAN_POINT('',(286.04992170606744,446.59328704140353,-89.802098033263675));
#7186=CARTESIAN_POINT('',(286.06260862867725,446.60794457970502,-89.793923157113852));
#7187=CARTESIAN_POINT('',(286.07533394229739,446.62255643927904,-89.7856913073702));
#7188=CARTESIAN_POINT('',(286.08809742941878,446.63712180447533,-89.777402776273277));
#7189=CARTESIAN_POINT('',(286.20931362005564,446.77545062226147,-89.698685717526644));
#7190=CARTESIAN_POINT('',(286.3339786048129,446.90957370701796,-89.614846299315786));
#7191=CARTESIAN_POINT('',(286.46015626840557,447.03730489087297,-89.527418238299049));
#7192=CARTESIAN_POINT('',(286.47641268859377,447.05376146279514,-89.516154221708021));
#7193=CARTESIAN_POINT('',(286.4927032476715,447.07012146365037,-89.504824379916499));
#7194=CARTESIAN_POINT('',(286.50902458400572,447.08638081680385,-89.493431377486331));
#7195=CARTESIAN_POINT('',(286.65187432882414,447.22868806428187,-89.393716044345766));
#7196=CARTESIAN_POINT('',(286.79708237380964,447.36327934503174,-89.28915941712259));
#7197=CARTESIAN_POINT('',(286.94497835792231,447.49045473610772,-89.179827765457162));
#7198=CARTESIAN_POINT('',(287.07011803605138,447.59806203593172,-89.087318643043716));
#7199=CARTESIAN_POINT('',(287.19718234776781,447.7003616879789,-88.991391461489513));
#7200=CARTESIAN_POINT('',(287.32608267885132,447.79712444492372,-88.892206598931338));
#7201=CARTESIAN_POINT('',(287.34919929241181,447.81447759863977,-88.874419071781219));
#7202=CARTESIAN_POINT('',(287.37237268961655,447.83165122121557,-88.856528359862509));
#7203=CARTESIAN_POINT('',(287.39560439884235,447.8486456824117,-88.83853388844544));
#7204=CARTESIAN_POINT('',(287.54817398654001,447.9602533955001,-88.720358808934421));
#7205=CARTESIAN_POINT('',(287.70325335609493,448.06414909162913,-88.597717361792803));
#7206=CARTESIAN_POINT('',(287.86156228884698,448.16029013774096,-88.470068857701051));
#7207=CARTESIAN_POINT('',(287.99057157904849,448.23863750514795,-88.366045397862948));
#7208=CARTESIAN_POINT('',(288.1217332185592,448.31183510576346,-88.258689460692466));
#7209=CARTESIAN_POINT('',(288.25359650249914,448.37890826851145,-88.149190613499712));
#7210=B_SPLINE_CURVE_WITH_KNOTS('',3,(#7146,#7147,#7148,#7149,#7150,#7151,#7152,#7153,#7154,#7155,#7156,#7157,#7158,#7159,#7160,#7161,#7162,#7163,#7164,#7165,#7166,#7167,#7168,#7169,#7170,#7171,#7172,#7173,#7174,#7175,#7176,#7177,#7178,#7179,#7180,#7181,#7182,#7183,#7184,#7185,#7186,#7187,#7188,#7189,#7190,#7191,#7192,#7193,#7194,#7195,#7196,#7197,#7198,#7199,#7200,#7201,#7202,#7203,#7204,#7205,#7206,#7207,#7208,#7209),.UNSPECIFIED.,.F.,.U.,(4,3,3,3,3,3,3,3,3,3,3,3,3,3,3,3,3,3,3,3,3,4),(3.662771E-011,0.12436856022838,0.186806659022842,0.249406782652094,0.312237483651668,0.375000000022841,0.437500000020544,0.438689253061801,0.500000000018247,0.502217625589501,0.565889471947486,0.625000000013673,0.629637654161666,0.687500000011391,0.693454021982505,0.750000000009109,0.757285244897777,0.821048122641128,0.875000000004554,0.884675574065455,0.948217964806525,1.0),.UNSPECIFIED.);
#7211=EDGE_CURVE('',#2609,#7145,#7210,.T.);
#7212=ORIENTED_EDGE('',*,*,#7211,.T.);
#7213=CARTESIAN_POINT('',(288.25359752462657,448.37891724343092,-88.149195109079244));
#7214=CARTESIAN_POINT('',(293.97536154654472,443.45303970427864,-96.682463316302005));
#7215=CARTESIAN_POINT('',(299.68496156092056,438.51708557628029,-105.23223749063877));
#7216=CARTESIAN_POINT('',(311.05914891181646,428.65279888321373,-122.31822692456237));
#7217=CARTESIAN_POINT('',(316.73591175062552,423.71385623235665,-130.87278057590117));
#7218=CARTESIAN_POINT('',(322.4018273568206,418.77182845898562,-139.43265493880381));
#7219=B_SPLINE_CURVE_WITH_KNOTS('',3,(#7213,#7214,#7215,#7216,#7217,#7218),.UNSPECIFIED.,.F.,.U.,(4,2,4),(-6.831986488667694,-3.417864130324116,-0.00000098312235),.UNSPECIFIED.);
#7220=EDGE_CURVE('',#7145,#3325,#7219,.T.);
#7221=ORIENTED_EDGE('',*,*,#7220,.T.);
#7222=ORIENTED_EDGE('',*,*,#3343,.F.);
#7223=EDGE_LOOP('',(#7143,#7212,#7221,#7222));
#7224=FACE_OUTER_BOUND('',#7223,.T.);
#7225=ADVANCED_FACE('',(#7224),#7142,.T.);
#7226=CARTESIAN_POINT('',(293.49729522002292,458.77120532780089,87.974744336835727));
#7227=CARTESIAN_POINT('',(299.49770509173521,453.5038045737889,96.672492440834048));
#7228=CARTESIAN_POINT('',(311.41420807419308,442.97101547253874,114.12045650246102));
#7229=CARTESIAN_POINT('',(323.20990471547907,432.45373479719859,131.6492879339238));
#7230=CARTESIAN_POINT('',(329.08609373604122,427.20001171667764,140.42928476493378));
#7231=CARTESIAN_POINT('',(294.97084725016208,451.48509353312818,82.771727468020572));
#7232=CARTESIAN_POINT('',(300.60891589519849,446.41144948010771,91.559536751834258));
#7233=CARTESIAN_POINT('',(311.93582315838091,436.21401917287898,109.22200413735668));
#7234=CARTESIAN_POINT('',(323.56377412959296,425.74066173943993,127.36239135958293));
#7235=CARTESIAN_POINT('',(329.3543893254282,420.52432381908085,136.39735365419014));
#7236=CARTESIAN_POINT('',(287.14094731832029,449.19256042188886,86.742511294721098));
#7237=CARTESIAN_POINT('',(293.09863146791452,444.10560328190343,95.553379517100993));
#7238=CARTESIAN_POINT('',(304.95299201268494,433.91370003694198,113.2062737631995));
#7239=CARTESIAN_POINT('',(316.71894556872695,423.69622684588865,130.9034564550777));
#7240=CARTESIAN_POINT('',(322.58564913820101,418.58284138360779,139.76009987443206));
#7248=(BOUNDED_SURFACE()B_SPLINE_SURFACE(3,2,((#7226,#7231,#7236),(#7227,#7232,#7237),(#7228,#7233,#7238),(#7229,#7234,#7239),(#7230,#7235,#7240)),.UNSPECIFIED.,.F.,.F.,.F.)B_SPLINE_SURFACE_WITH_KNOTS((4,1,4),(3,3),(0.109813051472553,0.145181444255442,0.180549837038332),(-0.000057278704482,1.0),.UNSPECIFIED.)GEOMETRIC_REPRESENTATION_ITEM()RATIONAL_B_SPLINE_SURFACE(((1.000041570842218,0.637117820713687,1.0),(1.000040295242975,0.648252842491691,1.0),(1.000037977480928,0.668485161536605,1.0),(1.000036054228756,0.685273706149353,1.0),(1.000035173326307,0.692963321836666,1.0)))REPRESENTATION_ITEM('')SURFACE());
#7249=CARTESIAN_POINT('',(288.23834237694905,448.39232265306418,88.131112807052588));
#7250=VERTEX_POINT('',#7249);
#7251=CARTESIAN_POINT('',(288.1737248406547,448.35028312302359,88.200352985368994));
#7252=DIRECTION('',(-0.015824563160373,0.861254905373334,0.507926737995898));
#7253=DIRECTION('',(0.402828036477734,-0.459448419680136,0.79160389253775));
#7254=AXIS2_PLACEMENT_3D('',#7251,#7252,#7253);
#7255=ELLIPSE('',#7254,0.13790140954177,0.097930070602525);
#7256=EDGE_CURVE('',#6733,#7250,#7255,.T.);
#7257=ORIENTED_EDGE('',*,*,#7256,.T.);
#7258=CARTESIAN_POINT('',(288.23834246215119,448.39232269568635,88.131112737478503));
#7259=CARTESIAN_POINT('',(288.40915839971865,448.47777309652872,87.991628250907439));
#7260=CARTESIAN_POINT('',(288.58166614676833,448.57165105786089,87.858782236042444));
#7261=CARTESIAN_POINT('',(288.75366468378991,448.67278162313454,87.734182816758477));
#7262=CARTESIAN_POINT('',(288.78282345690792,448.68992620621754,87.713059577802781));
#7263=CARTESIAN_POINT('',(288.81196775327737,448.70727995729283,87.692173904453767));
#7264=CARTESIAN_POINT('',(288.8411010344791,448.7248448437374,87.671521790464681));
#7265=CARTESIAN_POINT('',(289.0166781610568,448.83070289210673,87.547057992279505));
#7266=CARTESIAN_POINT('',(289.19185220950305,448.9442227084246,87.431090515440943));
#7267=CARTESIAN_POINT('',(289.36653180228848,449.0653231349242,87.323392362154408));
#7268=CARTESIAN_POINT('',(289.39180626053155,449.08284520275129,87.307809474452966));
#7269=CARTESIAN_POINT('',(289.41707036615207,449.10052596097893,87.292399689600074));
#7270=CARTESIAN_POINT('',(289.44232353926776,449.11836615216225,87.277163119012755));
#7271=CARTESIAN_POINT('',(289.61993089757482,449.24383748256707,87.17000323699412));
#7272=CARTESIAN_POINT('',(289.79701208915901,449.37719790031042,87.071412169147891));
#7273=CARTESIAN_POINT('',(289.97337118291875,449.51872065889859,86.98141756237564));
#7274=CARTESIAN_POINT('',(289.99539360832989,449.53639297921143,86.970179698351785));
#7275=CARTESIAN_POINT('',(290.01740477087867,449.55419257924848,86.959075877925486));
#7276=CARTESIAN_POINT('',(290.03940469174682,449.57212114856827,86.948106347098673));
#7277=CARTESIAN_POINT('',(290.11778954071912,449.63599993280764,86.90902234210121));
#7278=CARTESIAN_POINT('',(290.19603428187332,449.70151853010918,86.871641791138501));
#7279=CARTESIAN_POINT('',(290.27412269159919,449.76873709296143,86.835984726947814));
#7280=CARTESIAN_POINT('',(290.37402592976071,449.85473387682555,86.790366482338982));
#7281=CARTESIAN_POINT('',(290.47367354010657,449.9435136754928,86.747569368459168));
#7282=CARTESIAN_POINT('',(290.57193632501742,450.03412700815232,86.708004673877298));
#7283=CARTESIAN_POINT('',(290.59105481591058,450.05175718397948,86.700306772237937));
#7284=CARTESIAN_POINT('',(290.61012088066497,450.06945673880688,86.692731210967239));
#7285=CARTESIAN_POINT('',(290.62913442326447,450.08722580525773,86.685277178021565));
#7286=CARTESIAN_POINT('',(290.80530805630463,450.25186850537523,86.616210403223079));
#7287=CARTESIAN_POINT('',(290.97717770816098,450.42267936967249,86.557493120974499));
#7288=CARTESIAN_POINT('',(291.1447919330306,450.59994044437292,86.508461998706551));
#7289=CARTESIAN_POINT('',(291.33013192535708,450.79594747331282,86.454245670516201));
#7290=CARTESIAN_POINT('',(291.5102691861531,450.99984188825022,86.411872408770947));
#7291=CARTESIAN_POINT('',(291.68441054860102,451.21173649464987,86.381039633644377));
#7292=CARTESIAN_POINT('',(291.69805612715243,451.22834038734715,86.378623601927188));
#7293=CARTESIAN_POINT('',(291.71166489821962,451.24499338805504,86.376278406390298));
#7294=CARTESIAN_POINT('',(291.72523694494492,451.26169649882081,86.374004002306265));
#7295=CARTESIAN_POINT('',(291.79820041852486,451.3514926073758,86.361776780748954));
#7296=CARTESIAN_POINT('',(291.87008794614957,451.4427202133374,86.351596851274337));
#7297=CARTESIAN_POINT('',(291.94092538472847,451.53554769819942,86.343453987763255));
#7298=CARTESIAN_POINT('',(292.02492305802861,451.64562074577339,86.333798336702841));
#7299=CARTESIAN_POINT('',(292.10744441120664,451.75794349847445,86.327006899186145));
#7300=CARTESIAN_POINT('',(292.18754876055209,451.87135682414191,86.3230731874893));
#7301=CARTESIAN_POINT('',(292.19886680790188,451.88738113993116,86.322517388264814));
#7302=CARTESIAN_POINT('',(292.21013659831544,451.90342722548388,86.322018642333077));
#7303=CARTESIAN_POINT('',(292.22135813892226,451.91949523801395,86.321576603202686));
#7304=CARTESIAN_POINT('',(292.36889061969941,452.13074553178279,86.315765001053663));
#7305=CARTESIAN_POINT('',(292.50810575018539,452.34583377403618,86.319753473785994));
#7306=CARTESIAN_POINT('',(292.63887170269118,452.56489210860536,86.332738823148532));
#7307=CARTESIAN_POINT('',(292.64781363839398,452.57987158533723,86.333626777213453));
#7308=CARTESIAN_POINT('',(292.65671608411634,452.59486961796529,86.334556779633132));
#7309=CARTESIAN_POINT('',(292.66557885733511,452.60988619299729,86.335528679311665));
#7310=CARTESIAN_POINT('',(292.79614016075902,452.83110178328138,86.349846149215637));
#7311=CARTESIAN_POINT('',(292.9181126593507,453.05636506997524,86.373256032467253));
#7312=CARTESIAN_POINT('',(293.03105757819731,453.28594084079526,86.405317579698618));
#7313=CARTESIAN_POINT('',(293.03790008802781,453.29984916429248,86.407259955277382));
#7314=CARTESIAN_POINT('',(293.04470945027401,453.31377332209109,86.409234097416402));
#7315=CARTESIAN_POINT('',(293.051485667728,453.32771382882572,86.41124006578714));
#7316=CARTESIAN_POINT('',(293.10442710898957,453.43662865091608,86.426912357503454));
#7317=CARTESIAN_POINT('',(293.15529677961513,453.54643943048791,86.444511948730366));
#7318=CARTESIAN_POINT('',(293.20412706247402,453.65743782042512,86.464068873601306));
#7319=CARTESIAN_POINT('',(293.25921190535371,453.78265374201362,86.486130800558371));
#7320=CARTESIAN_POINT('',(293.31170202040261,453.90938128903252,86.510683458439829));
#7321=CARTESIAN_POINT('',(293.36102601929025,454.03643695724622,86.537429382367122));
#7322=CARTESIAN_POINT('',(293.36595065592053,454.04912252637865,86.540099765135224));
#7323=CARTESIAN_POINT('',(293.37084371373521,454.06181136497662,86.542792021798149));
#7324=CARTESIAN_POINT('',(293.37570521409924,454.07450355242838,86.545506074991351));
#7325=CARTESIAN_POINT('',(293.46823194686851,454.31606820298293,86.597161419170575));
#7326=CARTESIAN_POINT('',(293.54910903850265,454.55826708036579,86.65658281720718));
#7327=CARTESIAN_POINT('',(293.61841792779643,454.80113299376262,86.723040244282942));
#7328=CARTESIAN_POINT('',(293.69140786269793,455.05689769276796,86.793027273730473));
#7329=CARTESIAN_POINT('',(293.75156883139465,455.31340219276228,86.870817834385946));
#7330=CARTESIAN_POINT('',(293.79866413707413,455.5709516569396,86.956106268866208));
#7331=CARTESIAN_POINT('',(293.80033867188638,455.5801091629254,86.959138810020136));
#7332=CARTESIAN_POINT('',(293.80199668056389,455.58926799056098,86.962180834871333));
#7333=CARTESIAN_POINT('',(293.80363814018938,455.59842824254918,86.965232381780794));
#7334=CARTESIAN_POINT('',(293.82508108594385,455.71809173194185,87.005095777645892));
#7335=CARTESIAN_POINT('',(293.84368704853239,455.8379287305309,87.046560024924588));
#7336=CARTESIAN_POINT('',(293.85941275623196,455.95815885431279,87.089703323015115));
#7337=CARTESIAN_POINT('',(293.87635245593424,456.08767049416622,87.136177194193408));
#7338=CARTESIAN_POINT('',(293.88995004843395,456.21763796000903,87.184599215963118));
#7339=CARTESIAN_POINT('',(293.90004531006571,456.34700379763285,87.234562161295514));
#7340=CARTESIAN_POINT('',(293.91014463542882,456.47642170998432,87.284545218635984));
#7341=CARTESIAN_POINT('',(293.91673886001695,456.60523774294376,87.336070522682249));
#7342=CARTESIAN_POINT('',(293.91986979500462,456.7330561204505,87.388932031033704));
#7343=CARTESIAN_POINT('',(293.92300135496072,456.86090001188495,87.441804091112729));
#7344=CARTESIAN_POINT('',(293.92266823910347,456.9877459224943,87.4960129241815));
#7345=CARTESIAN_POINT('',(293.9189514342915,457.11373706022891,87.551553834180922));
#7346=CARTESIAN_POINT('',(293.91880953409395,457.11854715067989,87.553674275393121));
#7347=CARTESIAN_POINT('',(293.91866270162257,457.12335599515188,87.555796658319906));
#7348=CARTESIAN_POINT('',(293.9185109359953,457.12816359313672,87.557920984938875));
#7349=CARTESIAN_POINT('',(293.90274861915367,457.62747878083155,87.778552690797227));
#7350=CARTESIAN_POINT('',(293.83379020052104,458.11284326583831,88.019873282409293));
#7351=CARTESIAN_POINT('',(293.71083723544234,458.58329621153257,88.28378176521953));
#7352=B_SPLINE_CURVE_WITH_KNOTS('',3,(#7258,#7259,#7260,#7261,#7262,#7263,#7264,#7265,#7266,#7267,#7268,#7269,#7270,#7271,#7272,#7273,#7274,#7275,#7276,#7277,#7278,#7279,#7280,#7281,#7282,#7283,#7284,#7285,#7286,#7287,#7288,#7289,#7290,#7291,#7292,#7293,#7294,#7295,#7296,#7297,#7298,#7299,#7300,#7301,#7302,#7303,#7304,#7305,#7306,#7307,#7308,#7309,#7310,#7311,#7312,#7313,#7314,#7315,#7316,#7317,#7318,#7319,#7320,#7321,#7322,#7323,#7324,#7325,#7326,#7327,#7328,#7329,#7330,#7331,#7332,#7333,#7334,#7335,#7336,#7337,#7338,#7339,#7340,#7341,#7342,#7343,#7344,#7345,#7346,#7347,#7348,#7349,#7350,#7351),.UNSPECIFIED.,.F.,.U.,(4,3,3,3,3,3,3,3,3,3,3,3,3,3,3,3,3,3,3,3,3,3,3,3,3,3,3,3,3,3,3,4),(8.885245E-009,0.053440316179438,0.06250000832992,0.117099924640307,0.125000007774594,0.1805618529914,0.187500007219268,0.212220376649504,0.24384664440552,0.250000006663942,0.307015167242605,0.370059872621061,0.37500000555329,0.401558214935991,0.433050429221523,0.437500004997965,0.49599972225654,0.500000004442639,0.558929872485984,0.562500003887314,0.590392836896663,0.621858399531794,0.625000003331989,0.684792724410469,0.747761080469434,0.750000002221326,0.779247799078122,0.810753465161408,0.842271813487616,0.873796453216319,0.875000001110663,1.0),.UNSPECIFIED.);
#7353=EDGE_CURVE('',#7250,#771,#7352,.T.);
#7354=ORIENTED_EDGE('',*,*,#7353,.T.);
#7355=ORIENTED_EDGE('',*,*,#777,.F.);
#7356=ORIENTED_EDGE('',*,*,#3136,.F.);
#7357=ORIENTED_EDGE('',*,*,#6808,.F.);
#7358=EDGE_LOOP('',(#7257,#7354,#7355,#7356,#7357));
#7359=FACE_OUTER_BOUND('',#7358,.T.);
#7360=ADVANCED_FACE('',(#7359),#7248,.T.);
#7361=CARTESIAN_POINT('',(293.49729521975411,555.21065248656737,79.063277992751168));
#7362=CARTESIAN_POINT('',(299.49770509344296,560.10942292449863,87.973854912556561));
#7363=CARTESIAN_POINT('',(311.41420807264916,569.95340849386548,105.8194998724389));
#7364=CARTESIAN_POINT('',(323.20990471638368,579.87518147479489,123.69214783604262));
#7365=CARTESIAN_POINT('',(329.08609373598836,584.85202023544537,132.6320039017597));
#7366=CARTESIAN_POINT('',(294.97084725192121,547.06165180251685,82.771727467127917));
#7367=CARTESIAN_POINT('',(300.60891589926132,552.13529586043683,91.559536751972644));
#7368=CARTESIAN_POINT('',(311.93582315959645,562.33272615338035,109.22200413744415));
#7369=CARTESIAN_POINT('',(323.56377412924098,572.80608360997371,127.36239135596179));
#7370=CARTESIAN_POINT('',(329.35438932682672,578.02242151667838,136.39735365349532));
#7371=CARTESIAN_POINT('',(287.14094731832017,549.35418491427117,86.74251129472043));
#7372=CARTESIAN_POINT('',(293.09863147085963,554.44114205614585,95.553379520372644));
#7373=CARTESIAN_POINT('',(304.95299201252112,564.63304529747961,113.20627376018777));
#7374=CARTESIAN_POINT('',(316.71894556610931,574.85051849185982,130.90345645782801));
#7375=CARTESIAN_POINT('',(322.58564913820135,579.96390395255253,139.76009987443183));
#7383=(BOUNDED_SURFACE()B_SPLINE_SURFACE(3,2,((#7361,#7366,#7371),(#7362,#7367,#7372),(#7363,#7368,#7373),(#7364,#7369,#7374),(#7365,#7370,#7375)),.UNSPECIFIED.,.F.,.F.,.F.)B_SPLINE_SURFACE_WITH_KNOTS((4,1,4),(3,3),(0.10981305147256,0.145181444255449,0.180549837038339),(-0.000057278847621,1.0),.UNSPECIFIED.)GEOMETRIC_REPRESENTATION_ITEM()RATIONAL_B_SPLINE_SURFACE(((1.00004157094611,0.637117820661743,1.0),(1.000040295343682,0.648252842407307,1.0),(1.000037977575835,0.668485161521245,1.0),(1.000036054318864,0.685273706074196,1.0),(1.00003517341421,0.692963321792718,1.0)))REPRESENTATION_ITEM('')SURFACE());
#7384=CARTESIAN_POINT('',(288.23834237695144,550.15663021527064,88.129838287754211));
#7385=VERTEX_POINT('',#7384);
#7386=CARTESIAN_POINT('',(288.17372486333056,550.19557419254659,88.200865657546842));
#7387=DIRECTION('',(-0.015824563198477,0.870504911060171,-0.491905258174481));
#7388=DIRECTION('',(0.402828147311333,0.455824848354884,0.793695906097522));
#7389=AXIS2_PLACEMENT_3D('',#7386,#7387,#7388);
#7390=ELLIPSE('',#7389,0.137901385925755,0.097930040495886);
#7391=EDGE_CURVE('',#6836,#7385,#7390,.T.);
#7392=ORIENTED_EDGE('',*,*,#7391,.T.);
#7393=CARTESIAN_POINT('',(288.23834246215347,550.15663017632869,88.12983821605529));
#7394=CARTESIAN_POINT('',(288.40915839972132,550.07855826794537,87.986093754876578));
#7395=CARTESIAN_POINT('',(288.58166614676895,550.01044922494475,87.83837004807117));
#7396=CARTESIAN_POINT('',(288.7536646837865,549.95310824518242,87.688488699798427));
#7397=CARTESIAN_POINT('',(288.78282345690349,549.94338727517788,87.663079435832998));
#7398=CARTESIAN_POINT('',(288.81196775327186,549.93397662702,87.637607809875874));
#7399=CARTESIAN_POINT('',(288.84110103447188,549.92487381488502,87.612070115004428));
#7400=CARTESIAN_POINT('',(289.01667816104145,549.8700140279841,87.458162456819153));
#7401=CARTESIAN_POINT('',(289.19185220950095,549.82634315519658,87.301867673650065));
#7402=CARTESIAN_POINT('',(289.36653180229001,549.79362403176185,87.143142551252424));
#7403=CARTESIAN_POINT('',(289.39180626053337,549.78888988906203,87.12017655153744));
#7404=CARTESIAN_POINT('',(289.41707036615367,549.78438500302661,87.097159673328278));
#7405=CARTESIAN_POINT('',(289.44232353926913,549.78010984142327,87.07409132926189));
#7406=CARTESIAN_POINT('',(289.61993089757715,549.75004232653157,86.911850028675786));
#7407=CARTESIAN_POINT('',(289.79701208916157,549.73134016606252,86.747060985127362));
#7408=CARTESIAN_POINT('',(289.97337118292148,549.7241639296883,86.579501377589892));
#7409=CARTESIAN_POINT('',(289.99539360833222,549.7232678141155,86.558577767243591));
#7410=CARTESIAN_POINT('',(290.01740477088072,549.72255142356596,86.537610951221353));
#7411=CARTESIAN_POINT('',(290.03940469174859,549.72201581586216,86.516599589323718));
#7412=CARTESIAN_POINT('',(290.11778954072099,549.72010746677233,86.441736936910431));
#7413=CARTESIAN_POINT('',(290.19603428187565,549.72049425868204,86.366305891745739));
#7414=CARTESIAN_POINT('',(290.27412269160192,549.7232236166949,86.290264376614346));
#7415=CARTESIAN_POINT('',(290.37402592976355,549.72671544991988,86.192979854839805));
#7416=CARTESIAN_POINT('',(290.47367354010919,549.73404196142519,86.094695736911262));
#7417=CARTESIAN_POINT('',(290.57193632501986,549.74508459715435,85.996439941615591));
#7418=CARTESIAN_POINT('',(290.59105481591268,549.74723310669242,85.977322810656574));
#7419=CARTESIAN_POINT('',(290.6101208806669,549.74952225559764,85.958206765905189));
#7420=CARTESIAN_POINT('',(290.62913442326612,549.75195140693154,85.939091286484626));
#7421=CARTESIAN_POINT('',(290.80530805630639,549.77445917545754,85.761973138235817));
#7422=CARTESIAN_POINT('',(290.97717770816314,549.80901394953753,85.584687949387757));
#7423=CARTESIAN_POINT('',(291.14479193303293,549.8551822894276,85.406659794460921));
#7424=CARTESIAN_POINT('',(291.33013192535952,549.90623308638487,85.209804563983553));
#7425=CARTESIAN_POINT('',(291.51026918615526,549.97148397274123,85.012040190085372));
#7426=CARTESIAN_POINT('',(291.68441054860301,550.0507293094123,84.813117690455115));
#7427=CARTESIAN_POINT('',(291.6980561271543,550.05693891091755,84.79753028171919));
#7428=CARTESIAN_POINT('',(291.71166489822122,550.06323441235963,84.78193576228864));
#7429=CARTESIAN_POINT('',(291.72523694494635,550.06961627602709,84.766333242001494));
#7430=CARTESIAN_POINT('',(291.79820041852645,550.10392524581835,84.682453920053021));
#7431=CARTESIAN_POINT('',(291.87008794615122,550.14072297126563,84.598358531026406));
#7432=CARTESIAN_POINT('',(291.94092538473024,550.18008478703666,84.5138961392108));
#7433=CARTESIAN_POINT('',(292.02492305803042,550.22675927171531,84.413742258209638));
#7434=CARTESIAN_POINT('',(292.10744441120846,550.27703909064815,84.31307218218916));
#7435=CARTESIAN_POINT('',(292.18754876055385,550.33033905922127,84.212886505184983));
#7436=CARTESIAN_POINT('',(292.19886680790347,550.33786988086786,84.198731141021184));
#7437=CARTESIAN_POINT('',(292.21013659831675,550.34546099699719,84.184585450335703));
#7438=CARTESIAN_POINT('',(292.22135813892334,550.35311218614572,84.170449123731316));
#7439=CARTESIAN_POINT('',(292.36889061970049,550.45370433793244,83.984595201695939));
#7440=CARTESIAN_POINT('',(292.50810575018653,550.56470257776789,83.800317556215234));
#7441=CARTESIAN_POINT('',(292.63887170269237,550.68547738747748,83.617100148248781));
#7442=CARTESIAN_POINT('',(292.64781363839506,550.69373611662093,83.604571517896204));
#7443=CARTESIAN_POINT('',(292.65671608411736,550.70204053865598,83.592047841843481));
#7444=CARTESIAN_POINT('',(292.66557885733607,550.71039051598348,83.579529056227315));
#7445=CARTESIAN_POINT('',(292.79614016076005,550.83339760378044,83.395109470280147));
#7446=CARTESIAN_POINT('',(292.91811265935189,550.96630280072281,83.211730683088874));
#7447=CARTESIAN_POINT('',(293.03105757819839,551.1088568005199,83.028943007080912));
#7448=CARTESIAN_POINT('',(293.03790008802878,551.1174931088633,83.017869233397832));
#7449=CARTESIAN_POINT('',(293.04470945027487,551.12616484500563,83.006797630087604));
#7450=CARTESIAN_POINT('',(293.0514856677288,551.13487231794113,82.995727781299252));
#7451=CARTESIAN_POINT('',(293.10442710899036,551.20290233174831,82.909240924378338));
#7452=CARTESIAN_POINT('',(293.15529677961598,551.27304941463296,82.82294179527311));
#7453=CARTESIAN_POINT('',(293.20412706247492,551.34548540335993,82.736592832243645));
#7454=CARTESIAN_POINT('',(293.2592119053545,551.42719955335542,82.639183626668597));
#7455=CARTESIAN_POINT('',(293.31170202040346,551.51182655232083,82.541710680531764));
#7456=CARTESIAN_POINT('',(293.36102601929105,551.59851703599634,82.445050206127604));
#7457=CARTESIAN_POINT('',(293.36595065592132,551.60717243987733,82.435399372381625));
#7458=CARTESIAN_POINT('',(293.37084371373595,551.61584842183993,82.425756644142581));
#7459=CARTESIAN_POINT('',(293.37570521409992,551.62454495457825,82.416121913976482));
#7460=CARTESIAN_POINT('',(293.46823194686925,551.79006212015588,82.232748462029519));
#7461=CARTESIAN_POINT('',(293.54910903850316,551.96262199907528,82.052708780466205));
#7462=CARTESIAN_POINT('',(293.61841792779694,552.14160877589143,81.875609443289008));
#7463=CARTESIAN_POINT('',(293.69140786269844,552.33010167083114,81.689104231282727));
#7464=CARTESIAN_POINT('',(293.75156883139493,552.52572252253071,81.505860098430517));
#7465=CARTESIAN_POINT('',(293.79866413707435,552.72835920552814,81.325459936962147));
#7466=CARTESIAN_POINT('',(293.80033867188666,552.73556421619821,81.319045574719993));
#7467=CARTESIAN_POINT('',(293.80199668056412,552.74277810081617,81.312634809744452));
#7468=CARTESIAN_POINT('',(293.80363814018961,552.75000094395466,81.30622757227232));
#7469=CARTESIAN_POINT('',(293.82508108594408,552.84435540215145,81.222527648485141));
#7470=CARTESIAN_POINT('',(293.84368704853284,552.94018299293839,81.139477887033578));
#7471=CARTESIAN_POINT('',(293.85941275623276,553.03766124697893,81.056927194584304));
#7472=CARTESIAN_POINT('',(293.87635245593532,553.14266461995862,80.96800375997519));
#7473=CARTESIAN_POINT('',(293.88995004843531,553.24958305383552,80.879659643775426));
#7474=CARTESIAN_POINT('',(293.90004531006764,553.35753515255362,80.792607014678282));
#7475=CARTESIAN_POINT('',(293.91014463543121,553.46553070614516,80.705519343548403));
#7476=CARTESIAN_POINT('',(293.91673886002013,553.5745609448669,80.619724038614876));
#7477=CARTESIAN_POINT('',(293.91986979500763,553.68424954273564,80.53546083079857));
#7478=CARTESIAN_POINT('',(293.92300135496339,553.79396003563124,80.451180803137206));
#7479=CARTESIAN_POINT('',(293.92266823910506,553.90432921748311,80.368433438716096));
#7480=CARTESIAN_POINT('',(293.91895143429389,554.01542462535895,80.287092367786968));
#7481=CARTESIAN_POINT('',(293.91880953409645,554.01966602654159,80.283986927868142));
#7482=CARTESIAN_POINT('',(293.91866270162501,554.02390848630864,80.280883537855971));
#7483=CARTESIAN_POINT('',(293.91851093599774,554.02815200611906,80.277782199179455));
#7484=CARTESIAN_POINT('',(293.90274861915969,554.46888226212207,79.955678415072356));
#7485=CARTESIAN_POINT('',(293.83379020055588,554.92055426744855,79.656000736812416));
#7486=CARTESIAN_POINT('',(293.71083723544211,555.38433219064791,79.380530775910202));
#7487=B_SPLINE_CURVE_WITH_KNOTS('',3,(#7393,#7394,#7395,#7396,#7397,#7398,#7399,#7400,#7401,#7402,#7403,#7404,#7405,#7406,#7407,#7408,#7409,#7410,#7411,#7412,#7413,#7414,#7415,#7416,#7417,#7418,#7419,#7420,#7421,#7422,#7423,#7424,#7425,#7426,#7427,#7428,#7429,#7430,#7431,#7432,#7433,#7434,#7435,#7436,#7437,#7438,#7439,#7440,#7441,#7442,#7443,#7444,#7445,#7446,#7447,#7448,#7449,#7450,#7451,#7452,#7453,#7454,#7455,#7456,#7457,#7458,#7459,#7460,#7461,#7462,#7463,#7464,#7465,#7466,#7467,#7468,#7469,#7470,#7471,#7472,#7473,#7474,#7475,#7476,#7477,#7478,#7479,#7480,#7481,#7482,#7483,#7484,#7485,#7486),.UNSPECIFIED.,.F.,.U.,(4,3,3,3,3,3,3,3,3,3,3,3,3,3,3,3,3,3,3,3,3,3,3,3,3,3,3,3,3,3,3,4),(8.885246E-009,0.053440316179537,0.062500008329915,0.117099924640407,0.125000007774584,0.180561852991479,0.187500007219253,0.212220376649574,0.243846644405574,0.250000006663922,0.307015167242652,0.370059872621094,0.375000005553255,0.401558214936019,0.433050429221559,0.437500004997923,0.49599972225654,0.50000000444259,0.558929872485962,0.562500003887258,0.590392836896635,0.621858399531749,0.625000003331926,0.684792724410438,0.7477610804694,0.750000002221284,0.779247799078149,0.810753465161564,0.842271813487812,0.873796453216303,0.875000001110642,1.0),.UNSPECIFIED.);
#7488=EDGE_CURVE('',#7385,#1183,#7487,.T.);
#7489=ORIENTED_EDGE('',*,*,#7488,.T.);
#7490=ORIENTED_EDGE('',*,*,#1189,.F.);
#7491=ORIENTED_EDGE('',*,*,#3207,.F.);
#7492=ORIENTED_EDGE('',*,*,#6911,.F.);
#7493=EDGE_LOOP('',(#7392,#7489,#7490,#7491,#7492));
#7494=FACE_OUTER_BOUND('',#7493,.T.);
#7495=ADVANCED_FACE('',(#7494),#7383,.T.);
#7496=CARTESIAN_POINT('',(322.58564913781288,660.65443523634724,-5.030698E-014));
#7497=CARTESIAN_POINT('',(316.71894557993323,650.42766433113286,-5.030698E-014));
#7498=CARTESIAN_POINT('',(304.95299205126622,629.99271799649944,4.033232E-014));
#7499=CARTESIAN_POINT('',(293.09863150679524,609.60891150937573,-2.602085E-015));
#7500=CARTESIAN_POINT('',(287.14094731693706,599.43499715810015,-2.602085E-015));
#7501=CARTESIAN_POINT('',(329.35438933219473,656.771470361296,-4.966628E-014));
#7502=CARTESIAN_POINT('',(323.56377415200194,646.33879455205158,1.727036E-009));
#7503=CARTESIAN_POINT('',(311.93582320510637,625.39207971632254,-2.187246E-010));
#7504=CARTESIAN_POINT('',(300.60891593749869,604.9972191111608,-1.374530E-009));
#7505=CARTESIAN_POINT('',(294.97084725782054,594.84993093032199,-1.742571E-015));
#7506=CARTESIAN_POINT('',(329.08609373538036,656.92538118497112,-7.797280870342473));
#7507=CARTESIAN_POINT('',(323.20990472802094,646.69481936676743,-7.957140100747903));
#7508=CARTESIAN_POINT('',(311.41420811139318,626.2557657549703,-8.300956637215714));
#7509=CARTESIAN_POINT('',(299.49770513010861,605.8789910835535,-8.698637536804096));
#7510=CARTESIAN_POINT('',(293.49729521725624,595.71281982380424,-8.911466351763473));
#7518=(BOUNDED_SURFACE()B_SPLINE_SURFACE(3,2,((#7496,#7501,#7506),(#7497,#7502,#7507),(#7498,#7503,#7508),(#7499,#7504,#7509),(#7500,#7505,#7510)),.UNSPECIFIED.,.F.,.F.,.F.)B_SPLINE_SURFACE_WITH_KNOTS((4,1,4),(3,3),(0.103855521003577,0.13922572586704,0.174595930730503),(0.0,1.000057279436052),.UNSPECIFIED.)GEOMETRIC_REPRESENTATION_ITEM()RATIONAL_B_SPLINE_SURFACE(((1.0,0.692963321611553,1.000035173775571),(1.0,0.685273705823649,1.000036054689282),(1.0,0.668485161400239,1.000037977965996),(1.0,0.64825284231699,1.00004029575765),(1.0,0.63711782044564,1.000041571373196)))REPRESENTATION_ITEM('')SURFACE());
#7519=CARTESIAN_POINT('',(288.2383423769482,601.03768023028795,-0.001274519295535));
#7520=VERTEX_POINT('',#7519);
#7521=CARTESIAN_POINT('',(288.17372484720602,601.11866374087026,0.000512692352749));
#7522=DIRECTION('',(-0.015824563196426,0.009250005708557,-0.999831996184376));
#7523=DIRECTION('',(0.402828077567271,0.915273272430011,0.002092056097516));
#7524=AXIS2_PLACEMENT_3D('',#7521,#7522,#7523);
#7525=ELLIPSE('',#7524,0.137901402038713,0.097930061448735);
#7526=EDGE_CURVE('',#6939,#7520,#7525,.T.);
#7527=ORIENTED_EDGE('',*,*,#7526,.T.);
#7528=CARTESIAN_POINT('',(288.23834246215017,601.03768014872401,-0.001274521420384));
#7529=CARTESIAN_POINT('',(288.40915839971791,600.87415783949825,-0.00553449602619));
#7530=CARTESIAN_POINT('',(288.58166614676048,600.71217083515944,-0.020412187962686));
#7531=CARTESIAN_POINT('',(288.75366468377371,600.55369929011329,-0.045694116948813));
#7532=CARTESIAN_POINT('',(288.78282345689001,600.52683373702405,-0.049980141958392));
#7533=CARTESIAN_POINT('',(288.81196775325782,600.500069337789,-0.054566094566287));
#7534=CARTESIAN_POINT('',(288.84110103445607,600.47340163920626,-0.05945167544747));
#7535=CARTESIAN_POINT('',(289.01667816101462,600.31268380391668,-0.088895535438715));
#7536=CARTESIAN_POINT('',(289.19185220949134,600.15549311484119,-0.129222841782933));
#7537=CARTESIAN_POINT('',(289.36653180228438,600.00167356491443,-0.180249810896515));
#7538=CARTESIAN_POINT('',(289.39180626052848,599.9794173543886,-0.187632922910723));
#7539=CARTESIAN_POINT('',(289.41707036614946,599.95723171012639,-0.19524001626744));
#7540=CARTESIAN_POINT('',(289.44232353926526,599.93511635733989,-0.203071789746806));
#7541=CARTESIAN_POINT('',(289.61993089757425,599.77957751204474,-0.258153208314067));
#7542=CARTESIAN_POINT('',(289.79701208915787,599.62751493383155,-0.324351184016864));
#7543=CARTESIAN_POINT('',(289.97337118291767,599.47881593886882,-0.401916184782196));
#7544=CARTESIAN_POINT('',(289.9953936083287,599.46024750298341,-0.411601931104902));
#7545=CARTESIAN_POINT('',(290.01740477087736,599.44173151239681,-0.421464926701092));
#7546=CARTESIAN_POINT('',(290.0394046917454,599.42326733537334,-0.431506757772117));
#7547=CARTESIAN_POINT('',(290.11778954071747,599.35748020204369,-0.467285405187605));
#7548=CARTESIAN_POINT('',(290.19603428187247,599.29234839665253,-0.505335899389624));
#7549=CARTESIAN_POINT('',(290.27412269159873,599.2278591918132,-0.54572035033017));
#7550=CARTESIAN_POINT('',(290.37402592976088,599.14535424117423,-0.597386627496048));
#7551=CARTESIAN_POINT('',(290.47367354010635,599.06390095401184,-0.652873631544621));
#7552=CARTESIAN_POINT('',(290.57193632501713,598.98433025708107,-0.711564732258421));
#7553=CARTESIAN_POINT('',(290.59105481591013,598.96884859079205,-0.722983961578228));
#7554=CARTESIAN_POINT('',(290.61012088066451,598.95343818487004,-0.734524445059068));
#7555=CARTESIAN_POINT('',(290.62913442326391,598.93809826975314,-0.746185891534133));
#7556=CARTESIAN_POINT('',(290.80530805630411,598.7959633381613,-0.854237264984298));
#7557=CARTESIAN_POINT('',(290.9771777081607,598.65970724794431,-0.972805171583676));
#7558=CARTESIAN_POINT('',(291.14479193303043,598.5286145131339,-1.101802204242461));
#7559=CARTESIAN_POINT('',(291.33013192535697,598.38365828115127,-1.244441106529595));
#7560=CARTESIAN_POINT('',(291.51026918615293,598.24501475256989,-1.399832218682591));
#7561=CARTESIAN_POINT('',(291.68441054860091,598.11236548284126,-1.567921943186356));
#7562=CARTESIAN_POINT('',(291.69805612715226,598.10197119164923,-1.58109332020526));
#7563=CARTESIAN_POINT('',(291.71166489821928,598.09161369238336,-1.594342644099063));
#7564=CARTESIAN_POINT('',(291.72523694494453,598.08129244528538,-1.607670760302314));
#7565=CARTESIAN_POINT('',(291.79820041852457,598.02580530652153,-1.679322860693392));
#7566=CARTESIAN_POINT('',(291.8700879461494,597.97137542600717,-1.753238320245328));
#7567=CARTESIAN_POINT('',(291.94092538472836,597.91790975691595,-1.829557848549788));
#7568=CARTESIAN_POINT('',(292.02492305802855,597.85451119402057,-1.920056078490633));
#7569=CARTESIAN_POINT('',(292.10744441120659,597.79246826025224,-2.013934716994439));
#7570=CARTESIAN_POINT('',(292.18754876055198,597.73235490315778,-2.110186682301741));
#7571=CARTESIAN_POINT('',(292.19886680790171,597.7238614090154,-2.123786247241198));
#7572=CARTESIAN_POINT('',(292.2101365983151,597.71540643959213,-2.137433191995092));
#7573=CARTESIAN_POINT('',(292.22135813892186,597.70698961621076,-2.151127479469229));
#7574=CARTESIAN_POINT('',(292.36889061969902,597.59633147422835,-2.331169799355472));
#7575=CARTESIAN_POINT('',(292.50810575018511,597.49224147181042,-2.519435917568478));
#7576=CARTESIAN_POINT('',(292.63887170269106,597.39395794695076,-2.71563867489748));
#7577=CARTESIAN_POINT('',(292.64781363839381,597.38723719936252,-2.729055259315045));
#7578=CARTESIAN_POINT('',(292.65671608411617,597.38054358876957,-2.742508937787628));
#7579=CARTESIAN_POINT('',(292.66557885733494,597.37387699106512,-2.755999623082414));
#7580=CARTESIAN_POINT('',(292.79614016075891,597.27566848857794,-2.954736678933551));
#7581=CARTESIAN_POINT('',(292.91811265935075,597.18331039882628,-3.161525349376286));
#7582=CARTESIAN_POINT('',(293.03105757819725,597.09628862780301,-3.376374572615529));
#7583=CARTESIAN_POINT('',(293.03790008802775,597.09101661264947,-3.389390721877497));
#7584=CARTESIAN_POINT('',(293.0447094502739,597.08576419099325,-3.402436467326906));
#7585=CARTESIAN_POINT('',(293.05148566772795,597.08053115719417,-3.415512284486156));
#7586=CARTESIAN_POINT('',(293.10442710898946,597.03964634891076,-3.517671433123287));
#7587=CARTESIAN_POINT('',(293.15529677961501,596.99998265222348,-3.621570153455421));
#7588=CARTESIAN_POINT('',(293.20412706247384,596.9614202510129,-3.727476041355755));
#7589=CARTESIAN_POINT('',(293.25921190535348,596.91791847942,-3.846947173887923));
#7590=CARTESIAN_POINT('',(293.31170202040249,596.87581793136633,-3.968972777906362));
#7591=CARTESIAN_POINT('',(293.36102601929008,596.8354527468282,-4.092379176237932));
#7592=CARTESIAN_POINT('',(293.36595065592041,596.83142258157704,-4.104700392752093));
#7593=CARTESIAN_POINT('',(293.3708437137351,596.82740972494139,-4.117035377654107));
#7594=CARTESIAN_POINT('',(293.37570521409907,596.82341407022807,-4.129384161013487));
#7595=CARTESIAN_POINT('',(293.46823194686851,596.74736658525137,-4.364412957139633));
#7596=CARTESIAN_POINT('',(293.54910903850259,596.67772758678814,-4.603874036739418));
#7597=CARTESIAN_POINT('',(293.61841792779637,596.61384845020746,-4.847430800992283));
#7598=CARTESIAN_POINT('',(293.69140786269787,596.54657664614172,-5.103923042446158));
#7599=CARTESIAN_POINT('',(293.75156883139437,596.48569299784663,-5.364957735953984));
#7600=CARTESIAN_POINT('',(293.79866413707396,596.43078021666702,-5.630646331902696));
#7601=CARTESIAN_POINT('',(293.80033867188632,596.42882772135147,-5.640093235298803));
#7602=CARTESIAN_POINT('',(293.80199668056372,596.42688277833361,-5.649546025125637));
#7603=CARTESIAN_POINT('',(293.80363814018921,596.42494536948402,-5.659004809507255));
#7604=CARTESIAN_POINT('',(293.82508108594379,596.39963633828779,-5.782568129159814));
#7605=CARTESIAN_POINT('',(293.84368704853307,596.37562693048665,-5.907082137890429));
#7606=CARTESIAN_POINT('',(293.85941275623344,596.35287506074656,-6.032776128430671));
#7607=CARTESIAN_POINT('',(293.87635245593663,596.32836679387378,-6.168173434218804));
#7608=CARTESIAN_POINT('',(293.88995004843719,596.30531776190946,-6.304939572189082));
#7609=CARTESIAN_POINT('',(293.90004531007025,596.28390402300533,-6.441955146619572));
#7610=CARTESIAN_POINT('',(293.91014463543451,596.2624816642475,-6.579025875090374));
#7611=CARTESIAN_POINT('',(293.91673886002417,596.24269587001174,-6.716346484070761));
#7612=CARTESIAN_POINT('',(293.91986979501132,596.22456609037249,-6.853471200239296));
#7613=CARTESIAN_POINT('',(293.92300135496691,596.20643269183358,-6.990623287979282));
#7614=CARTESIAN_POINT('',(293.92266823910728,596.18995596307241,-7.127579485468934));
#7615=CARTESIAN_POINT('',(293.91895143429696,596.17506023321573,-7.264461466397315));
#7616=CARTESIAN_POINT('',(293.91880953409947,596.1744915439474,-7.26968734752841));
#7617=CARTESIAN_POINT('',(293.91866270162819,596.17392515924269,-7.274913120467468));
#7618=CARTESIAN_POINT('',(293.91851093600098,596.17336108106826,-7.280138785763029));
#7619=CARTESIAN_POINT('',(293.90274861916686,596.11477614938269,-7.822874275732148));
#7620=CARTESIAN_POINT('',(293.8337902006042,596.08108366980093,-8.363872545659707));
#7621=CARTESIAN_POINT('',(293.71083723544223,596.07440864719467,-8.903250989308834));
#7622=B_SPLINE_CURVE_WITH_KNOTS('',3,(#7528,#7529,#7530,#7531,#7532,#7533,#7534,#7535,#7536,#7537,#7538,#7539,#7540,#7541,#7542,#7543,#7544,#7545,#7546,#7547,#7548,#7549,#7550,#7551,#7552,#7553,#7554,#7555,#7556,#7557,#7558,#7559,#7560,#7561,#7562,#7563,#7564,#7565,#7566,#7567,#7568,#7569,#7570,#7571,#7572,#7573,#7574,#7575,#7576,#7577,#7578,#7579,#7580,#7581,#7582,#7583,#7584,#7585,#7586,#7587,#7588,#7589,#7590,#7591,#7592,#7593,#7594,#7595,#7596,#7597,#7598,#7599,#7600,#7601,#7602,#7603,#7604,#7605,#7606,#7607,#7608,#7609,#7610,#7611,#7612,#7613,#7614,#7615,#7616,#7617,#7618,#7619,#7620,#7621),.UNSPECIFIED.,.F.,.U.,(4,3,3,3,3,3,3,3,3,3,3,3,3,3,3,3,3,3,3,3,3,3,3,3,3,3,3,3,3,3,3,4),(8.885239E-009,0.053440316179502,0.06250000832991,0.117099924640329,0.125000007774581,0.180561852991421,0.187500007219252,0.212220376649499,0.243846644405532,0.250000006663924,0.30701516724261,0.370059872621067,0.375000005553266,0.401558214935991,0.433050429221525,0.437500004997937,0.495999722256526,0.500000004442609,0.558929872485939,0.56250000388728,0.590392836896623,0.621858399531752,0.625000003331951,0.68479272441043,0.747761080469402,0.750000002221301,0.779247799078204,0.810753465161704,0.842271813487967,0.873796453216301,0.87500000111065,1.0),.UNSPECIFIED.);
#7623=EDGE_CURVE('',#7520,#1604,#7622,.T.);
#7624=ORIENTED_EDGE('',*,*,#7623,.T.);
#7625=ORIENTED_EDGE('',*,*,#1610,.F.);
#7626=ORIENTED_EDGE('',*,*,#3260,.F.);
#7627=ORIENTED_EDGE('',*,*,#7014,.F.);
#7628=EDGE_LOOP('',(#7527,#7624,#7625,#7626,#7627));
#7629=FACE_OUTER_BOUND('',#7628,.T.);
#7630=ADVANCED_FACE('',(#7629),#7518,.T.);
#7631=CARTESIAN_POINT('',(293.49729521781842,539.77553999745874,-87.97474434461833));
#7632=CARTESIAN_POINT('',(299.49770509286134,545.04294075672431,-96.672492449423373));
#7633=CARTESIAN_POINT('',(311.41420807021791,555.57572984539877,-114.12045650952963));
#7634=CARTESIAN_POINT('',(323.20990471840906,566.09301053824481,-131.64928794125967));
#7635=CARTESIAN_POINT('',(329.08609373560699,571.34673360862143,-140.42928477149718));
#7636=CARTESIAN_POINT('',(294.97084726458939,547.06165179880611,-82.77172746070363));
#7637=CARTESIAN_POINT('',(300.60891591129092,552.13529585909225,-91.559536745894377));
#7638=CARTESIAN_POINT('',(311.93582316922334,562.33272614985651,-109.22200413622066));
#7639=CARTESIAN_POINT('',(323.56377414547632,572.80608360806775,-127.36239134670187));
#7640=CARTESIAN_POINT('',(329.3543893368975,578.02242151379028,-136.39735364849707));
#7641=CARTESIAN_POINT('',(287.14094731832,549.35418491426981,-86.742511294720828));
#7642=CARTESIAN_POINT('',(293.09863146987817,554.44114205574158,-95.553379519675318));
#7643=CARTESIAN_POINT('',(304.95299201055883,564.63304529636343,-113.20627375825924));
#7644=CARTESIAN_POINT('',(316.71894557101945,574.85051849449258,-130.90345646239211));
#7645=CARTESIAN_POINT('',(322.58564913820328,579.96390395255241,-139.76009987443575));
#7653=(BOUNDED_SURFACE()B_SPLINE_SURFACE(3,2,((#7631,#7636,#7641),(#7632,#7637,#7642),(#7633,#7638,#7643),(#7634,#7639,#7644),(#7635,#7640,#7645)),.UNSPECIFIED.,.F.,.F.,.F.)B_SPLINE_SURFACE_WITH_KNOTS((4,1,4),(3,3),(0.109813051472551,0.145181444255442,0.180549837038334),(-0.000057279878504,1.0),.UNSPECIFIED.)GEOMETRIC_REPRESENTATION_ITEM()RATIONAL_B_SPLINE_SURFACE(((1.000041571694331,0.637117820287672,1.0),(1.000040296068942,0.648252842059768,1.0),(1.000037978259369,0.668485161276374,1.0),(1.000036054967818,0.685273705540983,1.0),(1.000035174047285,0.692963321476223,1.0)))REPRESENTATION_ITEM('')SURFACE());
#7654=CARTESIAN_POINT('',(288.23834237694456,550.15442268309698,-88.131112807056425));
#7655=VERTEX_POINT('',#7654);
#7656=CARTESIAN_POINT('',(288.17372484891013,550.19646220301343,-88.200352968467172));
#7657=DIRECTION('',(-0.015824563139907,-0.861254905375272,-0.507926737993249));
#7658=DIRECTION('',(0.402828167669186,0.459448388557037,-0.791603843841494));
#7659=AXIS2_PLACEMENT_3D('',#7656,#7657,#7658);
#7660=ELLIPSE('',#7659,0.137901394203412,0.097930055074532);
#7661=EDGE_CURVE('',#7042,#7655,#7660,.T.);
#7662=ORIENTED_EDGE('',*,*,#7661,.T.);
#7663=CARTESIAN_POINT('',(288.23834246214659,550.15442264047488,-88.131112737482354));
#7664=CARTESIAN_POINT('',(288.40915839971649,550.06897223963267,-87.991628250908519));
#7665=CARTESIAN_POINT('',(288.5816661467656,549.97509427829959,-87.85878223604152));
#7666=CARTESIAN_POINT('',(288.75366468378917,549.873963713021,-87.734182816754256));
#7667=CARTESIAN_POINT('',(288.78282345690485,549.8568191299388,-87.713059577799925));
#7668=CARTESIAN_POINT('',(288.81196775327214,549.83946537886436,-87.692173904452147));
#7669=CARTESIAN_POINT('',(288.84110103447097,549.82190049242058,-87.671521790464126));
#7670=CARTESIAN_POINT('',(289.01667816104714,549.71604244404693,-87.54705799227429));
#7671=CARTESIAN_POINT('',(289.19185220950118,549.6025226277319,-87.431090515439479));
#7672=CARTESIAN_POINT('',(289.36653180228973,549.48142220123282,-87.323392362152873));
#7673=CARTESIAN_POINT('',(289.39180626053121,549.46390013340726,-87.307809474452768));
#7674=CARTESIAN_POINT('',(289.41707036614974,549.44621937518116,-87.292399689601083));
#7675=CARTESIAN_POINT('',(289.44232353926361,549.42837918399925,-87.277163119014872));
#7676=CARTESIAN_POINT('',(289.61993089757294,549.30290785359387,-87.170003236994859));
#7677=CARTESIAN_POINT('',(289.79701208915878,549.16954743584847,-87.071412169147976));
#7678=CARTESIAN_POINT('',(289.97337118292035,549.02802467725837,-86.981417562375043));
#7679=CARTESIAN_POINT('',(289.99539360832972,549.01035235694701,-86.970179698352126));
#7680=CARTESIAN_POINT('',(290.01740477087662,548.99255275691121,-86.959075877926736));
#7681=CARTESIAN_POINT('',(290.03940469174302,548.97462418759289,-86.948106347100804));
#7682=CARTESIAN_POINT('',(290.1177895407169,548.91074540335205,-86.909022342102489));
#7683=CARTESIAN_POINT('',(290.19603428187304,548.84522680604914,-86.871641791138998));
#7684=CARTESIAN_POINT('',(290.27412269160072,548.77800824319559,-86.835984726947544));
#7685=CARTESIAN_POINT('',(290.37402592976247,548.69201145933107,-86.79036648233874));
#7686=CARTESIAN_POINT('',(290.47367354010817,548.60323166066439,-86.747569368458883));
#7687=CARTESIAN_POINT('',(290.57193632501901,548.51261832800492,-86.708004673876985));
#7688=CARTESIAN_POINT('',(290.59105481591064,548.49498815217919,-86.700306772238235));
#7689=CARTESIAN_POINT('',(290.61012088066343,548.47728859735321,-86.692731210968134));
#7690=CARTESIAN_POINT('',(290.62913442326141,548.45951953090389,-86.685277178023057));
#7691=CARTESIAN_POINT('',(290.80530805630315,548.29487683078514,-86.616210403223747));
#7692=CARTESIAN_POINT('',(290.97717770816098,548.12406596648646,-86.557493120974641));
#7693=CARTESIAN_POINT('',(291.14479193303197,547.94680489178438,-86.508461998706352));
#7694=CARTESIAN_POINT('',(291.33013192535839,547.75079786284425,-86.454245670516073));
#7695=CARTESIAN_POINT('',(291.51026918615435,547.54690344790697,-86.41187240877089));
#7696=CARTESIAN_POINT('',(291.68441054860227,547.33500884150726,-86.381039633644448));
#7697=CARTESIAN_POINT('',(291.69805612715254,547.31840494881146,-86.378623601927529));
#7698=CARTESIAN_POINT('',(291.71166489821849,547.30175194810477,-86.376278406390838));
#7699=CARTESIAN_POINT('',(291.72523694494254,547.28504883734058,-86.374004002307004));
#7700=CARTESIAN_POINT('',(291.79820041852366,547.19525272878411,-86.361776780749551));
#7701=CARTESIAN_POINT('',(291.87008794614951,547.10402512282121,-86.351596851274834));
#7702=CARTESIAN_POINT('',(291.9409253847295,547.01119763795771,-86.343453987763695));
#7703=CARTESIAN_POINT('',(292.02492305802957,546.90112459038369,-86.333798336703353));
#7704=CARTESIAN_POINT('',(292.10744441120755,546.78880183768251,-86.327006899186671));
#7705=CARTESIAN_POINT('',(292.18754876055294,546.67538851201516,-86.323073187489797));
#7706=CARTESIAN_POINT('',(292.19886680790182,546.65936419622744,-86.322517388265368));
#7707=CARTESIAN_POINT('',(292.21013659831436,546.64331811067609,-86.322018642333632));
#7708=CARTESIAN_POINT('',(292.22135813892021,546.62725009814733,-86.321576603203255));
#7709=CARTESIAN_POINT('',(292.36889061969833,546.41599980437718,-86.315765001053975));
#7710=CARTESIAN_POINT('',(292.50810575018528,546.20091156212266,-86.31975347378625));
#7711=CARTESIAN_POINT('',(292.63887170269197,545.98185322755194,-86.332738823148929));
#7712=CARTESIAN_POINT('',(292.6478136383941,545.96687375082161,-86.33362677721378));
#7713=CARTESIAN_POINT('',(292.65671608411571,545.95187571819463,-86.334556779633388));
#7714=CARTESIAN_POINT('',(292.6655788573338,545.93685914316382,-86.335528679311835));
#7715=CARTESIAN_POINT('',(292.79614016075851,545.71564355287865,-86.34984614921585));
#7716=CARTESIAN_POINT('',(292.91811265935087,545.49038026618359,-86.373256032467594));
#7717=CARTESIAN_POINT('',(293.03105757819793,545.26080449536244,-86.40531757969903));
#7718=CARTESIAN_POINT('',(293.03790008802792,545.24689617186618,-86.40725995527761));
#7719=CARTESIAN_POINT('',(293.04470945027356,545.23297201406854,-86.409234097416473));
#7720=CARTESIAN_POINT('',(293.05148566772709,545.21903150733488,-86.411240065787069));
#7721=CARTESIAN_POINT('',(293.10442710898917,545.11011668524338,-86.426912357503454));
#7722=CARTESIAN_POINT('',(293.15529677961524,545.00030590567053,-86.444511948730508));
#7723=CARTESIAN_POINT('',(293.20412706247458,544.88930751573218,-86.46406887360169));
#7724=CARTESIAN_POINT('',(293.25921190535416,544.76409159414413,-86.486130800558783));
#7725=CARTESIAN_POINT('',(293.31170202040312,544.63736404712529,-86.510683458440383));
#7726=CARTESIAN_POINT('',(293.36102601929076,544.51030837891153,-86.537429382367748));
#7727=CARTESIAN_POINT('',(293.36595065592059,544.49762280977995,-86.540099765135636));
#7728=CARTESIAN_POINT('',(293.37084371373493,544.4849339711825,-86.542792021798391));
#7729=CARTESIAN_POINT('',(293.37570521409862,544.47224178373176,-86.545506074991408));
#7730=CARTESIAN_POINT('',(293.46823194686829,544.23067713317641,-86.59716141917086));
#7731=CARTESIAN_POINT('',(293.54910903850276,543.98847825579298,-86.656582817207592));
#7732=CARTESIAN_POINT('',(293.61841792779671,543.74561234239525,-86.723040244283553));
#7733=CARTESIAN_POINT('',(293.69140786269816,543.48984764338968,-86.79302727373107));
#7734=CARTESIAN_POINT('',(293.75156883139465,543.23334314339536,-86.870817834386571));
#7735=CARTESIAN_POINT('',(293.79866413707418,542.97579367921821,-86.956106268866748));
#7736=CARTESIAN_POINT('',(293.80033867188649,542.96663617323293,-86.959138810020448));
#7737=CARTESIAN_POINT('',(293.80199668056378,542.95747734559802,-86.962180834871475));
#7738=CARTESIAN_POINT('',(293.80363814018915,542.9483170936104,-86.965232381780737));
#7739=CARTESIAN_POINT('',(293.82508108594379,542.82865360421692,-87.005095777646062));
#7740=CARTESIAN_POINT('',(293.84368704853205,542.70881660562713,-87.046560024924162));
#7741=CARTESIAN_POINT('',(293.85941275623105,542.58858648184446,-87.089703323013907));
#7742=CARTESIAN_POINT('',(293.87635245593253,542.45907484199063,-87.136177194191177));
#7743=CARTESIAN_POINT('',(293.88995004843116,542.32910737614714,-87.184599215959594));
#7744=CARTESIAN_POINT('',(293.90004531006201,542.19974153852252,-87.234562161290484));
#7745=CARTESIAN_POINT('',(293.91014463542399,542.07032362617053,-87.284545218629304));
#7746=CARTESIAN_POINT('',(293.91673886001144,541.94150759321042,-87.33607052267368));
#7747=CARTESIAN_POINT('',(293.91986979499933,541.81368921570333,-87.388932031025831));
#7748=CARTESIAN_POINT('',(293.92300135495566,541.68584532426928,-87.441804091105254));
#7749=CARTESIAN_POINT('',(293.92266823909961,541.55899941366056,-87.496012924176924));
#7750=CARTESIAN_POINT('',(293.91895143428684,541.43300827592566,-87.55155383417447));
#7751=CARTESIAN_POINT('',(293.91880953408929,541.42819818547503,-87.553674275386498));
#7752=CARTESIAN_POINT('',(293.9186627016179,541.42338934100326,-87.555796658313128));
#7753=CARTESIAN_POINT('',(293.91851093599058,541.41858174301876,-87.557920984931897));
#7754=CARTESIAN_POINT('',(293.90274861914514,540.91926655531984,-87.778552690782647));
#7755=CARTESIAN_POINT('',(293.83379020045146,540.43390207026755,-88.019873282298263));
#7756=CARTESIAN_POINT('',(293.71083723544223,539.96344912462575,-88.283781765219658));
#7757=B_SPLINE_CURVE_WITH_KNOTS('',3,(#7663,#7664,#7665,#7666,#7667,#7668,#7669,#7670,#7671,#7672,#7673,#7674,#7675,#7676,#7677,#7678,#7679,#7680,#7681,#7682,#7683,#7684,#7685,#7686,#7687,#7688,#7689,#7690,#7691,#7692,#7693,#7694,#7695,#7696,#7697,#7698,#7699,#7700,#7701,#7702,#7703,#7704,#7705,#7706,#7707,#7708,#7709,#7710,#7711,#7712,#7713,#7714,#7715,#7716,#7717,#7718,#7719,#7720,#7721,#7722,#7723,#7724,#7725,#7726,#7727,#7728,#7729,#7730,#7731,#7732,#7733,#7734,#7735,#7736,#7737,#7738,#7739,#7740,#7741,#7742,#7743,#7744,#7745,#7746,#7747,#7748,#7749,#7750,#7751,#7752,#7753,#7754,#7755,#7756),.UNSPECIFIED.,.F.,.U.,(4,3,3,3,3,3,3,3,3,3,3,3,3,3,3,3,3,3,3,3,3,3,3,3,3,3,3,3,3,3,3,4),(8.885244E-009,0.053440316180133,0.062500008329904,0.117099924640875,0.125000007774564,0.180561852991928,0.187500007219224,0.212220376649974,0.243846644405973,0.250000006663884,0.307015167243007,0.370059872621426,0.375000005553221,0.401558214936325,0.433050429221836,0.437500004997898,0.495999722256816,0.500000004442576,0.558929872486185,0.562500003887254,0.590392836896848,0.62185839953196,0.625000003331932,0.684792724410588,0.74776108046954,0.750000002221288,0.779247799078266,0.810753465161626,0.842271813487841,0.873796453216369,0.875000001110644,1.0),.UNSPECIFIED.);
#7758=EDGE_CURVE('',#7655,#2025,#7757,.T.);
#7759=ORIENTED_EDGE('',*,*,#7758,.T.);
#7760=ORIENTED_EDGE('',*,*,#2031,.F.);
#7761=ORIENTED_EDGE('',*,*,#3313,.F.);
#7762=ORIENTED_EDGE('',*,*,#7117,.F.);
#7763=EDGE_LOOP('',(#7662,#7759,#7760,#7761,#7762));
#7764=FACE_OUTER_BOUND('',#7763,.T.);
#7765=ADVANCED_FACE('',(#7764),#7653,.T.);
#7766=CARTESIAN_POINT('',(293.49729521736441,443.33609283637668,-79.063277986736978));
#7767=CARTESIAN_POINT('',(299.49770509136113,438.43732239916534,-87.97385490634548));
#7768=CARTESIAN_POINT('',(311.41420807264433,428.59333682353844,-105.81949986565789));
#7769=CARTESIAN_POINT('',(323.20990471424756,418.67156385994952,-123.69214783191379));
#7770=CARTESIAN_POINT('',(329.08609373551423,413.6947250886675,-132.63200389511644));
#7771=CARTESIAN_POINT('',(294.97084726756185,451.48509353822135,-82.771727459195631));
#7772=CARTESIAN_POINT('',(300.60891590989525,446.41144948047588,-91.559536742267881));
#7773=CARTESIAN_POINT('',(311.93582317611015,436.21401917379734,-109.22200413647649));
#7774=CARTESIAN_POINT('',(323.5637741454326,425.7406617505456,-127.36239134739384));
#7775=CARTESIAN_POINT('',(329.35438933925707,420.52432382304602,-136.39735364731743));
#7776=CARTESIAN_POINT('',(287.14094731832006,449.19256042188761,-86.742511294720089));
#7777=CARTESIAN_POINT('',(293.09863147020496,444.10560327980556,-95.553379520731369));
#7778=CARTESIAN_POINT('',(304.95299201252067,433.91370003776552,-113.20627376177015));
#7779=CARTESIAN_POINT('',(316.71894556676307,423.69622684633487,-130.90345645430008));
#7780=CARTESIAN_POINT('',(322.58564913820044,418.58284138360625,-139.76009987442984));
#7788=(BOUNDED_SURFACE()B_SPLINE_SURFACE(3,2,((#7766,#7771,#7776),(#7767,#7772,#7777),(#7768,#7773,#7778),(#7769,#7774,#7779),(#7770,#7775,#7780)),.UNSPECIFIED.,.F.,.F.,.F.)B_SPLINE_SURFACE_WITH_KNOTS((4,1,4),(3,3),(0.109813051472556,0.145181444255445,0.180549837038334),(-0.000057280120385,1.0),.UNSPECIFIED.)GEOMETRIC_REPRESENTATION_ITEM()RATIONAL_B_SPLINE_SURFACE(((1.000041571869889,0.637117820199907,1.0),(1.0000402962391,0.648252842089889,1.0),(1.000037978419758,0.668485161143818,1.0),(1.000036055120079,0.685273705454389,1.0),(1.000035174195825,0.69296332140196,1.0)))REPRESENTATION_ITEM('')SURFACE());
#7789=CARTESIAN_POINT('',(288.23834237694729,448.39011512088689,-88.129838287757579));
#7790=VERTEX_POINT('',#7789);
#7791=CARTESIAN_POINT('',(288.1737248649078,448.3511711442008,-88.200865656440826));
#7792=DIRECTION('',(-0.015824563130933,-0.870504911049709,0.491905258195167));
#7793=DIRECTION('',(0.402828152090321,-0.455824847380465,-0.793695904231635));
#7794=AXIS2_PLACEMENT_3D('',#7791,#7792,#7793);
#7795=ELLIPSE('',#7794,0.137901384496352,0.097930038547911);
#7796=EDGE_CURVE('',#7145,#7790,#7795,.T.);
#7797=ORIENTED_EDGE('',*,*,#7796,.T.);
#7798=CARTESIAN_POINT('',(288.23834246214938,448.39011515982867,-88.129838216058616));
#7799=CARTESIAN_POINT('',(288.4091583997166,448.46818706821318,-87.986093754881111));
#7800=CARTESIAN_POINT('',(288.58166614676179,448.53629611121255,-87.83837004807836));
#7801=CARTESIAN_POINT('',(288.75366468378081,448.59363709097317,-87.688488699804793));
#7802=CARTESIAN_POINT('',(288.78282345689877,448.60335806097765,-87.663079435838426));
#7803=CARTESIAN_POINT('',(288.81196775326839,448.61276870913571,-87.637607809880308));
#7804=CARTESIAN_POINT('',(288.84110103446926,448.62187152127058,-87.612070115008308));
#7805=CARTESIAN_POINT('',(289.01667816103907,448.67673130816917,-87.458162456824567));
#7806=CARTESIAN_POINT('',(289.19185220949657,448.72040218095913,-87.301867673654471));
#7807=CARTESIAN_POINT('',(289.36653180228416,448.75312130439522,-87.143142551257938));
#7808=CARTESIAN_POINT('',(289.39180626052826,448.75785544709544,-87.120176551542158));
#7809=CARTESIAN_POINT('',(289.41707036614952,448.7623603331312,-87.097159673332257));
#7810=CARTESIAN_POINT('',(289.44232353926589,448.76663549473483,-87.074091329265059));
#7811=CARTESIAN_POINT('',(289.61993089757323,448.79670300962738,-86.911850028679879));
#7812=CARTESIAN_POINT('',(289.79701208915651,448.81540517009603,-86.747060985131725));
#7813=CARTESIAN_POINT('',(289.9733711829158,448.82258140647025,-86.579501377594795));
#7814=CARTESIAN_POINT('',(289.99539360832739,448.82347752204277,-86.558577767247755));
#7815=CARTESIAN_POINT('',(290.01740477087662,448.82419391259253,-86.537610951224821));
#7816=CARTESIAN_POINT('',(290.03940469174529,448.82472952029627,-86.516599589326475));
#7817=CARTESIAN_POINT('',(290.11778954071701,448.82663786938616,-86.441736936913969));
#7818=CARTESIAN_POINT('',(290.19603428187105,448.82625107747657,-86.36630589174986));
#7819=CARTESIAN_POINT('',(290.27412269159663,448.823521719464,-86.29026437661922));
#7820=CARTESIAN_POINT('',(290.37402592975855,448.82002988623901,-86.192979854844566));
#7821=CARTESIAN_POINT('',(290.47367354010413,448.81270337473416,-86.094695736916108));
#7822=CARTESIAN_POINT('',(290.57193632501503,448.80166073900523,-85.996439941620352));
#7823=CARTESIAN_POINT('',(290.59105481590854,448.79951222946715,-85.977322810660652));
#7824=CARTESIAN_POINT('',(290.61012088066343,448.79722308056171,-85.958206765908628));
#7825=CARTESIAN_POINT('',(290.62913442326339,448.79479392922781,-85.939091286487397));
#7826=CARTESIAN_POINT('',(290.80530805630309,448.77228616070204,-85.7619731382391));
#7827=CARTESIAN_POINT('',(290.97717770815939,448.73773138662227,-85.584687949391565));
#7828=CARTESIAN_POINT('',(291.14479193302873,448.69156304673243,-85.406659794465298));
#7829=CARTESIAN_POINT('',(291.33013192535532,448.64051224977527,-85.209804563987731));
#7830=CARTESIAN_POINT('',(291.51026918615128,448.57526136341909,-85.012040190089408));
#7831=CARTESIAN_POINT('',(291.68441054859932,448.49601602674807,-84.813117690459094));
#7832=CARTESIAN_POINT('',(291.69805612715101,448.48980642524282,-84.797530281722572));
#7833=CARTESIAN_POINT('',(291.71166489821849,448.4835109238004,-84.78193576229144));
#7834=CARTESIAN_POINT('',(291.72523694494407,448.47712906013265,-84.766333242003711));
#7835=CARTESIAN_POINT('',(291.79820041852383,448.44282009034157,-84.682453920055778));
#7836=CARTESIAN_POINT('',(291.87008794614826,448.4060223648948,-84.59835853102966));
#7837=CARTESIAN_POINT('',(291.94092538472694,448.36666054912416,-84.513896139214509));
#7838=CARTESIAN_POINT('',(292.02492305802718,448.31998606444557,-84.413742258213205));
#7839=CARTESIAN_POINT('',(292.10744441120528,448.26970624551279,-84.313072182192656));
#7840=CARTESIAN_POINT('',(292.18754876055073,448.21640627693972,-84.21288650518845));
#7841=CARTESIAN_POINT('',(292.1988668079008,448.20887545529274,-84.198731141024084));
#7842=CARTESIAN_POINT('',(292.21013659831448,448.20128433916307,-84.18458545033802));
#7843=CARTESIAN_POINT('',(292.22135813892157,448.19363315001425,-84.170449123733121));
#7844=CARTESIAN_POINT('',(292.3688906196985,448.09304099822782,-83.984595201698113));
#7845=CARTESIAN_POINT('',(292.50810575018443,447.98204275839288,-83.800317556217863));
#7846=CARTESIAN_POINT('',(292.6388717026901,447.86126794868352,-83.617100148251723));
#7847=CARTESIAN_POINT('',(292.64781363839313,447.85300921953984,-83.604571517898705));
#7848=CARTESIAN_POINT('',(292.65671608411571,447.84470479750439,-83.592047841845471));
#7849=CARTESIAN_POINT('',(292.66557885733471,447.83635482017667,-83.579529056228836));
#7850=CARTESIAN_POINT('',(292.7961401607584,447.71334773238004,-83.395109470281909));
#7851=CARTESIAN_POINT('',(292.91811265935007,447.58044253543767,-83.211730683091204));
#7852=CARTESIAN_POINT('',(293.03105757819662,447.43788853564104,-83.028943007083541));
#7853=CARTESIAN_POINT('',(293.0379000880273,447.42925222729741,-83.017869233400049));
#7854=CARTESIAN_POINT('',(293.04470945027356,447.42058049115479,-83.006797630089352));
#7855=CARTESIAN_POINT('',(293.05148566772777,447.41187301821896,-82.995727781300573));
#7856=CARTESIAN_POINT('',(293.10442710898923,447.34384300441212,-82.909240924379986));
#7857=CARTESIAN_POINT('',(293.15529677961484,447.27369592152769,-82.822941795275099));
#7858=CARTESIAN_POINT('',(293.20412706247356,447.20125993280112,-82.736592832245975));
#7859=CARTESIAN_POINT('',(293.2592119053532,447.11954578280574,-82.639183626670814));
#7860=CARTESIAN_POINT('',(293.31170202040209,447.03491878384045,-82.541710680533811));
#7861=CARTESIAN_POINT('',(293.3610260192898,446.94822830016477,-82.445050206129594));
#7862=CARTESIAN_POINT('',(293.36595065592013,446.93957289628327,-82.435399372383259));
#7863=CARTESIAN_POINT('',(293.3708437137351,446.93089691432033,-82.425756644143945));
#7864=CARTESIAN_POINT('',(293.37570521409918,446.92220038158177,-82.41612191397752));
#7865=CARTESIAN_POINT('',(293.46823194686846,446.75668321600403,-82.232748462030855));
#7866=CARTESIAN_POINT('',(293.54910903850271,446.58412333708463,-82.052708780468294));
#7867=CARTESIAN_POINT('',(293.6184179277958,446.40513656026928,-81.875609443290301));
#7868=CARTESIAN_POINT('',(293.69140786269662,446.21664366533025,-81.689104231282897));
#7869=CARTESIAN_POINT('',(293.75156883139152,446.02102281363238,-81.505860098427803));
#7870=CARTESIAN_POINT('',(293.79866413707197,445.81838613063405,-81.325459936960442));
#7871=CARTESIAN_POINT('',(293.80033867188445,445.81118111996375,-81.319045574718189));
#7872=CARTESIAN_POINT('',(293.80199668056184,445.80396723534568,-81.312634809742477));
#7873=CARTESIAN_POINT('',(293.80363814018739,445.79674439220696,-81.306227572270245));
#7874=CARTESIAN_POINT('',(293.82508108594311,445.70238993400676,-81.222527648481062));
#7875=CARTESIAN_POINT('',(293.84368704856468,445.60656234319094,-81.139477887076481));
#7876=CARTESIAN_POINT('',(293.85941275630665,445.50908408911306,-81.056927194688072));
#7877=CARTESIAN_POINT('',(293.87635245605503,445.40408071609028,-80.968003760142182));
#7878=CARTESIAN_POINT('',(293.88995004861152,445.2971622821604,-80.879659644021856));
#7879=CARTESIAN_POINT('',(293.90004531030894,445.18921018338068,-80.792607015015662));
#7880=CARTESIAN_POINT('',(293.91014463573725,445.08121462973236,-80.705519343980612));
#7881=CARTESIAN_POINT('',(293.91673886039945,444.97218439094502,-80.619724039153169));
#7882=CARTESIAN_POINT('',(293.91986979536756,444.86249579308299,-80.535460831303368));
#7883=CARTESIAN_POINT('',(293.92300135530377,444.75278530020665,-80.451180803618328));
#7884=CARTESIAN_POINT('',(293.9226682393338,444.64241611844648,-80.368433439033552));
#7885=CARTESIAN_POINT('',(293.91895143458623,444.53132071051971,-80.287092368199097));
#7886=CARTESIAN_POINT('',(293.91880953439107,444.52707930933479,-80.283986928283539));
#7887=CARTESIAN_POINT('',(293.91866270192236,444.52283684956501,-80.280883538274978));
#7888=CARTESIAN_POINT('',(293.91851093629805,444.51859332975175,-80.277782199602456));
#7889=CARTESIAN_POINT('',(293.90274861976229,444.07786307345975,-79.955678415914463));
#7890=CARTESIAN_POINT('',(293.83379020240147,443.62619106684656,-79.656000739494544));
#7891=CARTESIAN_POINT('',(293.71083723544217,443.16241314551013,-79.380530775909648));
#7892=B_SPLINE_CURVE_WITH_KNOTS('',3,(#7798,#7799,#7800,#7801,#7802,#7803,#7804,#7805,#7806,#7807,#7808,#7809,#7810,#7811,#7812,#7813,#7814,#7815,#7816,#7817,#7818,#7819,#7820,#7821,#7822,#7823,#7824,#7825,#7826,#7827,#7828,#7829,#7830,#7831,#7832,#7833,#7834,#7835,#7836,#7837,#7838,#7839,#7840,#7841,#7842,#7843,#7844,#7845,#7846,#7847,#7848,#7849,#7850,#7851,#7852,#7853,#7854,#7855,#7856,#7857,#7858,#7859,#7860,#7861,#7862,#7863,#7864,#7865,#7866,#7867,#7868,#7869,#7870,#7871,#7872,#7873,#7874,#7875,#7876,#7877,#7878,#7879,#7880,#7881,#7882,#7883,#7884,#7885,#7886,#7887,#7888,#7889,#7890,#7891),.UNSPECIFIED.,.F.,.U.,(4,3,3,3,3,3,3,3,3,3,3,3,3,3,3,3,3,3,3,3,3,3,3,3,3,3,3,3,3,3,3,4),(8.885248E-009,0.053440316179306,0.06250000832992,0.117099924640127,0.125000007774592,0.180561852991255,0.187500007219265,0.212220376649337,0.243846644405375,0.250000006663937,0.307015167242467,0.370059872620947,0.375000005553291,0.40155821493589,0.433050429221429,0.437500004997964,0.495999722256439,0.500000004442636,0.558929872485879,0.562500003887308,0.590392836896564,0.621858399531701,0.62500000333198,0.684792724410409,0.747761080469381,0.75000000222132,0.779247799079092,0.81075346516433,0.842271813491019,0.873796453216306,0.87500000111066,1.0),.UNSPECIFIED.);
#7893=EDGE_CURVE('',#7790,#2446,#7892,.T.);
#7894=ORIENTED_EDGE('',*,*,#7893,.T.);
#7895=ORIENTED_EDGE('',*,*,#2452,.F.);
#7896=ORIENTED_EDGE('',*,*,#3366,.F.);
#7897=ORIENTED_EDGE('',*,*,#7220,.F.);
#7898=EDGE_LOOP('',(#7797,#7894,#7895,#7896,#7897));
#7899=FACE_OUTER_BOUND('',#7898,.T.);
#7900=ADVANCED_FACE('',(#7899),#7788,.T.);
#7901=CARTESIAN_POINT('',(233.84787781748838,674.46789145950675,122.72869639659939));
#7902=CARTESIAN_POINT('',(233.97038215949362,680.66318505400886,122.94554979873611));
#7903=CARTESIAN_POINT('',(234.21576901769427,692.998637349565,122.92191702766191));
#7904=CARTESIAN_POINT('',(234.69120207021373,717.47005162004666,121.34472372802684));
#7905=CARTESIAN_POINT('',(235.01353429640321,735.62230617624346,118.73497175190344));
#7906=CARTESIAN_POINT('',(235.20350066159585,747.65516381059001,116.58324947781507));
#7907=CARTESIAN_POINT('',(230.48324653358432,674.50066742701222,121.56462447658265));
#7908=CARTESIAN_POINT('',(230.48324653323763,680.7239127248273,121.83848169296274));
#7909=CARTESIAN_POINT('',(230.48324653364077,693.13271779403419,121.93336932120829));
#7910=CARTESIAN_POINT('',(230.48324653402602,717.80722120113955,120.62704838612929));
#7911=CARTESIAN_POINT('',(230.48324653113124,735.76440165731242,118.27166894884736));
#7912=CARTESIAN_POINT('',(230.48324653358446,747.60837607127598,116.32291175553613));
#7913=CARTESIAN_POINT('',(230.48324653358438,674.60087714480437,118.00557412738803));
#7914=CARTESIAN_POINT('',(230.48324653358438,680.68399952236871,118.17685239422572));
#7915=CARTESIAN_POINT('',(230.48324653358435,692.80709328909199,118.08116836651925));
#7916=CARTESIAN_POINT('',(230.48324653358449,716.90901409887329,116.42463062128273));
#7917=CARTESIAN_POINT('',(230.48324653358446,734.85056938294906,113.81233493507909));
#7918=CARTESIAN_POINT('',(230.48324653358446,746.77212174192346,111.66980069390874));
#7926=(BOUNDED_SURFACE()B_SPLINE_SURFACE(3,2,((#7901,#7907,#7913),(#7902,#7908,#7914),(#7903,#7909,#7915),(#7904,#7910,#7916),(#7905,#7911,#7917),(#7906,#7912,#7918)),.UNSPECIFIED.,.F.,.F.,.F.)B_SPLINE_SURFACE_WITH_KNOTS((4,1,1,4),(3,3),(-2.359224E-016,0.018111188857235,0.036222377714469,0.072444755428939),(0.0,1.0),.UNSPECIFIED.)GEOMETRIC_REPRESENTATION_ITEM()RATIONAL_B_SPLINE_SURFACE(((1.0,0.814577725947379,1.0),(1.0,0.807058226022225,1.0),(1.0,0.791785038789613,1.0),(1.0,0.761319303053769,1.0),(1.0,0.739690542841941,1.0),(1.0,0.726618598164716,1.0)))REPRESENTATION_ITEM('')SURFACE());
#7927=ORIENTED_EDGE('',*,*,#3512,.F.);
#7928=ORIENTED_EDGE('',*,*,#691,.F.);
#7929=CARTESIAN_POINT('',(235.48324653358438,674.60087714480426,118.00557412738803));
#7930=DIRECTION('',(0.0,0.99960384669069,0.028145153777776));
#7931=DIRECTION('',(0.0,-0.028145153777776,0.99960384669069));
#7932=AXIS2_PLACEMENT_3D('',#7929,#7930,#7931);
#7933=CIRCLE('',#7932,5.000000000000001);
#7934=EDGE_CURVE('',#2945,#668,#7933,.T.);
#7935=ORIENTED_EDGE('',*,*,#7934,.F.);
#7936=ORIENTED_EDGE('',*,*,#3005,.F.);
#7937=EDGE_LOOP('',(#7927,#7928,#7935,#7936));
#7938=FACE_OUTER_BOUND('',#7937,.T.);
#7939=ADVANCED_FACE('',(#7938),#7926,.F.);
#7940=CARTESIAN_POINT('',(230.48324802064042,674.6252402317034,118.00650765028254));
#7941=CARTESIAN_POINT('',(230.48204821208316,664.82052815751956,117.57635376966979));
#7942=CARTESIAN_POINT('',(231.57037276388218,650.34854533465136,116.46656179410654));
#7943=CARTESIAN_POINT('',(234.55006940361193,633.82514047561403,114.82314246339382));
#7944=CARTESIAN_POINT('',(236.7013064654374,624.48414385945762,113.84495816090794));
#7945=CARTESIAN_POINT('',(238.52760486884529,617.52452700263291,113.10446058996114));
#7946=CARTESIAN_POINT('',(240.55258505147799,610.61111829307742,112.36891985440273));
#7947=CARTESIAN_POINT('',(242.7632234202199,603.73542468076107,111.6462222150798));
#7948=CARTESIAN_POINT('',(245.13057036208292,596.92352528104743,110.95115719628365));
#7949=CARTESIAN_POINT('',(248.4624073000069,587.92610857451314,110.07314748080549));
#7950=CARTESIAN_POINT('',(252.89975802923746,576.81566482654932,109.07499711887854));
#7951=CARTESIAN_POINT('',(258.46820619367554,563.64630170907776,107.99475981765305));
#7952=CARTESIAN_POINT('',(264.09379840140031,550.58978128313083,106.91564810134069));
#7953=CARTESIAN_POINT('',(269.61148268377696,537.60555366704193,105.66903809602154));
#7954=CARTESIAN_POINT('',(274.0096671138777,526.82092342979854,104.32177950408361));
#7955=CARTESIAN_POINT('',(277.36254885166721,518.20638151813444,102.94802176243789));
#7956=CARTESIAN_POINT('',(279.7872011978107,511.75079207925847,101.7404360370781));
#7957=CARTESIAN_POINT('',(282.11560557192001,505.30224654170706,100.32656703451993));
#7958=CARTESIAN_POINT('',(284.34660075200793,498.85408461438703,98.672568491328292));
#7959=CARTESIAN_POINT('',(286.44834934700771,492.50097184042886,96.774801571615825));
#7960=CARTESIAN_POINT('',(289.08661102515612,484.15328795467804,93.888821839009353));
#7961=CARTESIAN_POINT('',(292.08586499861701,473.96815463989685,89.560974906675625));
#7962=CARTESIAN_POINT('',(294.19533109066816,466.13683123132938,85.216528009163554));
#7963=CARTESIAN_POINT('',(295.18725528542018,462.31216803752795,82.78718220002817));
#7964=CARTESIAN_POINT('',(230.48342470502905,674.52520717845539,121.56583262300087));
#7965=CARTESIAN_POINT('',(230.37254815910941,664.6819230939409,121.09812648443771));
#7966=CARTESIAN_POINT('',(231.2939536049646,650.12789223324614,119.91807949109156));
#7967=CARTESIAN_POINT('',(234.08360552187941,633.46437267896204,118.1880313034863));
#7968=CARTESIAN_POINT('',(236.11756542387729,624.0647291542291,117.16592060768588));
#7969=CARTESIAN_POINT('',(237.85131552472205,617.06395781235517,116.39496825965335));
#7970=CARTESIAN_POINT('',(239.77912347718981,610.10833555576528,115.63130326257111));
#7971=CARTESIAN_POINT('',(241.88704211019913,603.18866715185447,114.88298146266474));
#7972=CARTESIAN_POINT('',(244.14446577534849,596.33323740822573,114.16609100437255));
#7973=CARTESIAN_POINT('',(247.32273308289197,587.26816610548917,113.26178625322859));
#7974=CARTESIAN_POINT('',(251.55586299134933,576.05145149239991,112.23370735577424));
#7975=CARTESIAN_POINT('',(256.8461474556259,562.75221048850665,111.11441474014099));
#7976=CARTESIAN_POINT('',(262.17245110033997,549.54654493062196,109.97938443571944));
#7977=CARTESIAN_POINT('',(267.37874022404833,536.39879209603657,108.6494219886645));
#7978=CARTESIAN_POINT('',(271.50604988725854,525.50088648633528,107.20766037729976));
#7979=CARTESIAN_POINT('',(274.64943905055992,516.79543944064551,105.74209494424012));
#7980=CARTESIAN_POINT('',(276.92714642294106,510.25651234976044,104.45393126713526));
#7981=CARTESIAN_POINT('',(279.1141158500613,503.72664846661706,102.95069144595176));
#7982=CARTESIAN_POINT('',(281.20999983646578,497.20011445415543,101.19886142323335));
#7983=CARTESIAN_POINT('',(283.18563681159327,490.77313130177095,99.196825823994388));
#7984=CARTESIAN_POINT('',(285.67271562928778,482.31686966541059,96.158290608988949));
#7985=CARTESIAN_POINT('',(288.50290466633948,472.01680495899092,91.626741990282056));
#7986=CARTESIAN_POINT('',(290.49312747815344,464.13642144788241,87.12555548462143));
#7987=CARTESIAN_POINT('',(291.43195559732743,460.28539282368081,84.614717962912508));
#7988=CARTESIAN_POINT('',(233.84845177167642,674.49209233675265,122.72957535803701));
#7989=CARTESIAN_POINT('',(233.6546592717512,664.75077086337387,122.38913719857025));
#7990=CARTESIAN_POINT('',(234.42560192138222,650.35836157346057,121.40347494410945));
#7991=CARTESIAN_POINT('',(237.00763879500639,633.90105593512646,119.90141161696076));
#7992=CARTESIAN_POINT('',(238.92621993045339,624.58773034119429,119.00591286560642));
#7993=CARTESIAN_POINT('',(240.57581673232471,617.6430724245181,118.32905235124733));
#7994=CARTESIAN_POINT('',(242.42247241929962,610.73757403471063,117.65928967555915));
#7995=CARTESIAN_POINT('',(244.45348810223277,603.86247953179463,117.00527929099593));
#7996=CARTESIAN_POINT('',(246.64097535294002,597.0470425111132,116.38326483918544));
#7997=CARTESIAN_POINT('',(249.73348220605584,588.03450132005548,115.60772618478593));
#7998=CARTESIAN_POINT('',(253.8735800973883,576.87922819990422,114.74613823688361));
#7999=CARTESIAN_POINT('',(259.09281038729495,563.59506683376128,113.83556826544607));
#8000=CARTESIAN_POINT('',(264.38137973804845,550.34786660403518,112.91968296148235));
#8001=CARTESIAN_POINT('',(269.57853707677788,537.08758958759142,111.81403819974653));
#8002=CARTESIAN_POINT('',(273.72617943531856,525.99876505447946,110.55053047323025));
#8003=CARTESIAN_POINT('',(276.88964385145505,517.09738260292022,109.21389639841402));
#8004=CARTESIAN_POINT('',(279.17787532599897,510.40561957496584,108.01675820516203));
#8005=CARTESIAN_POINT('',(281.37562373749404,503.7008357103947,106.59352004097096));
#8006=CARTESIAN_POINT('',(283.48162609945655,496.97708001043691,104.90772829782266));
#8007=CARTESIAN_POINT('',(285.46570834060287,490.33458572370222,102.95413229242772));
#8008=CARTESIAN_POINT('',(287.95629396286347,481.58512172180951,99.959703264806095));
#8009=CARTESIAN_POINT('',(290.78763081534083,470.87330958419187,95.428882361115512));
#8010=CARTESIAN_POINT('',(292.77904443318585,462.60643802559093,90.843051754409956));
#8011=CARTESIAN_POINT('',(293.7155446612594,458.5631780597177,88.271106585290966));
#8019=(BOUNDED_SURFACE()B_SPLINE_SURFACE(3,2,((#7940,#7964,#7988),(#7941,#7965,#7989),(#7942,#7966,#7990),(#7943,#7967,#7991),(#7944,#7968,#7992),(#7945,#7969,#7993),(#7946,#7970,#7994),(#7947,#7971,#7995),(#7948,#7972,#7996),(#7949,#7973,#7997),(#7950,#7974,#7998),(#7951,#7975,#7999),(#7952,#7976,#8000),(#7953,#7977,#8001),(#7954,#7978,#8002),(#7955,#7979,#8003),(#7956,#7980,#8004),(#7957,#7981,#8005),(#7958,#7982,#8006),(#7959,#7983,#8007),(#7960,#7984,#8008),(#7961,#7985,#8009),(#7962,#7986,#8010),(#7963,#7987,#8011)),.UNSPECIFIED.,.F.,.F.,.F.)B_SPLINE_SURFACE_WITH_KNOTS((4,1,1,1,1,1,1,1,1,1,1,1,1,1,1,1,1,1,1,1,1,4),(3,3),(-0.000023424770038,0.028261927242886,0.042392890864328,0.04945837267505,0.056523854485771,0.063589336296492,0.070654818107214,0.077720299917935,0.084785781728657,0.098916745350099,0.113047708971542,0.127178672592985,0.141309636214428,0.15544059983587,0.162506081646592,0.169571563457313,0.176637045268034,0.183702527078756,0.190768008889477,0.197833490700199,0.211964454321641,0.226118842713122),(-0.000023424770038,1.000017137195698),.UNSPECIFIED.)GEOMETRIC_REPRESENTATION_ITEM()RATIONAL_B_SPLINE_SURFACE(((1.00000868748445,0.81456310309009,1.000006355587902),(1.000008553581507,0.817421300592855,1.000006257627218),(1.000008336028742,0.822065028010795,1.000006098470015),(1.000008161323904,0.825794153871917,1.00000597065949),(1.000008098213401,0.827141266016289,1.000005924489123),(1.000008072436508,0.827691481350688,1.000005905631269),(1.000008070923563,0.827723775584257,1.000005904524429),(1.000008096927068,0.827168723180324,1.000005923548067),(1.000008156859551,0.825889446794249,1.000005967393459),(1.000008281009064,0.823239439125796,1.000006058218732),(1.000008518072752,0.81817924534617,1.000006231649731),(1.000008917917145,0.809644449820161,1.000006524167802),(1.000009405718475,0.799232187740848,1.000006881033388),(1.000009946221245,0.787694998006087,1.000007276454281),(1.000010408845875,0.777820139933015,1.000007614901104),(1.00001076880718,0.770136660598844,1.000007878241513),(1.000011030061579,0.764560109020208,1.000008069369947),(1.000011279325522,0.759239497251356,1.000008251726406),(1.000011514229574,0.754225401539368,1.000008423577459),(1.000011729732286,0.749625433109774,1.000008581234885),(1.00001199077174,0.744053469605693,1.000008772206069),(1.000012267276735,0.73815138959522,1.000008974491531),(1.000012439527434,0.734474648035465,1.000009100506658),(1.000012515650695,0.732849774757617,1.000009156196896)))REPRESENTATION_ITEM('')SURFACE());
#8020=ORIENTED_EDGE('',*,*,#7934,.T.);
#8021=ORIENTED_EDGE('',*,*,#838,.F.);
#8022=CARTESIAN_POINT('',(297.94948355560933,460.63430155999555,86.602337614166231));
#8023=DIRECTION('',(-0.198426488533986,0.833206181400517,0.516134079405769));
#8024=DIRECTION('',(0.0,-0.526605217036465,0.850109960763887));
#8025=AXIS2_PLACEMENT_3D('',#8022,#8023,#8024);
#8026=CIRCLE('',#8025,5.0);
#8027=EDGE_CURVE('',#4980,#771,#8026,.T.);
#8028=ORIENTED_EDGE('',*,*,#8027,.F.);
#8029=ORIENTED_EDGE('',*,*,#5018,.F.);
#8030=EDGE_LOOP('',(#8020,#8021,#8028,#8029));
#8031=FACE_OUTER_BOUND('',#8030,.T.);
#8032=ADVANCED_FACE('',(#8031),#8019,.F.);
#8033=CARTESIAN_POINT('',(230.48324653358432,652.14696198598631,145.9241348066401));
#8034=CARTESIAN_POINT('',(230.48324653358429,658.99982737992582,146.48819198457215));
#8035=CARTESIAN_POINT('',(230.48324653358452,672.67408176268668,147.11582956875435));
#8036=CARTESIAN_POINT('',(230.48324653358424,693.10791338605759,146.79640446670501));
#8037=CARTESIAN_POINT('',(230.48324653358452,713.47580009882961,145.41293085401486));
#8038=CARTESIAN_POINT('',(230.48324653358429,727.01780225848756,143.89237269041092));
#8039=CARTESIAN_POINT('',(230.48324653358429,733.78114887455808,143.00694059050079));
#8040=CARTESIAN_POINT('',(230.48324653358449,652.76798627672849,138.37916497737723));
#8041=CARTESIAN_POINT('',(230.48324653323343,659.28658934020154,139.13525602231215));
#8042=CARTESIAN_POINT('',(230.48324653374732,672.38096319033752,140.16860315768616));
#8043=CARTESIAN_POINT('',(230.48324653352364,692.49071428532386,140.4277148439418));
#8044=CARTESIAN_POINT('',(230.48324653366805,712.64259803818732,139.55067813844988));
#8045=CARTESIAN_POINT('',(230.4832465334317,726.26993060914015,138.30207089937451));
#8046=CARTESIAN_POINT('',(230.48324653358429,733.06512844900681,137.5376399783398));
#8047=CARTESIAN_POINT('',(237.44603120221996,652.52419888532768,141.34099519865021));
#8048=CARTESIAN_POINT('',(237.32127723685207,659.27083673180675,141.84288142056897));
#8049=CARTESIAN_POINT('',(237.06701543955904,672.74096289081854,142.36501514261991));
#8050=CARTESIAN_POINT('',(236.68453303541398,692.89973648673663,141.9399082057831));
#8051=CARTESIAN_POINT('',(236.3140268601494,713.0274736364961,140.49674528979187));
#8052=CARTESIAN_POINT('',(236.08278740015896,726.43369671236314,138.96131647513758));
#8053=CARTESIAN_POINT('',(235.97272266882712,733.13522343113732,138.07305840356426));
#8061=(BOUNDED_SURFACE()B_SPLINE_SURFACE(3,2,((#8033,#8040,#8047),(#8034,#8041,#8048),(#8035,#8042,#8049),(#8036,#8043,#8050),(#8037,#8044,#8051),(#8038,#8045,#8052),(#8039,#8046,#8053)),.UNSPECIFIED.,.F.,.F.,.F.)B_SPLINE_SURFACE_WITH_KNOTS((4,1,1,1,4),(3,3),(-0.0000025956936,0.020414355294393,0.040828710588787,0.06124306588318,0.081657421177573),(0.0,1.0000025956936),.UNSPECIFIED.)GEOMETRIC_REPRESENTATION_ITEM()RATIONAL_B_SPLINE_SURFACE(((0.999999999999999,0.551110007999614,1.000002330361758),(1.0,0.562428445077759,1.000002271603369),(1.0,0.584792824170838,1.000002155501218),(1.0,0.61659148171614,1.000001990422074),(1.0,0.645895452057763,1.000001838293817),(1.0,0.663410752522539,1.000001747365111),(1.0,0.671604910227414,1.000001704826065)))REPRESENTATION_ITEM('')SURFACE());
#8062=ORIENTED_EDGE('',*,*,#3565,.F.);
#8063=ORIENTED_EDGE('',*,*,#3048,.F.);
#8064=CARTESIAN_POINT('',(235.48324653358438,652.1495756867979,145.92434992745348));
#8065=DIRECTION('',(4.425928E-014,0.996630426200474,0.082023128271614));
#8066=DIRECTION('',(0.0,-0.082023128271614,0.996630426200474));
#8067=AXIS2_PLACEMENT_3D('',#8064,#8065,#8066);
#8068=CIRCLE('',#8067,5.0);
#8069=EDGE_CURVE('',#899,#3018,#8068,.T.);
#8070=ORIENTED_EDGE('',*,*,#8069,.F.);
#8071=ORIENTED_EDGE('',*,*,#911,.F.);
#8072=EDGE_LOOP('',(#8062,#8063,#8070,#8071));
#8073=FACE_OUTER_BOUND('',#8072,.T.);
#8074=ADVANCED_FACE('',(#8073),#8061,.F.);
#8075=CARTESIAN_POINT('',(295.18220109651281,462.3310880819534,82.799304181434024));
#8076=CARTESIAN_POINT('',(295.37272216221322,461.59657150207988,82.332954498357239));
#8077=CARTESIAN_POINT('',(295.49359818659462,460.64489715770821,81.804226282541364));
#8078=CARTESIAN_POINT('',(295.46697056145098,459.45542038075223,81.246173995124707));
#8079=CARTESIAN_POINT('',(295.41844647980923,458.84992590835634,80.982491528068209));
#8080=CARTESIAN_POINT('',(295.3344025863675,458.23748029668582,80.73627427739369));
#8081=CARTESIAN_POINT('',(295.17749058321431,457.42511371683378,80.436641218151422));
#8082=CARTESIAN_POINT('',(294.8985095692554,456.41156188262181,80.112929321438628));
#8083=CARTESIAN_POINT('',(294.51062353434497,455.40002678836026,79.858706647702462));
#8084=CARTESIAN_POINT('',(294.13441844654909,454.59301316699447,79.700352135250668));
#8085=CARTESIAN_POINT('',(293.72266396414716,453.80396865179273,79.575768502270151));
#8086=CARTESIAN_POINT('',(293.14078485662344,452.84393279381078,79.481769593034755));
#8087=CARTESIAN_POINT('',(292.47317066947204,451.91882529850409,79.472655657518956));
#8088=CARTESIAN_POINT('',(291.88681615086466,451.19869749466039,79.519962374865528));
#8089=CARTESIAN_POINT('',(291.27876810570302,450.50713744284934,79.603299549609488));
#8090=CARTESIAN_POINT('',(290.47656357301383,449.6902189308542,79.774776264891528));
#8091=CARTESIAN_POINT('',(289.62283084963127,448.93637061896629,80.037290561078635));
#8092=CARTESIAN_POINT('',(288.9070231457539,448.36977228680939,80.305831645750274));
#8093=CARTESIAN_POINT('',(288.18477000057334,447.83941883904765,80.60827807878357));
#8094=CARTESIAN_POINT('',(287.26946197462343,447.24113643884812,81.049338549606233));
#8095=CARTESIAN_POINT('',(286.15323527355889,446.62442858751348,81.679179329844871));
#8096=CARTESIAN_POINT('',(285.39749484086099,446.28261220670493,82.168722734571432));
#8097=CARTESIAN_POINT('',(285.02592827088642,446.13310626642203,82.424952198949313));
#8098=CARTESIAN_POINT('',(291.42744443976289,460.30454813045873,84.627283525149792));
#8099=CARTESIAN_POINT('',(291.50845919829612,459.83939524341275,84.339856436063769));
#8100=CARTESIAN_POINT('',(291.54474507937272,459.2510381459183,84.026674953912277));
#8101=CARTESIAN_POINT('',(291.50381665732999,458.52372879152722,83.706686321380189));
#8102=CARTESIAN_POINT('',(291.4658406385812,458.15374088086003,83.557394390441232));
#8103=CARTESIAN_POINT('',(291.41038255857899,457.77971875095329,83.419951413815468));
#8104=CARTESIAN_POINT('',(291.31444089623727,457.2830050121994,83.255061221105592));
#8105=CARTESIAN_POINT('',(291.15323773247417,456.66117048983955,83.081184804858793));
#8106=CARTESIAN_POINT('',(290.93477951177505,456.03408566429067,82.950085025767478));
#8107=CARTESIAN_POINT('',(290.72288152815247,455.52870193442067,82.872838583804025));
#8108=CARTESIAN_POINT('',(290.49030312314056,455.03163178702954,82.816090651713012));
#8109=CARTESIAN_POINT('',(290.15871949867449,454.42077886224439,82.782938529393846));
#8110=CARTESIAN_POINT('',(289.7705955887896,453.82468709325343,82.803055676572512));
#8111=CARTESIAN_POINT('',(289.42398314374401,453.35809549854895,82.85448149146923));
#8112=CARTESIAN_POINT('',(289.06095208387433,452.90930283572044,82.929018139906134));
#8113=CARTESIAN_POINT('',(288.57447078468743,452.37843439417975,83.066155283680018));
#8114=CARTESIAN_POINT('',(288.04690048938494,451.89180623486584,83.263932647977242));
#8115=CARTESIAN_POINT('',(287.59973151100473,451.53115315455574,83.461345172041007));
#8116=CARTESIAN_POINT('',(287.14546292642535,451.19772584668738,83.681196252586687));
#8117=CARTESIAN_POINT('',(286.56497381559791,450.8312361380323,83.997671980339987));
#8118=CARTESIAN_POINT('',(285.85366812437849,450.47460215284684,84.442038179431364));
#8119=CARTESIAN_POINT('',(285.37341774964369,450.29599502657703,84.780526487802504));
#8120=CARTESIAN_POINT('',(285.13826543049151,450.22366383977948,84.95557108053714));
#8121=CARTESIAN_POINT('',(293.71083723544564,458.58329621153013,88.283781765224845));
#8122=CARTESIAN_POINT('',(293.83504728342479,458.10803330981446,88.017175056777404));
#8123=CARTESIAN_POINT('',(293.92134332730723,457.49513854340319,87.712862884848093));
#8124=CARTESIAN_POINT('',(293.92334293947067,456.73403462306027,87.387603754810769));
#8125=CARTESIAN_POINT('',(293.9035540123657,456.34757455143188,87.233020123928725));
#8126=CARTESIAN_POINT('',(293.86275093887218,455.95766174449062,87.087746122985834));
#8127=CARTESIAN_POINT('',(293.78166554614171,455.44173692264508,86.909741204168824));
#8128=CARTESIAN_POINT('',(293.63123217154003,454.80032284990341,86.715214448060408));
#8129=CARTESIAN_POINT('',(293.41672864841132,454.16295869326018,86.559818243050955));
#8130=CARTESIAN_POINT('',(293.2067223086317,453.65591895661856,86.461575690145139));
#8131=CARTESIAN_POINT('',(292.97595794761827,453.16102715482339,86.383284308892954));
#8132=CARTESIAN_POINT('',(292.648631716414,452.56027259624722,86.32232806763227));
#8133=CARTESIAN_POINT('',(292.27250699640052,451.98261442129467,86.313427847793804));
#8134=CARTESIAN_POINT('',(291.94241108764157,451.53330725176568,86.34058905481416));
#8135=CARTESIAN_POINT('',(291.60043660584233,451.10191854719835,86.390679481851578));
#8136=CARTESIAN_POINT('',(291.15018593544494,450.59223523403176,86.496551125636998));
#8137=CARTESIAN_POINT('',(290.67297061581502,450.12107425572651,86.661984268411473));
#8138=CARTESIAN_POINT('',(290.2744306954674,449.76599628225534,86.833139845154562));
#8139=CARTESIAN_POINT('',(289.87343481324035,449.43283946799261,87.027064646781582));
#8140=CARTESIAN_POINT('',(289.36751150673581,449.05526639200872,87.311995428193526));
#8141=CARTESIAN_POINT('',(288.7545330035075,448.66251427363324,87.722303066702224));
#8142=CARTESIAN_POINT('',(288.34241523707061,448.44174400924567,88.043369374074018));
#8143=CARTESIAN_POINT('',(288.14051603092327,448.34422527672996,88.211874942611118));
#8151=(BOUNDED_SURFACE()B_SPLINE_SURFACE(3,2,((#8075,#8098,#8121),(#8076,#8099,#8122),(#8077,#8100,#8123),(#8078,#8101,#8124),(#8079,#8102,#8125),(#8080,#8103,#8126),(#8081,#8104,#8127),(#8082,#8105,#8128),(#8083,#8106,#8129),(#8084,#8107,#8130),(#8085,#8108,#8131),(#8086,#8109,#8132),(#8087,#8110,#8133),(#8088,#8111,#8134),(#8089,#8112,#8135),(#8090,#8113,#8136),(#8091,#8114,#8137),(#8092,#8115,#8138),(#8093,#8116,#8139),(#8094,#8117,#8140),(#8095,#8118,#8141),(#8096,#8119,#8142),(#8097,#8120,#8143)),.UNSPECIFIED.,.F.,.F.,.F.)B_SPLINE_SURFACE_WITH_KNOTS((4,1,1,1,1,1,1,1,1,1,1,1,1,1,1,1,1,1,1,1,4),(3,3),(0.040720718041476,0.043461222438923,0.044146348538285,0.044831474637647,0.045516600737009,0.046201726836371,0.047571979035094,0.048942231233818,0.04962735733318,0.050312483432542,0.051682735631266,0.05305298782999,0.053738113929352,0.054423240028713,0.055793492227437,0.057163744426161,0.057848870525523,0.058533996624885,0.059904248823609,0.061274501022332,0.062644753221056),(0.0,1.0),.UNSPECIFIED.)GEOMETRIC_REPRESENTATION_ITEM()RATIONAL_B_SPLINE_SURFACE(((1.0,0.732868679350065,1.0),(1.0,0.729847337524894,1.0),(1.0,0.726866750694571,1.0),(1.0,0.724667060625311,1.0),(1.0,0.723841627993202,1.0),(1.0,0.723297504365029,1.0),(1.0,0.722939997760577,1.0),(1.0,0.723128395503236,1.0),(1.0,0.724021133145304,1.0),(1.0,0.725051208314521,1.0),(1.0,0.72622384928259,1.0),(1.0,0.727871950511997,1.0),(1.0,0.729519270168176,1.0),(1.0,0.730686461511082,1.0),(1.0,0.731679284316902,1.0),(1.0,0.732520704315395,1.0),(1.0,0.732627074525365,1.0),(1.0,0.732148094458283,1.0),(1.0,0.7312714983917,1.0),(1.0,0.729398874691639,1.0),(1.0,0.72581142297034,1.0),(1.0,0.722451802057923,1.0),(1.0,0.720567977127574,1.0)))REPRESENTATION_ITEM('')SURFACE());
#8152=ORIENTED_EDGE('',*,*,#7353,.F.);
#8153=CARTESIAN_POINT('',(288.24616198136766,444.05740518965604,85.639616744625897));
#8154=DIRECTION('',(-0.782003438595745,-0.311642582121533,0.539768027057045));
#8155=DIRECTION('',(-0.281421523972501,-0.596166840383543,-0.751922219562701));
#8156=AXIS2_PLACEMENT_3D('',#8153,#8154,#8155);
#8157=ELLIPSE('',#8156,5.000062757745021,4.999332230633981);
#8158=EDGE_CURVE('',#5021,#7250,#8157,.F.);
#8159=ORIENTED_EDGE('',*,*,#8158,.F.);
#8160=ORIENTED_EDGE('',*,*,#5114,.F.);
#8161=ORIENTED_EDGE('',*,*,#8027,.T.);
#8162=EDGE_LOOP('',(#8152,#8159,#8160,#8161));
#8163=FACE_OUTER_BOUND('',#8162,.T.);
#8164=ADVANCED_FACE('',(#8163),#8151,.F.);
#8165=CARTESIAN_POINT('',(275.4613505692779,450.49900739471121,94.573261043188822));
#8166=CARTESIAN_POINT('',(274.73897595460846,454.00491957334759,97.155261259479488));
#8167=CARTESIAN_POINT('',(273.22462705339069,461.20391466064984,101.9370227486281));
#8168=CARTESIAN_POINT('',(271.12560086015145,470.61399976399161,107.07017303907328));
#8169=CARTESIAN_POINT('',(269.30702599894289,478.36086863272379,110.72788496595074));
#8170=CARTESIAN_POINT('',(267.87068140481966,484.27408038614283,113.26051814316565));
#8171=CARTESIAN_POINT('',(266.61174869039291,489.28246764552938,115.20701488895986));
#8172=CARTESIAN_POINT('',(265.56708408791042,493.33459759583712,116.67283338187934));
#8173=CARTESIAN_POINT('',(264.4974742178336,497.41599993624584,118.08001889129616));
#8174=CARTESIAN_POINT('',(263.12385232857645,502.53401572271429,119.72196620701475));
#8175=CARTESIAN_POINT('',(260.84917075069183,510.76379248527792,122.12984755765444));
#8176=CARTESIAN_POINT('',(257.87191953262158,521.11929661006434,124.77627899863734));
#8177=CARTESIAN_POINT('',(254.13463805495766,533.64716876401428,127.51924526430983));
#8178=CARTESIAN_POINT('',(250.30945152371936,546.27238777578589,129.96490936655587));
#8179=CARTESIAN_POINT('',(246.49693061372056,558.99706147967026,132.23094303944677));
#8180=CARTESIAN_POINT('',(242.81672792115856,571.82902497996633,134.40806165724112));
#8181=CARTESIAN_POINT('',(239.39905662206695,584.78210677707284,136.54978809246805));
#8182=CARTESIAN_POINT('',(236.37449978350008,597.87559693051594,138.66592077246102));
#8183=CARTESIAN_POINT('',(233.864537582412,611.13476824223517,140.71086519345644));
#8184=CARTESIAN_POINT('',(231.96654716822269,624.57941668034277,142.64743302835365));
#8185=CARTESIAN_POINT('',(230.76632728425221,638.22954928135289,144.42610480129531));
#8186=CARTESIAN_POINT('',(230.48324653358438,647.48152774031792,145.45966028309837));
#8187=CARTESIAN_POINT('',(230.48324653358438,652.14957568679824,145.92434992745348));
#8188=CARTESIAN_POINT('',(279.97530215096424,453.66899590306667,91.372247449325258));
#8189=CARTESIAN_POINT('',(279.22054099723118,457.1172962604806,93.831060843600014));
#8190=CARTESIAN_POINT('',(277.6361454266048,464.20636472758014,98.374300417264749));
#8191=CARTESIAN_POINT('',(275.44127362062119,473.46731945933436,103.2042842845899));
#8192=CARTESIAN_POINT('',(273.53859463757931,481.09323815741186,106.61624740303539));
#8193=CARTESIAN_POINT('',(272.03251981192591,486.92390074575701,108.96533786658301));
#8194=CARTESIAN_POINT('',(270.71160772270991,491.86147991673806,110.75513501418227));
#8195=CARTESIAN_POINT('',(269.61440349845066,495.85686754230824,112.09374926439493));
#8196=CARTESIAN_POINT('',(268.48811940426947,499.88860465116881,113.37463423566123));
#8197=CARTESIAN_POINT('',(267.03920871746709,504.94685075455271,114.85740980744249));
#8198=CARTESIAN_POINT('',(264.63151779148848,513.09225410197644,117.00968537011134));
#8199=CARTESIAN_POINT('',(261.4649502217577,523.35223774718133,119.33074797513977));
#8200=CARTESIAN_POINT('',(257.47164149213904,535.74016393705529,121.67531464768931));
#8201=CARTESIAN_POINT('',(253.35054948873056,548.22514065453197,123.73288875901116));
#8202=CARTESIAN_POINT('',(249.20323670731841,560.807739401856,125.63700908899804));
#8203=CARTESIAN_POINT('',(245.1551200232131,573.49339576606849,127.49542201204198));
#8204=CARTESIAN_POINT('',(241.34667976258751,586.29186872325158,129.3761621331335));
#8205=CARTESIAN_POINT('',(237.92188367167904,599.21188688814186,131.2981083307011));
#8206=CARTESIAN_POINT('',(235.01224650847928,612.28017322178414,133.21667827059579));
#8207=CARTESIAN_POINT('',(232.71955119581611,625.5419822493742,135.08739113572543));
#8208=CARTESIAN_POINT('',(231.1360599064042,639.00914409262168,136.8509280206971));
#8209=CARTESIAN_POINT('',(230.60491997191076,648.15431178230824,137.90184898259082));
#8210=CARTESIAN_POINT('',(230.48324653358435,652.77052062665553,138.37949479820355));
#8211=CARTESIAN_POINT('',(283.16873095984442,450.85668392555101,96.122404061138184));
#8212=CARTESIAN_POINT('',(282.45152395884651,454.48326502481683,98.675474153449301));
#8213=CARTESIAN_POINT('',(280.9473378122554,461.9220906230924,103.37941707993538));
#8214=CARTESIAN_POINT('',(278.86119749759825,471.6231983796838,108.36643300563867));
#8215=CARTESIAN_POINT('',(277.05324674838801,479.5937150196483,111.87824791081917));
#8216=CARTESIAN_POINT('',(275.62502894548663,485.66891646352417,114.28708580400152));
#8217=CARTESIAN_POINT('',(274.37297638345291,490.806478830895,116.11858781100923));
#8218=CARTESIAN_POINT('',(273.3338415398552,494.95779391156498,117.48544439950224));
#8219=CARTESIAN_POINT('',(272.26975812503542,499.13537322742201,118.78907734492844));
#8220=CARTESIAN_POINT('',(270.90294749501976,504.36671964543996,120.29408617001948));
#8221=CARTESIAN_POINT('',(268.6387382810704,512.76195729948881,122.46752201637166));
#8222=CARTESIAN_POINT('',(265.67324225179453,523.29178867939504,124.79395718389414));
#8223=CARTESIAN_POINT('',(261.9454965453229,535.96869445204118,127.11613617449146));
#8224=CARTESIAN_POINT('',(258.12190858193117,548.67541165308933,129.11143385429395));
#8225=CARTESIAN_POINT('',(254.29884924995599,561.40807734993689,130.90521466046428));
#8226=CARTESIAN_POINT('',(250.5911003364597,574.1700362674103,132.5959194003519));
#8227=CARTESIAN_POINT('',(247.12354005106863,586.97277249517026,134.24471367255828));
#8228=CARTESIAN_POINT('',(244.0213768074203,599.83235610360578,135.86814799129692));
#8229=CARTESIAN_POINT('',(241.40038893731571,612.77940837872723,137.42968836285681));
#8230=CARTESIAN_POINT('',(239.35373360743279,625.85534926576224,138.90301729197881));
#8231=CARTESIAN_POINT('',(237.96519714384425,639.0828350032383,140.24376251444619));
#8232=CARTESIAN_POINT('',(237.52926402321069,648.02195499023605,141.00610251135041));
#8233=CARTESIAN_POINT('',(237.44596369993695,652.52677276809197,141.3411781341679));
#8241=(BOUNDED_SURFACE()B_SPLINE_SURFACE(3,2,((#8165,#8188,#8211),(#8166,#8189,#8212),(#8167,#8190,#8213),(#8168,#8191,#8214),(#8169,#8192,#8215),(#8170,#8193,#8216),(#8171,#8194,#8217),(#8172,#8195,#8218),(#8173,#8196,#8219),(#8174,#8197,#8220),(#8175,#8198,#8221),(#8176,#8199,#8222),(#8177,#8200,#8223),(#8178,#8201,#8224),(#8179,#8202,#8225),(#8180,#8203,#8226),(#8181,#8204,#8227),(#8182,#8205,#8228),(#8183,#8206,#8229),(#8184,#8207,#8230),(#8185,#8208,#8231),(#8186,#8209,#8232),(#8187,#8210,#8233)),.UNSPECIFIED.,.F.,.F.,.F.)B_SPLINE_SURFACE_WITH_KNOTS((4,1,1,1,1,1,1,1,1,1,1,1,1,1,1,1,1,1,1,1,4),(3,3),(-9.714451E-017,0.013456845192963,0.026913690385927,0.033642112982408,0.04037053557889,0.047098958175372,0.050463169473613,0.053827380771854,0.060555803368335,0.067284225964817,0.08074107115778,0.094197916350744,0.107654761543707,0.121111606736671,0.134568451929634,0.148025297122598,0.161482142315561,0.174938987508524,0.188395832701488,0.201852677894451,0.215309523087415),(0.0,1.0),.UNSPECIFIED.)GEOMETRIC_REPRESENTATION_ITEM()RATIONAL_B_SPLINE_SURFACE(((1.0,0.616996847028693,1.0),(1.0,0.61637816786558,1.0),(1.0,0.614921484878638,1.0),(1.0,0.612314410683338,1.0),(1.0,0.609644137840969,1.0),(1.0,0.607330301981713,1.0),(1.0,0.605131979073634,1.0),(1.0,0.603209509080455,1.0),(1.0,0.60117853880672,1.0),(1.0,0.598458396781171,1.0),(1.0,0.593744788330733,1.0),(1.0,0.587251683094109,1.0),(1.0,0.578867516854249,1.0),(1.0,0.570408249215618,1.0),(1.0,0.562480404397868,1.0),(1.0,0.555702597764066,1.0),(1.0,0.550590595750432,1.0),(1.0,0.54751147300452,1.0),(1.0,0.546437975082721,1.0),(1.0,0.546902539522527,1.0),(1.0,0.548607382765996,1.0),(1.0,0.55025318073984,1.0),(1.0,0.551115490042466,1.0)))REPRESENTATION_ITEM('')SURFACE());
#8242=ORIENTED_EDGE('',*,*,#8069,.T.);
#8243=ORIENTED_EDGE('',*,*,#5307,.F.);
#8244=CARTESIAN_POINT('',(278.90918635711267,448.83922305636304,97.791574938740297));
#8245=DIRECTION('',(-0.15332377627325,0.801703878528833,0.577722001295724));
#8246=DIRECTION('',(0.0,-0.5846347184638,0.811296644863489));
#8247=AXIS2_PLACEMENT_3D('',#8244,#8245,#8246);
#8248=CIRCLE('',#8247,5.0);
#8249=EDGE_CURVE('',#914,#5117,#8248,.T.);
#8250=ORIENTED_EDGE('',*,*,#8249,.F.);
#8251=ORIENTED_EDGE('',*,*,#1019,.F.);
#8252=EDGE_LOOP('',(#8242,#8243,#8250,#8251));
#8253=FACE_OUTER_BOUND('',#8252,.T.);
#8254=ADVANCED_FACE('',(#8253),#8241,.F.);
#8255=CARTESIAN_POINT('',(283.16873095984454,450.8566839255509,96.122404061138184));
#8256=CARTESIAN_POINT('',(283.23500960457676,450.50394225870599,95.865195124589462));
#8257=CARTESIAN_POINT('',(283.36671074111149,450.0201390304116,95.442549637875942));
#8258=CARTESIAN_POINT('',(283.60552991246527,449.46046371520674,94.813832842727862));
#8259=CARTESIAN_POINT('',(283.81911369918964,449.08111678893334,94.306926262154064));
#8260=CARTESIAN_POINT('',(284.06167759617944,448.75322646544299,93.781367966561334));
#8261=CARTESIAN_POINT('',(284.33188341594609,448.47586342667375,93.242031861042619));
#8262=CARTESIAN_POINT('',(284.63054970372809,448.24720512073333,92.690134904671936));
#8263=CARTESIAN_POINT('',(284.96052543900072,448.06681329262113,92.125033753681421));
#8264=CARTESIAN_POINT('',(285.3119484883407,447.93942770845655,91.566804277118493));
#8265=CARTESIAN_POINT('',(285.68613341068624,447.8619708248354,91.015064559706488));
#8266=CARTESIAN_POINT('',(286.08387402303703,447.83367658979807,90.471445615975028));
#8267=CARTESIAN_POINT('',(286.50695566565452,447.85524205319552,89.93734434104455));
#8268=CARTESIAN_POINT('',(286.94245826087121,447.92505138345348,89.431042718852666));
#8269=CARTESIAN_POINT('',(287.39309190482675,448.04155716334026,88.949913110617388));
#8270=CARTESIAN_POINT('',(287.85880900970756,448.2045683344939,88.495634958203041));
#8271=CARTESIAN_POINT('',(288.18031981679434,448.34530395724101,88.211313188898529));
#8272=CARTESIAN_POINT('',(288.34070094473196,448.42232487100455,88.076660783049419));
#8273=CARTESIAN_POINT('',(279.9753021509643,453.66899590306673,91.372247449325258));
#8274=CARTESIAN_POINT('',(280.02858293919667,453.40461336559042,91.199495096368466));
#8275=CARTESIAN_POINT('',(280.12902892793051,453.01939355705952,90.930316323106069));
#8276=CARTESIAN_POINT('',(280.31789542130855,452.51092471299467,90.523996144078609));
#8277=CARTESIAN_POINT('',(280.49259861580902,452.13273718105256,90.189034445674451));
#8278=CARTESIAN_POINT('',(280.70028668899494,451.77003837868347,89.828265184833072));
#8279=CARTESIAN_POINT('',(280.94312920478217,451.42759284871744,89.441173732720614));
#8280=CARTESIAN_POINT('',(281.22456445172833,451.1089640481182,89.026047802661139));
#8281=CARTESIAN_POINT('',(281.54989993026578,450.81842911729751,88.58020020838326));
#8282=CARTESIAN_POINT('',(281.91070654246397,450.57013649066715,88.119219800423494));
#8283=CARTESIAN_POINT('',(282.30831094237828,450.36639046752742,87.644270767920588));
#8284=CARTESIAN_POINT('',(282.74332102299502,450.2111065906073,87.158155138319131));
#8285=CARTESIAN_POINT('',(283.2172344589469,450.10908478291896,86.663510913990294));
#8286=CARTESIAN_POINT('',(283.71410632159467,450.06595449312556,86.179708280805983));
#8287=CARTESIAN_POINT('',(284.23492649857189,450.08165063985786,85.707216266393573));
#8288=CARTESIAN_POINT('',(284.777731216571,450.157760730002,85.249939539492402));
#8289=CARTESIAN_POINT('',(285.15492999966671,450.25087173305099,84.95648670145458));
#8290=CARTESIAN_POINT('',(285.34298908282193,450.30712539334468,84.816225034769062));
#8291=CARTESIAN_POINT('',(275.46135056927795,450.49900739471099,94.573261043188751));
#8292=CARTESIAN_POINT('',(275.57821028552638,449.93185028360045,94.155566670958706));
#8293=CARTESIAN_POINT('',(275.81996967280548,449.14754713545938,93.481134639534929));
#8294=CARTESIAN_POINT('',(276.27018527568106,448.22856907950631,92.496603778820372));
#8295=CARTESIAN_POINT('',(276.67660311361112,447.59930797357816,91.71078469165613));
#8296=CARTESIAN_POINT('',(277.1405706739302,447.04889444879149,90.90277625214766));
#8297=CARTESIAN_POINT('',(277.65860804784347,446.57665608046364,90.079072800548914));
#8298=CARTESIAN_POINT('',(278.23139984000881,446.1802403421716,89.240672017361163));
#8299=CARTESIAN_POINT('',(278.86347418780628,445.85935956059444,88.385865205028324));
#8300=CARTESIAN_POINT('',(279.53501786149747,445.6232066910996,87.544165655163397));
#8301=CARTESIAN_POINT('',(280.24771263041026,445.46727286189491,86.714094965735853));
#8302=CARTESIAN_POINT('',(281.00225546485598,445.39080027817829,85.897348344190959));
#8303=CARTESIAN_POINT('',(281.80116335601457,445.39533780962699,85.09531006714154));
#8304=CARTESIAN_POINT('',(282.61938601519807,445.47959874153162,84.334769558921039));
#8305=CARTESIAN_POINT('',(283.4615838203174,445.64114001107413,83.611223678763409));
#8306=CARTESIAN_POINT('',(284.32721976455827,445.87988116361629,82.926739781460384));
#8307=CARTESIAN_POINT('',(284.92144949693534,446.09230046693796,82.497140095418217));
#8308=CARTESIAN_POINT('',(285.21703358562149,446.20976871256016,82.293331036228764));
#8316=(BOUNDED_SURFACE()B_SPLINE_SURFACE(3,2,((#8255,#8273,#8291),(#8256,#8274,#8292),(#8257,#8275,#8293),(#8258,#8276,#8294),(#8259,#8277,#8295),(#8260,#8278,#8296),(#8261,#8279,#8297),(#8262,#8280,#8298),(#8263,#8281,#8299),(#8264,#8282,#8300),(#8265,#8283,#8301),(#8266,#8284,#8302),(#8267,#8285,#8303),(#8268,#8286,#8304),(#8269,#8287,#8305),(#8270,#8288,#8306),(#8271,#8289,#8307),(#8272,#8290,#8308)),.UNSPECIFIED.,.F.,.F.,.F.)B_SPLINE_SURFACE_WITH_KNOTS((4,1,1,1,1,1,1,1,1,1,1,1,1,1,1,4),(3,3),(0.041006029751775,0.043181062944401,0.044268579540715,0.045356096137028,0.046443612733341,0.047531129329654,0.048618645925967,0.049706162522281,0.050793679118594,0.051881195714907,0.05296871231122,0.054056228907534,0.055143745503847,0.05623126210016,0.057318778696473,0.058406295292786),(0.0,1.0),.UNSPECIFIED.)GEOMETRIC_REPRESENTATION_ITEM()RATIONAL_B_SPLINE_SURFACE(((1.0,0.61699684702869,1.0),(1.0,0.618042902440352,1.0),(1.0,0.621040201816837,1.0),(1.0,0.627410525038354,1.0),(1.0,0.633322243614307,1.0),(1.0,0.640066215556858,1.0),(1.0,0.647445780680428,1.0),(1.0,0.655328407465174,1.0),(1.0,0.663620398768839,1.0),(1.0,0.67192285955266,1.0),(1.0,0.680144555477106,1.0),(1.0,0.688179671994424,1.0),(1.0,0.695930659272845,1.0),(1.0,0.703071471381031,1.0),(1.0,0.709597151237191,1.0),(1.0,0.715447646519099,1.0),(1.0,0.718866503287717,1.0),(1.0,0.720419284270606,1.0)))REPRESENTATION_ITEM('')SURFACE());
#8317=ORIENTED_EDGE('',*,*,#7256,.F.);
#8318=ORIENTED_EDGE('',*,*,#6799,.F.);
#8319=ORIENTED_EDGE('',*,*,#8249,.T.);
#8320=ORIENTED_EDGE('',*,*,#5195,.F.);
#8321=ORIENTED_EDGE('',*,*,#8158,.T.);
#8322=EDGE_LOOP('',(#8317,#8318,#8319,#8320,#8321));
#8323=FACE_OUTER_BOUND('',#8322,.T.);
#8324=ADVANCED_FACE('',(#8323),#8316,.F.);
#8325=CARTESIAN_POINT('',(233.84787781748858,693.15680091659556,-90.358555678866551));
#8326=CARTESIAN_POINT('',(233.97038215851023,696.44224826942889,-95.615410615895854));
#8327=CARTESIAN_POINT('',(234.21576901829195,702.58950783664307,-106.31004205506109));
#8328=CARTESIAN_POINT('',(234.69120206919138,713.4593255069525,-128.29150512777011));
#8329=CARTESIAN_POINT('',(235.01353429972016,720.27534128091804,-145.31669470997949));
#8330=CARTESIAN_POINT('',(235.20350066159577,724.42832394286086,-156.81331622798712));
#8331=CARTESIAN_POINT('',(230.48324653358449,692.1650730457817,-90.968976459368093));
#8332=CARTESIAN_POINT('',(230.48324653157408,695.51386300051865,-96.221536374834699));
#8333=CARTESIAN_POINT('',(230.48324653440983,701.80044063276785,-106.92043297875642));
#8334=CARTESIAN_POINT('',(230.48324653355223,713.0063852192701,-128.94234022360348));
#8335=CARTESIAN_POINT('',(230.48324653109816,719.94515702509477,-145.67140439869002));
#8336=CARTESIAN_POINT('',(230.48324653358432,724.17947099214712,-156.90296571829515));
#8337=CARTESIAN_POINT('',(230.48324653358452,689.13294988892744,-92.83528579527966));
#8338=CARTESIAN_POINT('',(230.48324653358452,692.32284240970898,-98.017785175968726));
#8339=CARTESIAN_POINT('',(230.48324653358392,698.30152449203194,-108.56453436350844));
#8340=CARTESIAN_POINT('',(230.48324653358438,708.91788112665358,-130.26567893547838));
#8341=CARTESIAN_POINT('',(230.48324653358429,715.62634435020072,-147.10966944905184));
#8342=CARTESIAN_POINT('',(230.48324653358429,719.73163144147088,-158.50530375586465));
#8350=(BOUNDED_SURFACE()B_SPLINE_SURFACE(3,2,((#8325,#8331,#8337),(#8326,#8332,#8338),(#8327,#8333,#8339),(#8328,#8334,#8340),(#8329,#8335,#8341),(#8330,#8336,#8342)),.UNSPECIFIED.,.F.,.F.,.F.)B_SPLINE_SURFACE_WITH_KNOTS((4,1,1,4),(3,3),(0.0,0.018111188857235,0.03622237771447,0.072444755428939),(0.0,1.0),.UNSPECIFIED.)GEOMETRIC_REPRESENTATION_ITEM()RATIONAL_B_SPLINE_SURFACE(((1.0,0.814577725947375,1.0),(1.0,0.807058226074583,1.0),(1.0,0.791785038759869,1.0),(1.0,0.761319303097699,1.0),(1.0,0.739690542711492,1.0),(1.0,0.72661859816471,1.0)))REPRESENTATION_ITEM('')SURFACE());
#8351=ORIENTED_EDGE('',*,*,#3584,.F.);
#8352=ORIENTED_EDGE('',*,*,#1109,.F.);
#8353=CARTESIAN_POINT('',(235.48324653358438,689.13294988892744,-92.835285795279603));
#8354=DIRECTION('',(0.0,0.52417634151034,-0.851609748065882));
#8355=DIRECTION('',(0.0,0.851609748065882,0.52417634151034));
#8356=AXIS2_PLACEMENT_3D('',#8353,#8354,#8355);
#8357=CIRCLE('',#8356,5.0);
#8358=EDGE_CURVE('',#2874,#1086,#8357,.T.);
#8359=ORIENTED_EDGE('',*,*,#8358,.F.);
#8360=ORIENTED_EDGE('',*,*,#2934,.F.);
#8361=EDGE_LOOP('',(#8351,#8352,#8359,#8360));
#8362=FACE_OUTER_BOUND('',#8361,.T.);
#8363=ADVANCED_FACE('',(#8362),#8350,.F.);
#8364=CARTESIAN_POINT('',(230.48324802064053,689.14593988692309,-92.855918085997459));
#8365=CARTESIAN_POINT('',(230.48204821208415,683.87105965685009,-84.579865290100841));
#8366=CARTESIAN_POINT('',(231.57037276388292,675.67396020761589,-72.601656514053715));
#8367=CARTESIAN_POINT('',(234.55006940361187,665.9890148874091,-59.113677813669938));
#8368=CARTESIAN_POINT('',(236.70130646543754,660.47138412390973,-51.513229598732636));
#8369=CARTESIAN_POINT('',(238.52760486884506,656.35028598759288,-45.856273385573502));
#8370=CARTESIAN_POINT('',(240.55258505147799,652.25658467031076,-40.236856184137537));
#8371=CARTESIAN_POINT('',(242.76322342021984,648.19286334924209,-34.643679666893789));
#8372=CARTESIAN_POINT('',(245.13057036208312,644.18496968582622,-29.091934248115873));
#8373=CARTESIAN_POINT('',(248.46240730000693,638.9258826141853,-21.738947669561924));
#8374=CARTESIAN_POINT('',(252.89975802923715,632.50623716997802,-12.616096317470639));
#8375=CARTESIAN_POINT('',(258.46820619367543,624.98604266626478,-1.751211956690548));
#8376=CARTESIAN_POINT('',(264.09379840140042,617.52324429344424,9.016510559052996));
#8377=CARTESIAN_POINT('',(269.61148268377661,609.95153455218099,19.637876520446198));
#8378=CARTESIAN_POINT('',(274.00966711387775,603.39245926747446,28.304010980351947));
#8379=CARTESIAN_POINT('',(277.3625488516671,597.89547920873235,35.077544246995629));
#8380=CARTESIAN_POINT('',(279.78720119781036,593.62188457388413,40.064455834785448));
#8381=CARTESIAN_POINT('',(282.11560557192007,589.17316533127189,44.942125586484934));
#8382=CARTESIAN_POINT('',(284.34660075200679,584.51667961137991,49.699398351668627));
#8383=CARTESIAN_POINT('',(286.44834934701151,579.69660886148654,54.252471947150681));
#8384=CARTESIAN_POINT('',(289.08661102513565,573.02343515527707,60.038788388753957));
#8385=CARTESIAN_POINT('',(292.08586499877646,564.18284311147954,66.695449113473643));
#8386=CARTESIAN_POINT('',(294.19533109032767,556.50478002668149,71.305350683561244));
#8387=CARTESIAN_POINT('',(295.1872552854191,552.48857324577739,73.402933264534767));
#8388=CARTESIAN_POINT('',(230.48342470503314,692.17838920699148,-90.989624434305995));
#8389=CARTESIAN_POINT('',(230.37254815757464,686.85170176663189,-82.698943430064958));
#8390=CARTESIAN_POINT('',(231.29395360539752,678.55273566244659,-70.684806472520094));
#8391=CARTESIAN_POINT('',(234.08360552182305,668.72271020572498,-57.118799317104362));
#8392=CARTESIAN_POINT('',(236.11756542389082,663.13771461517217,-49.489524585837955));
#8393=CARTESIAN_POINT('',(237.85131552471785,658.96966462577006,-43.812154931764162));
#8394=CARTESIAN_POINT('',(239.77912347719126,654.83050021000906,-38.17024185695179));
#8395=CARTESIAN_POINT('',(241.88704211019879,650.72260031913265,-32.551794133359316));
#8396=CARTESIAN_POINT('',(244.14446577534878,646.67404009870495,-26.973263050661362));
#8397=CARTESIAN_POINT('',(247.32273308289172,641.35835356008397,-19.57483339094733));
#8398=CARTESIAN_POINT('',(251.55586299134896,634.85965381124879,-10.374913037738301));
#8399=CARTESIAN_POINT('',(256.84614745562595,627.24069746989517,0.582921214868288));
#8400=CARTESIAN_POINT('',(262.1724511003402,619.6548996132592,11.451847909666322));
#8401=CARTESIAN_POINT('',(267.3787402240481,611.92924193073759,22.173154643568896));
#8402=CARTESIAN_POINT('',(271.50604988725883,605.23168694424328,30.890136943933229));
#8403=CARTESIAN_POINT('',(274.64943905055975,599.60974652546179,37.696492520270141));
#8404=CARTESIAN_POINT('',(276.92714642294146,595.22470051141238,42.715287655919788));
#8405=CARTESIAN_POINT('',(279.11411585006061,590.65792469671874,47.618695751381658));
#8406=CARTESIAN_POINT('',(281.20999983646726,585.87752838769131,52.394924993485709));
#8407=CARTESIAN_POINT('',(283.18563681158872,580.93022312331095,56.959837873500057));
#8408=CARTESIAN_POINT('',(285.67271562930404,574.07064361850121,62.763907664238502));
#8409=CARTESIAN_POINT('',(288.50290466627587,564.99617504382502,69.418251050660004));
#8410=CARTESIAN_POINT('',(290.49312747817152,557.15784142546011,73.99227011137495));
#8411=CARTESIAN_POINT('',(291.43195559732482,553.05787803583416,76.071939968931758));
#8412=CARTESIAN_POINT('',(233.84845177169052,693.16966255815248,-90.379074772626922));
#8413=CARTESIAN_POINT('',(233.65465926607908,688.00417372404513,-82.113061989024033));
#8414=CARTESIAN_POINT('',(234.42560192270787,679.95436053075025,-70.141701050715938));
#8415=CARTESIAN_POINT('',(237.00763879489318,670.42488271144771,-56.640287953408318));
#8416=CARTESIAN_POINT('',(238.92621993047493,664.99269524682074,-49.022460771047641));
#8417=CARTESIAN_POINT('',(240.57581673231908,660.93418788821452,-43.346640851787782));
#8418=CARTESIAN_POINT('',(242.42247241930107,656.90140720166244,-37.701185158267606));
#8419=CARTESIAN_POINT('',(244.45348810223248,652.89747034283346,-32.074183857605163));
#8420=CARTESIAN_POINT('',(246.64097535294036,648.95107151570312,-26.482849485706893));
#8421=CARTESIAN_POINT('',(249.73348220605587,643.77316474384816,-19.065529188797253));
#8422=CARTESIAN_POINT('',(253.87358009738807,637.44937113329411,-9.835573254543583));
#8423=CARTESIAN_POINT('',(259.09281038729506,630.01871372303435,1.213562970789579));
#8424=CARTESIAN_POINT('',(264.38137973804851,622.60193366798649,12.228032246768967));
#8425=CARTESIAN_POINT('',(269.57853707677759,615.01427870853956,23.158946623360794));
#8426=CARTESIAN_POINT('',(273.72617943531873,608.37563665294272,32.130396503885727));
#8427=CARTESIAN_POINT('',(276.88964385145511,602.76738636280925,39.170902798328711));
#8428=CARTESIAN_POINT('',(279.17787532599868,598.38475276163399,44.367570480016752));
#8429=CARTESIAN_POINT('',(281.37562373749392,593.79980042352577,49.462464551523134));
#8430=CARTESIAN_POINT('',(283.481626099457,588.97798409848417,54.442511924954658));
#8431=CARTESIAN_POINT('',(285.46570834060174,583.96487318573497,59.218282719056106));
#8432=CARTESIAN_POINT('',(287.95629396286995,576.99688957693036,65.298326300413223));
#8433=CARTESIAN_POINT('',(290.78763081528314,567.71717750635548,72.309617280070157));
#8434=CARTESIAN_POINT('',(292.77904443330306,559.61229592192478,77.176022756945585));
#8435=CARTESIAN_POINT('',(293.71554466125644,555.36329608694473,79.391616016486623));
#8443=(BOUNDED_SURFACE()B_SPLINE_SURFACE(3,2,((#8364,#8388,#8412),(#8365,#8389,#8413),(#8366,#8390,#8414),(#8367,#8391,#8415),(#8368,#8392,#8416),(#8369,#8393,#8417),(#8370,#8394,#8418),(#8371,#8395,#8419),(#8372,#8396,#8420),(#8373,#8397,#8421),(#8374,#8398,#8422),(#8375,#8399,#8423),(#8376,#8400,#8424),(#8377,#8401,#8425),(#8378,#8402,#8426),(#8379,#8403,#8427),(#8380,#8404,#8428),(#8381,#8405,#8429),(#8382,#8406,#8430),(#8383,#8407,#8431),(#8384,#8408,#8432),(#8385,#8409,#8433),(#8386,#8410,#8434),(#8387,#8411,#8435)),.UNSPECIFIED.,.F.,.F.,.F.)B_SPLINE_SURFACE_WITH_KNOTS((4,1,1,1,1,1,1,1,1,1,1,1,1,1,1,1,1,1,1,1,1,4),(3,3),(-0.000023424770024,0.028261927242886,0.042392890864328,0.04945837267505,0.056523854485771,0.063589336296492,0.070654818107214,0.077720299917935,0.084785781728657,0.098916745350099,0.113047708971542,0.127178672592985,0.141309636214427,0.15544059983587,0.162506081646592,0.169571563457313,0.176637045268034,0.183702527078756,0.190768008889477,0.197833490700199,0.211964454321641,0.226118842713108),(-0.000023424770024,1.000017137195718),.UNSPECIFIED.)GEOMETRIC_REPRESENTATION_ITEM()RATIONAL_B_SPLINE_SURFACE(((1.000008687484446,0.814563103089367,1.000006355587911),(1.000008553581488,0.8174213008809,1.000006257627215),(1.00000833602874,0.822065027943527,1.000006098470025),(1.000008161323899,0.825794153877665,1.000005970659497),(1.000008098213397,0.827141266015209,1.00000592448913),(1.000008072436503,0.827691481350968,1.000005905631276),(1.000008070923559,0.827723775584202,1.000005904524437),(1.000008096927064,0.827168723180341,1.000005923548074),(1.000008156859547,0.825889446794253,1.000005967393467),(1.000008281009059,0.823239439125791,1.000006058218739),(1.000008518072748,0.818179245346165,1.000006231649739),(1.00000891791714,0.809644449820149,1.000006524167809),(1.00000940571847,0.799232187740857,1.000006881033396),(1.00000994622124,0.787694998006081,1.00000727645429),(1.00001040884587,0.777820139933019,1.000007614901113),(1.000010768807174,0.770136660598848,1.000007878241522),(1.000011030061573,0.764560109020236,1.000008069369957),(1.000011279325515,0.75923949725132,1.000008251726416),(1.000011514229568,0.754225401539488,1.000008423577469),(1.000011729732279,0.749625433109316,1.000008581234894),(1.000011990771733,0.744053469608108,1.000008772206079),(1.000012267276729,0.738151389575705,1.000008974491542),(1.000012439527425,0.734474648076498,1.000009100506667),(1.000012515650689,0.732849774757413,1.000009156196907)))REPRESENTATION_ITEM('')SURFACE());
#8444=ORIENTED_EDGE('',*,*,#8358,.T.);
#8445=ORIENTED_EDGE('',*,*,#1250,.F.);
#8446=CARTESIAN_POINT('',(297.94948355560928,554.95366151502253,76.763585965317077));
#8447=DIRECTION('',(-0.198426488533994,0.863588315224548,-0.463510679980186));
#8448=DIRECTION('',(0.0,0.472914213513485,0.881108476100941));
#8449=AXIS2_PLACEMENT_3D('',#8446,#8447,#8448);
#8450=CIRCLE('',#8449,5.000000000000001);
#8451=EDGE_CURVE('',#4649,#1183,#8450,.T.);
#8452=ORIENTED_EDGE('',*,*,#8451,.F.);
#8453=ORIENTED_EDGE('',*,*,#4687,.F.);
#8454=EDGE_LOOP('',(#8444,#8445,#8452,#8453));
#8455=FACE_OUTER_BOUND('',#8454,.T.);
#8456=ADVANCED_FACE('',(#8455),#8443,.F.);
#8457=CARTESIAN_POINT('',(230.48324653358432,702.08417509084006,-59.430344507909595));
#8458=CARTESIAN_POINT('',(230.48324653358429,705.99909563437132,-65.083071440981712));
#8459=CARTESIAN_POINT('',(230.48324653358463,713.37977291989819,-76.611504323681388));
#8460=CARTESIAN_POINT('',(230.48324653358429,723.32005847876735,-94.467434159095404));
#8461=CARTESIAN_POINT('',(230.4832465335848,732.3058785442305,-112.79827828123379));
#8462=CARTESIAN_POINT('',(230.48324653358409,737.7600376187379,-125.28627524848324));
#8463=CARTESIAN_POINT('',(230.48324653358412,740.37490424018461,-131.58622128455684));
#8464=CARTESIAN_POINT('',(230.48324653358296,695.86055169312147,-63.740652235031732));
#8465=CARTESIAN_POINT('',(230.48324653693172,699.77464727844176,-69.007882556483466));
#8466=CARTESIAN_POINT('',(230.48324653200774,707.21673907737113,-79.831269405228994));
#8467=CARTESIAN_POINT('',(230.4832465342395,717.49601192575585,-97.117268868210388));
#8468=CARTESIAN_POINT('',(230.48324653251083,726.81241773752026,-115.00783048765737));
#8469=CARTESIAN_POINT('',(230.48324653561795,732.54475843075841,-127.4337502975164));
#8470=CARTESIAN_POINT('',(230.48324653358409,735.2803407562908,-133.70077971250316));
#8471=CARTESIAN_POINT('',(237.44603120240131,698.30367821102925,-62.048611050028406));
#8472=CARTESIAN_POINT('',(237.32127723655933,702.11164335363435,-67.640427706311115));
#8473=CARTESIAN_POINT('',(237.06701543989041,709.29888750210057,-79.044832292822619));
#8474=CARTESIAN_POINT('',(236.68453303529657,719.01012089430765,-96.715395806181732));
#8475=CARTESIAN_POINT('',(236.31402686065013,727.82417372282475,-114.86810895802476));
#8476=CARTESIAN_POINT('',(236.08278739927871,733.19756489987481,-127.24595311415109));
#8477=CARTESIAN_POINT('',(235.97272266887848,735.77907420531233,-133.49377453507009));
#8485=(BOUNDED_SURFACE()B_SPLINE_SURFACE(3,2,((#8457,#8464,#8471),(#8458,#8465,#8472),(#8459,#8466,#8473),(#8460,#8467,#8474),(#8461,#8468,#8475),(#8462,#8469,#8476),(#8463,#8470,#8477)),.UNSPECIFIED.,.F.,.F.,.F.)B_SPLINE_SURFACE_WITH_KNOTS((4,1,1,1,4),(3,3),(-0.000002595700567,0.020414355294393,0.040828710588787,0.06124306588318,0.081657421177574),(0.0,1.000002595700567),.UNSPECIFIED.)GEOMETRIC_REPRESENTATION_ITEM()RATIONAL_B_SPLINE_SURFACE(((1.0,0.551110007984771,1.000002330368014),(1.0,0.562428445383899,1.000002271609465),(1.0,0.584792824012523,1.000002155507004),(1.0,0.61659148176964,1.000001990427416),(1.0,0.645895451982455,1.000001838298752),(1.0,0.663410752652717,1.0000017473698),(1.0,0.671604910225122,1.000001704830642)))REPRESENTATION_ITEM('')SURFACE());
#8486=ORIENTED_EDGE('',*,*,#3528,.F.);
#8487=ORIENTED_EDGE('',*,*,#2977,.F.);
#8488=CARTESIAN_POINT('',(235.48324653358438,702.08566824534341,-59.432500484591216));
#8489=DIRECTION('',(-1.264209E-014,0.569349325881301,-0.822095703138331));
#8490=DIRECTION('',(0.0,0.822095703138331,0.569349325881301));
#8491=AXIS2_PLACEMENT_3D('',#8488,#8489,#8490);
#8492=CIRCLE('',#8491,5.000000000000001);
#8493=EDGE_CURVE('',#1331,#2947,#8492,.T.);
#8494=ORIENTED_EDGE('',*,*,#8493,.F.);
#8495=ORIENTED_EDGE('',*,*,#1343,.F.);
#8496=EDGE_LOOP('',(#8486,#8487,#8494,#8495));
#8497=FACE_OUTER_BOUND('',#8496,.T.);
#8498=ADVANCED_FACE('',(#8497),#8485,.F.);
#8499=CARTESIAN_POINT('',(295.1822010965127,552.50853121181387,73.392609016136404));
#8500=CARTESIAN_POINT('',(295.37272216224574,551.73740224932328,73.795544192215445));
#8501=CARTESIAN_POINT('',(295.49359818659076,550.80367301050251,74.355354242722896));
#8502=CARTESIAN_POINT('',(295.46697056145143,549.72564716448642,75.106445205062926));
#8503=CARTESIAN_POINT('',(295.41844647980923,549.19454421328453,75.498977566481315));
#8504=CARTESIAN_POINT('',(295.33440258636779,548.67509101351538,75.906262399286589));
#8505=CARTESIAN_POINT('',(295.17749058321493,548.00941788247212,76.459975965002599));
#8506=CARTESIAN_POINT('',(294.8985095692563,547.22229923930536,77.175881653125828));
#8507=CARTESIAN_POINT('',(294.51062353434605,546.496368398502,77.924785404707478));
#8508=CARTESIAN_POINT('',(294.13441844655051,545.95572255723152,78.544502445783991));
#8509=CARTESIAN_POINT('',(293.72266396414938,545.45330770857413,79.165543224174982));
#8510=CARTESIAN_POINT('',(293.14078485662537,544.89188433625691,79.949959211113494));
#8511=CARTESIAN_POINT('',(292.47317066947522,544.42143768891856,80.746568835521927));
#8512=CARTESIAN_POINT('',(291.88681615086773,544.10234260598816,81.393871166295327));
#8513=CARTESIAN_POINT('',(291.27876810570672,543.82873469049014,82.034448326777962));
#8514=CARTESIAN_POINT('',(290.47656357301815,543.56877862608394,82.827658868628319));
#8515=CARTESIAN_POINT('',(289.62283084963582,543.41919851949444,83.611767805416747));
#8516=CARTESIAN_POINT('',(288.90702314575879,543.36846275470111,84.23672689714175));
#8517=CARTESIAN_POINT('',(288.18477000057896,543.36521232510734,84.847249672406491));
#8518=CARTESIAN_POINT('',(287.26946197462871,543.44804069737268,85.585907665013536));
#8519=CARTESIAN_POINT('',(286.15323527356713,543.68514488761366,86.434912721159819));
#8520=CARTESIAN_POINT('',(285.39749484086337,543.9381937222463,86.975706092589817));
#8521=CARTESIAN_POINT('',(285.02592827089302,544.08534197725646,87.233296767178103));
#8522=CARTESIAN_POINT('',(291.42744443976278,553.07833778531756,76.061633767772733));
#8523=CARTESIAN_POINT('',(291.50845919853748,552.59684218092411,76.320754440119018));
#8524=CARTESIAN_POINT('',(291.54474507934611,552.03144051262382,76.673695891899399));
#8525=CARTESIAN_POINT('',(291.50381665733323,551.39066755073509,77.143569952953584));
#8526=CARTESIAN_POINT('',(291.46584063858052,551.0763829906283,77.389342917214151));
#8527=CARTESIAN_POINT('',(291.41038255857939,550.77034281634531,77.644534094977956));
#8528=CARTESIAN_POINT('',(291.3144408962375,550.37918685124635,77.992255714792435));
#8529=CARTESIAN_POINT('',(291.15323773247474,549.91768819647814,78.443841999982723));
#8530=CARTESIAN_POINT('',(290.93477951177596,549.49061004458031,78.921363499690131));
#8531=CARTESIAN_POINT('',(290.7228815281531,549.17102079855272,79.320415427434583));
#8532=CARTESIAN_POINT('',(290.49030312314176,548.87334057405428,79.722516836492815));
#8533=CARTESIAN_POINT('',(290.15871949867557,548.5392035315441,80.234954926172932));
#8534=CARTESIAN_POINT('',(289.77059558879137,548.25857960755661,80.761244114694819));
#8535=CARTESIAN_POINT('',(289.42398314374589,548.06981987231563,81.191037196349427));
#8536=CARTESIAN_POINT('',(289.0609520838766,547.9099741719599,81.616971367609295));
#8537=CARTESIAN_POINT('',(288.57447078469056,547.76330420150043,82.145285495937728));
#8538=CARTESIAN_POINT('',(288.04690048938733,547.6912703436177,82.665606526249178));
#8539=CARTESIAN_POINT('',(287.59973151100803,547.68190806432767,83.076647517782064));
#8540=CARTESIAN_POINT('',(287.14546292642842,547.70559103118956,83.475329576987093));
#8541=CARTESIAN_POINT('',(286.56497381560081,547.79642219682364,83.950956838761343));
#8542=CARTESIAN_POINT('',(285.85366812439008,548.00293762103024,84.481994029425337));
#8543=CARTESIAN_POINT('',(285.37341774962562,548.20677353231997,84.805916492028146));
#8544=CARTESIAN_POINT('',(285.13826543049566,548.32220100268728,84.956079433803637));
#8545=CARTESIAN_POINT('',(293.71083723544552,555.38433219065132,79.380530775915148));
#8546=CARTESIAN_POINT('',(293.83504728347293,554.91581255744563,79.658817168133822));
#8547=CARTESIAN_POINT('',(293.921343327302,554.34582310268365,80.037443519638671));
#8548=CARTESIAN_POINT('',(293.92334293947113,553.68358847308502,80.533949284566177));
#8549=CARTESIAN_POINT('',(293.90355401236553,553.35648508591817,80.791341708702618));
#8550=CARTESIAN_POINT('',(293.86275093887241,553.03571770712153,81.05637910430346));
#8551=CARTESIAN_POINT('',(293.78166554614199,552.62359851450503,81.414180647055602));
#8552=CARTESIAN_POINT('',(293.63123217154066,552.13442636562843,81.872398150340459));
#8553=CARTESIAN_POINT('',(293.41672864841189,551.68116722611717,82.346673598950431));
#8554=CARTESIAN_POINT('',(293.20672230863249,551.34256681124725,82.736661615156891));
#8555=CARTESIAN_POINT('',(292.97595794761952,551.02731858528773,83.126104797010129));
#8556=CARTESIAN_POINT('',(292.64863171641497,550.67415165254886,83.61589538554594));
#8557=CARTESIAN_POINT('',(292.2725069964024,550.37761474859326,84.111711929838734));
#8558=CARTESIAN_POINT('',(291.94241108764322,550.1764834591055,84.514403956263763));
#8559=CARTESIAN_POINT('',(291.60043660584449,550.00416868912271,84.913042746843047));
#8560=CARTESIAN_POINT('',(291.15018593544761,549.84101456559722,85.407377265823328));
#8561=CARTESIAN_POINT('',(290.67297061581706,549.74870338071605,85.8981312136941));
#8562=CARTESIAN_POINT('',(290.27443069547047,549.71938947143803,86.291215547416385));
#8563=CARTESIAN_POINT('',(289.87343481324217,549.72075486893891,86.676700212823405));
#8564=CARTESIAN_POINT('',(289.367511506749,549.77872562597736,87.146153479130817));
#8565=CARTESIAN_POINT('',(288.75453300347522,549.93768640507039,87.691440610229193));
#8566=CARTESIAN_POINT('',(288.34241523715059,550.1053528514434,88.043166421420437));
#8567=CARTESIAN_POINT('',(288.14051603092679,550.20252358816037,88.21187290529322));
#8575=(BOUNDED_SURFACE()B_SPLINE_SURFACE(3,2,((#8499,#8522,#8545),(#8500,#8523,#8546),(#8501,#8524,#8547),(#8502,#8525,#8548),(#8503,#8526,#8549),(#8504,#8527,#8550),(#8505,#8528,#8551),(#8506,#8529,#8552),(#8507,#8530,#8553),(#8508,#8531,#8554),(#8509,#8532,#8555),(#8510,#8533,#8556),(#8511,#8534,#8557),(#8512,#8535,#8558),(#8513,#8536,#8559),(#8514,#8537,#8560),(#8515,#8538,#8561),(#8516,#8539,#8562),(#8517,#8540,#8563),(#8518,#8541,#8564),(#8519,#8542,#8565),(#8520,#8543,#8566),(#8521,#8544,#8567)),.UNSPECIFIED.,.F.,.F.,.F.)B_SPLINE_SURFACE_WITH_KNOTS((4,1,1,1,1,1,1,1,1,1,1,1,1,1,1,1,1,1,1,1,4),(3,3),(0.040720718041476,0.043461222438922,0.044146348538284,0.044831474637646,0.045516600737007,0.046201726836369,0.047571979035092,0.048942231233815,0.049627357333177,0.050312483432539,0.051682735631262,0.053052987829985,0.053738113929347,0.054423240028709,0.055793492227432,0.057163744426155,0.057848870525517,0.058533996624879,0.059904248823602,0.061274501022325,0.062644753221048),(0.0,1.0),.UNSPECIFIED.)GEOMETRIC_REPRESENTATION_ITEM()RATIONAL_B_SPLINE_SURFACE(((1.0,0.732868679350069,1.0),(1.0,0.729847337527163,1.0),(1.0,0.726866750694329,1.0),(1.0,0.724667060625349,1.0),(1.0,0.723841627993199,1.0),(1.0,0.723297504365029,1.0),(1.0,0.722939997760577,1.0),(1.0,0.723128395503236,1.0),(1.0,0.724021133145318,1.0),(1.0,0.725051208314513,1.0),(1.0,0.726223849282584,1.0),(1.0,0.72787195051199,1.0),(1.0,0.729519270168182,1.0),(1.0,0.730686461511074,1.0),(1.0,0.731679284316894,1.0),(1.0,0.732520704315385,1.0),(1.0,0.732627074525397,1.0),(1.0,0.732148094458259,1.0),(1.0,0.731271498391853,1.0),(1.0,0.729398874690436,1.0),(1.0,0.725811422974784,1.0),(1.0,0.722451802048508,1.0),(1.0,0.720567977127615,1.0)))REPRESENTATION_ITEM('')SURFACE());
#8576=ORIENTED_EDGE('',*,*,#7488,.F.);
#8577=CARTESIAN_POINT('',(288.24616198135908,545.83147260003977,90.638238903197518));
#8578=DIRECTION('',(-0.782003438598351,0.311631532522513,0.539774406542238));
#8579=DIRECTION('',(-0.281421487938388,-0.949267166734671,0.140334572668587));
#8580=AXIS2_PLACEMENT_3D('',#8577,#8578,#8579);
#8581=ELLIPSE('',#8580,5.00006275774646,4.99933223068347);
#8582=EDGE_CURVE('',#4690,#7385,#8581,.F.);
#8583=ORIENTED_EDGE('',*,*,#8582,.F.);
#8584=ORIENTED_EDGE('',*,*,#4783,.F.);
#8585=ORIENTED_EDGE('',*,*,#8451,.T.);
#8586=EDGE_LOOP('',(#8576,#8583,#8584,#8585));
#8587=FACE_OUTER_BOUND('',#8586,.T.);
#8588=ADVANCED_FACE('',(#8587),#8575,.F.);
#8589=CARTESIAN_POINT('',(275.46135056927807,556.78903661353411,89.526469901793163));
#8590=CARTESIAN_POINT('',(274.73897595435488,560.77807048216664,87.781261000455743));
#8591=CARTESIAN_POINT('',(273.22462705351143,568.51869495110054,83.937629116742031));
#8592=CARTESIAN_POINT('',(271.12560086013679,577.66917605543495,78.354831511047124));
#8593=CARTESIAN_POINT('',(269.30702599894568,584.71028193824247,73.474702234330763));
#8594=CARTESIAN_POINT('',(267.87068140481898,589.86021248487953,69.620027226530055));
#8595=CARTESIAN_POINT('',(266.61174869039331,594.05012174481601,66.255885000805463));
#8596=CARTESIAN_POINT('',(265.56708408791008,597.34562277217492,63.479546770863436));
#8597=CARTESIAN_POINT('',(264.49747421783371,600.60498234137162,60.648541415712778));
#8598=CARTESIAN_POINT('',(263.12385232857633,604.58595832169397,57.037183385520294));
#8599=CARTESIAN_POINT('',(260.84917075069188,610.78613312192817,51.113928316985387));
#8600=CARTESIAN_POINT('',(257.87191953262175,618.2557620415871,43.469014396416824));
#8601=CARTESIAN_POINT('',(254.13463805495738,626.89517658635748,33.99104198856913));
#8602=CARTESIAN_POINT('',(250.30945152371902,635.32579333391243,24.280113647155378));
#8603=CARTESIAN_POINT('',(246.49693061372088,643.65057291240919,14.393239801169312));
#8604=CARTESIAN_POINT('',(242.81672792115882,651.95199469261911,4.368992738374714));
#8605=CARTESIAN_POINT('',(239.39905662206681,660.28332509203562,-5.777841937601488));
#8606=CARTESIAN_POINT('',(236.37449978350006,668.66269482740768,-16.059070694696153));
#8607=CARTESIAN_POINT('',(233.86453758241186,677.06325430118704,-26.519377673249696));
#8608=CARTESIAN_POINT('',(231.9665471682228,685.46269546137273,-37.194500848256538));
#8609=CARTESIAN_POINT('',(230.76632728425236,693.82813670239125,-48.126526558897218));
#8610=CARTESIAN_POINT('',(230.48324653358389,699.34921123495906,-55.622197199696366));
#8611=CARTESIAN_POINT('',(230.48324653358389,702.08566824534341,-59.432500484591259));
#8612=CARTESIAN_POINT('',(279.97530215096441,555.60187177756677,85.180672526920702));
#8613=CARTESIAN_POINT('',(279.22054099670737,559.45541681745237,83.42376351500053));
#8614=CARTESIAN_POINT('',(277.63614542685451,566.93451193938677,79.556069919651804));
#8615=CARTESIAN_POINT('',(275.44127362059021,575.74787803346715,73.950839792501995));
#8616=CARTESIAN_POINT('',(273.53859463758522,582.51568411995731,69.052582031970246));
#8617=CARTESIAN_POINT('',(272.0325198119242,587.46538743132919,65.177625341346584));
#8618=CARTESIAN_POINT('',(270.71160772271043,591.48418681426688,61.796454919878471));
#8619=CARTESIAN_POINT('',(269.61440349845037,594.64115457360288,59.005654863275154));
#8620=CARTESIAN_POINT('',(268.48811940426975,597.76630205247625,56.154510591254933));
#8621=CARTESIAN_POINT('',(267.03920871746686,601.57954641744118,52.515328753020839));
#8622=CARTESIAN_POINT('',(264.6315177914887,607.51617340436849,46.537340311415882));
#8623=CARTESIAN_POINT('',(261.46495022175782,614.65626440670053,38.812465134769191));
#8624=CARTESIAN_POINT('',(257.4716414921387,622.88068180093035,29.256489690407076));
#8625=CARTESIAN_POINT('',(253.35054948873045,630.90508161024354,19.472969743075609));
#8626=CARTESIAN_POINT('',(249.20323670731844,638.84539756153595,9.528179747261035));
#8627=CARTESIAN_POINT('',(245.15512002321441,646.79765854572292,-0.528714466308182));
#8628=CARTESIAN_POINT('',(241.34667976258174,654.82566374708631,-10.672147116319406));
#8629=CARTESIAN_POINT('',(237.92188367170314,662.95012706135867,-20.900237965720301));
#8630=CARTESIAN_POINT('',(235.01224650838077,671.14580053499765,-31.258420944548963));
#8631=CARTESIAN_POINT('',(232.71955119620745,679.39678991332198,-41.808128030203086));
#8632=CARTESIAN_POINT('',(231.13605990488514,687.65763857774141,-52.589263860690103));
#8633=CARTESIAN_POINT('',(230.6049199752203,693.14034667250496,-59.983750920335048));
#8634=CARTESIAN_POINT('',(230.48324653358384,695.86210450546844,-63.742682141484138));
#8635=CARTESIAN_POINT('',(283.16873095984465,558.30947208659359,89.99128444872305));
#8636=CARTESIAN_POINT('',(282.45152395880228,562.33378619316557,88.127108134065764));
#8637=CARTESIAN_POINT('',(280.94733781227649,570.12693306554365,84.03686765482712));
#8638=CARTESIAN_POINT('',(278.86119749759581,579.29636942423133,78.128969855639511));
#8639=CARTESIAN_POINT('',(277.05324674838846,586.32294866553377,72.98220741673147));
#8640=CARTESIAN_POINT('',(275.62502894548652,591.44666419655744,68.925347579818748));
#8641=CARTESIAN_POINT('',(274.37297638345308,595.60157264539566,65.391839059652114));
#8642=CARTESIAN_POINT('',(273.33384153985497,598.86096271469535,62.480123034925199));
#8643=CARTESIAN_POINT('',(272.26975812503548,602.07873162057331,59.514049693781871));
#8644=CARTESIAN_POINT('',(270.90294749501959,605.99778070503112,55.736075212326746));
#8645=CARTESIAN_POINT('',(268.63873828107052,612.07765018849193,49.55230405628938));
#8646=CARTESIAN_POINT('',(265.6732422517947,619.35731783377753,41.596420167484418));
#8647=CARTESIAN_POINT('',(261.94549654532278,627.70683671809184,31.778987222290532));
#8648=CARTESIAN_POINT('',(258.12190858193111,635.78817379743759,21.772296167379213));
#8649=CARTESIAN_POINT('',(254.29884924995594,643.70796639282548,11.642374619099641));
#8650=CARTESIAN_POINT('',(250.59110033646121,651.5531391066047,1.435546364457969));
#8651=CARTESIAN_POINT('',(247.12354005106374,659.38240494582647,-8.827551310631003));
#8652=CARTESIAN_POINT('',(244.02137680743809,667.21813211145627,-19.152560238252001));
#8653=CARTESIAN_POINT('',(241.40038893724892,675.04399187979118,-29.584266226871229));
#8654=CARTESIAN_POINT('',(239.35373360768236,682.8579026041773,-40.171698748799365));
#8655=CARTESIAN_POINT('',(237.96519714291321,690.63276489513191,-50.956664814661778));
#8656=CARTESIAN_POINT('',(237.52926402521666,695.76253069337372,-58.316999811818008));
#8657=CARTESIAN_POINT('',(237.44596369993644,698.3051235830967,-62.050748635867791));
#8665=(BOUNDED_SURFACE()B_SPLINE_SURFACE(3,2,((#8589,#8612,#8635),(#8590,#8613,#8636),(#8591,#8614,#8637),(#8592,#8615,#8638),(#8593,#8616,#8639),(#8594,#8617,#8640),(#8595,#8618,#8641),(#8596,#8619,#8642),(#8597,#8620,#8643),(#8598,#8621,#8644),(#8599,#8622,#8645),(#8600,#8623,#8646),(#8601,#8624,#8647),(#8602,#8625,#8648),(#8603,#8626,#8649),(#8604,#8627,#8650),(#8605,#8628,#8651),(#8606,#8629,#8652),(#8607,#8630,#8653),(#8608,#8631,#8654),(#8609,#8632,#8655),(#8610,#8633,#8656),(#8611,#8634,#8657)),.UNSPECIFIED.,.F.,.F.,.F.)B_SPLINE_SURFACE_WITH_KNOTS((4,1,1,1,1,1,1,1,1,1,1,1,1,1,1,1,1,1,1,1,4),(3,3),(6.938894E-018,0.013456845192963,0.026913690385927,0.033642112982409,0.04037053557889,0.047098958175372,0.050463169473613,0.053827380771854,0.060555803368336,0.067284225964817,0.080741071157781,0.094197916350744,0.107654761543708,0.121111606736671,0.134568451929635,0.148025297122598,0.161482142315561,0.174938987508525,0.188395832701488,0.201852677894452,0.215309523087415),(0.0,1.0),.UNSPECIFIED.)GEOMETRIC_REPRESENTATION_ITEM()RATIONAL_B_SPLINE_SURFACE(((1.0,0.616996847028694,1.0),(1.0,0.616378167865834,1.0),(1.0,0.614921484878518,1.0),(1.0,0.612314410683357,1.0),(1.0,0.609644137840968,1.0),(1.0,0.607330301981715,1.0),(1.0,0.605131979073634,1.0),(1.0,0.603209509080452,1.0),(1.0,0.60117853880674,1.0),(1.0,0.598458396781167,1.0),(1.0,0.593744788330724,1.0),(1.0,0.587251683094119,1.0),(1.0,0.578867516854229,1.0),(1.0,0.570408249215618,1.0),(1.0,0.562480404397853,1.0),(1.0,0.555702597764103,1.0),(1.0,0.550590595750316,1.0),(1.0,0.547511473004965,1.0),(1.0,0.5464379750811,1.0),(1.0,0.546902539528498,1.0),(1.0,0.548607382743767,1.0),(1.0,0.550253180787748,1.0),(1.0,0.55111549004246,1.0)))REPRESENTATION_ITEM('')SURFACE());
#8666=ORIENTED_EDGE('',*,*,#8493,.T.);
#8667=ORIENTED_EDGE('',*,*,#4976,.F.);
#8668=CARTESIAN_POINT('',(278.90918635711279,558.74628603526014,92.573042251381651));
#8669=DIRECTION('',(-0.153323776273261,0.901173868711692,-0.405434924470636));
#8670=DIRECTION('',(0.0,0.410286145224978,0.911956840555751));
#8671=AXIS2_PLACEMENT_3D('',#8668,#8669,#8670);
#8672=CIRCLE('',#8671,5.0);
#8673=EDGE_CURVE('',#1346,#4786,#8672,.T.);
#8674=ORIENTED_EDGE('',*,*,#8673,.F.);
#8675=ORIENTED_EDGE('',*,*,#1451,.F.);
#8676=EDGE_LOOP('',(#8666,#8667,#8674,#8675));
#8677=FACE_OUTER_BOUND('',#8676,.T.);
#8678=ADVANCED_FACE('',(#8677),#8665,.F.);
#8679=CARTESIAN_POINT('',(283.16873095984454,558.30947208659347,89.991284448722993));
#8680=CARTESIAN_POINT('',(283.23500960460331,557.91035178028199,90.168163224912291));
#8681=CARTESIAN_POINT('',(283.36671074110495,557.30242843755059,90.375826367687552));
#8682=CARTESIAN_POINT('',(283.60552991246578,556.47810606362918,90.546161010952602));
#8683=CARTESIAN_POINT('',(283.81911369918811,555.84943862435841,90.621231795666475));
#8684=CARTESIAN_POINT('',(284.06167759617784,555.2303466274642,90.64241399766783));
#8685=CARTESIAN_POINT('',(284.33188341594393,554.62458633952224,90.612949382553836));
#8686=CARTESIAN_POINT('',(284.63054970372508,554.03230040206427,90.535024806100012));
#8687=CARTESIAN_POINT('',(284.96052543899748,553.45271253554336,90.40869813638534));
#8688=CARTESIAN_POINT('',(285.31194848833644,552.90557883561655,90.239902550067242));
#8689=CARTESIAN_POINT('',(285.68613341068141,552.38902978225087,90.031112320275469));
#8690=CARTESIAN_POINT('',(286.08387402303094,551.90409484948179,89.783806374734226));
#8691=CARTESIAN_POINT('',(286.50695566564775,551.45233230889801,89.498079498122962));
#8692=CARTESIAN_POINT('',(286.94245826086433,551.04876690722995,89.184472033602731));
#8693=CARTESIAN_POINT('',(287.39309190481606,550.69034933393118,88.843010264419334));
#8694=CARTESIAN_POINT('',(287.85880900970739,550.37843849912463,88.474699372881034));
#8695=CARTESIAN_POINT('',(288.18031981676438,550.2025764354496,88.210657863744501));
#8696=CARTESIAN_POINT('',(288.3407009447219,550.1244744881725,88.076629592856634));
#8697=CARTESIAN_POINT('',(279.97530215096435,555.60187177756666,85.180672526920503));
#8698=CARTESIAN_POINT('',(280.0285829392293,555.32007258291276,85.323258344127893));
#8699=CARTESIAN_POINT('',(280.1290289279226,554.89434702246695,85.522279097829909));
#8700=CARTESIAN_POINT('',(280.31789542130963,554.28822900340811,85.759465944286021));
#8701=CARTESIAN_POINT('',(280.49259861580742,553.80904989730914,85.919505105145333));
#8702=CARTESIAN_POINT('',(280.70028668899351,553.31526515133623,86.05322685149693));
#8703=CARTESIAN_POINT('',(280.94312920478023,552.80881135523612,86.156247653804186));
#8704=CARTESIAN_POINT('',(281.22456445172526,552.28998735373602,86.22462532447085));
#8705=CARTESIAN_POINT('',(281.5498999302626,551.75860454546546,86.253312158109608));
#8706=CARTESIAN_POINT('',(281.91070654245959,551.2352374882114,86.237849676364661));
#8707=CARTESIAN_POINT('',(282.30831094237311,550.72204654899122,86.176824392072703));
#8708=CARTESIAN_POINT('',(282.74332102298854,550.22341612612001,86.068246359484363));
#8709=CARTESIAN_POINT('',(283.21723445893866,549.7440307581719,85.909277724518148));
#8710=CARTESIAN_POINT('',(283.71410632158836,549.303480242521,85.704728334562134));
#8711=CARTESIAN_POINT('',(284.23492649855439,548.90213822831367,85.454889065541039));
#8712=CARTESIAN_POINT('',(284.77773121658652,548.5441800113598,85.160337430557831));
#8713=CARTESIAN_POINT('',(285.15492999960134,548.33659790025206,84.932974517487807));
#8714=CARTESIAN_POINT('',(285.34298908281022,548.24325456392546,84.814126585303001));
#8715=CARTESIAN_POINT('',(275.46135056927795,556.78903661353388,89.526469901793121));
#8716=CARTESIAN_POINT('',(275.57821028551712,556.14372412080013,89.808795181724847));
#8717=CARTESIAN_POINT('',(275.81996967280691,555.16749727415947,90.1508056167078));
#8718=CARTESIAN_POINT('',(276.27018527567935,553.8553795100471,90.454398528295869));
#8719=CARTESIAN_POINT('',(276.67660311360908,552.86020966481135,90.606445088067773));
#8720=CARTESIAN_POINT('',(277.14057067392702,551.88524706733506,90.679112963363735));
#8721=CARTESIAN_POINT('',(277.65860804783932,550.93577976890242,90.676231661178917));
#8722=CARTESIAN_POINT('',(278.23139984000301,550.01149552296329,90.600337369406958));
#8723=CARTESIAN_POINT('',(278.86347418779985,549.11077071736815,90.450824871672864));
#8724=CARTESIAN_POINT('',(279.53501786148934,548.2637610900839,90.234489480900905));
#8725=CARTESIAN_POINT('',(280.24771263040111,547.46693187150117,89.95449679358849));
#8726=CARTESIAN_POINT('',(281.0022554648445,546.7213722569295,89.612350683009666));
#8727=CARTESIAN_POINT('',(281.80116335600235,546.02905549992147,89.207401926980737));
#8728=CARTESIAN_POINT('',(282.6193860151825,545.41253856514948,88.754159565296476));
#8729=CARTESIAN_POINT('',(283.46158382030706,544.86670008689043,88.252487782034819));
#8730=CARTESIAN_POINT('',(284.32721976452206,544.39329021965364,87.703489930356113));
#8731=CARTESIAN_POINT('',(284.92144949695773,544.12745562964597,87.304729574402486));
#8732=CARTESIAN_POINT('',(285.21703358560308,544.00968592974391,87.101094559963343));
#8740=(BOUNDED_SURFACE()B_SPLINE_SURFACE(3,2,((#8679,#8697,#8715),(#8680,#8698,#8716),(#8681,#8699,#8717),(#8682,#8700,#8718),(#8683,#8701,#8719),(#8684,#8702,#8720),(#8685,#8703,#8721),(#8686,#8704,#8722),(#8687,#8705,#8723),(#8688,#8706,#8724),(#8689,#8707,#8725),(#8690,#8708,#8726),(#8691,#8709,#8727),(#8692,#8710,#8728),(#8693,#8711,#8729),(#8694,#8712,#8730),(#8695,#8713,#8731),(#8696,#8714,#8732)),.UNSPECIFIED.,.F.,.F.,.F.)B_SPLINE_SURFACE_WITH_KNOTS((4,1,1,1,1,1,1,1,1,1,1,1,1,1,1,4),(3,3),(0.041006029751775,0.043181062944398,0.04426857954071,0.045356096137022,0.046443612733334,0.047531129329646,0.048618645925957,0.049706162522269,0.050793679118581,0.051881195714893,0.052968712311205,0.054056228907516,0.055143745503828,0.05623126210014,0.057318778696452,0.058406295292763),(0.0,1.0),.UNSPECIFIED.)GEOMETRIC_REPRESENTATION_ITEM()RATIONAL_B_SPLINE_SURFACE(((1.0,0.61699684702869,1.0),(1.0,0.618042902435939,1.0),(1.0,0.62104020181783,1.0),(1.0,0.627410525038137,1.0),(1.0,0.633322243614323,1.0),(1.0,0.640066215556808,1.0),(1.0,0.647445780680377,1.0),(1.0,0.655328407465091,1.0),(1.0,0.663620398768753,1.0),(1.0,0.671922859552561,1.0),(1.0,0.680144555476993,1.0),(1.0,0.688179671994322,1.0),(1.0,0.695930659272665,1.0),(1.0,0.703071471381109,1.0),(1.0,0.709597151236357,1.0),(1.0,0.715447646521667,1.0),(1.0,0.718866503281825,1.0),(1.0,0.720419284270523,1.0)))REPRESENTATION_ITEM('')SURFACE());
#8741=ORIENTED_EDGE('',*,*,#7391,.F.);
#8742=ORIENTED_EDGE('',*,*,#6902,.F.);
#8743=ORIENTED_EDGE('',*,*,#8673,.T.);
#8744=ORIENTED_EDGE('',*,*,#4864,.F.);
#8745=ORIENTED_EDGE('',*,*,#8582,.T.);
#8746=EDGE_LOOP('',(#8741,#8742,#8743,#8744,#8745));
#8747=FACE_OUTER_BOUND('',#8746,.T.);
#8748=ADVANCED_FACE('',(#8747),#8740,.F.);
#8749=CARTESIAN_POINT('',(233.84787781748838,517.96228212516939,-213.08725207546553));
#8750=CARTESIAN_POINT('',(233.97038216057001,515.05243588313328,-218.56096041393471));
#8751=CARTESIAN_POINT('',(234.21576901734824,508.86424315490905,-229.23195908285348));
#8752=CARTESIAN_POINT('',(234.69120206979031,495.26264655697048,-249.63622885653538));
#8753=CARTESIAN_POINT('',(235.01353429955842,483.92640776358451,-264.05166645779877));
#8754=CARTESIAN_POINT('',(235.20350066159583,476.04653280035222,-273.39656570580166));
#8755=CARTESIAN_POINT('',(230.48324653358446,516.93777828685006,-212.53360093595035));
#8756=CARTESIAN_POINT('',(230.48324653527192,514.06332294466574,-218.06001806732291));
#8757=CARTESIAN_POINT('',(230.48324653283413,507.94109550575877,-228.85380230065186));
#8758=CARTESIAN_POINT('',(230.48324653390677,494.47253668856899,-249.56938860883398));
#8759=CARTESIAN_POINT('',(230.48324653433724,483.45412802956105,-263.94307334616292));
#8760=CARTESIAN_POINT('',(230.48324653358438,475.84446758895217,-273.22587747383079));
#8761=CARTESIAN_POINT('',(230.48324653358441,513.80544541220354,-210.84085992266736));
#8762=CARTESIAN_POINT('',(230.48324653358441,510.91221555440734,-216.19463757053188));
#8763=CARTESIAN_POINT('',(230.48324653358404,504.76780387096198,-226.64570272968251));
#8764=CARTESIAN_POINT('',(230.48324653358497,491.28223969818214,-246.69030955780869));
#8765=CARTESIAN_POINT('',(230.48324653358438,480.0491476239028,-260.92200437992813));
#8766=CARTESIAN_POINT('',(230.48324653358438,472.23288236762892,-270.17510444977296));
#8774=(BOUNDED_SURFACE()B_SPLINE_SURFACE(3,2,((#8749,#8755,#8761),(#8750,#8756,#8762),(#8751,#8757,#8763),(#8752,#8758,#8764),(#8753,#8759,#8765),(#8754,#8760,#8766)),.UNSPECIFIED.,.F.,.F.,.F.)B_SPLINE_SURFACE_WITH_KNOTS((4,1,1,4),(3,3),(0.0,0.018111188857235,0.03622237771447,0.072444755428939),(0.0,1.0),.UNSPECIFIED.)GEOMETRIC_REPRESENTATION_ITEM()RATIONAL_B_SPLINE_SURFACE(((1.0,0.814577725947382,1.0),(1.0,0.807058226106344,1.0),(1.0,0.791785038752187,1.0),(1.0,0.76131930307261,1.0),(1.0,0.739690542860096,1.0),(1.0,0.726618598164717,1.0)))REPRESENTATION_ITEM('')SURFACE());
#8775=ORIENTED_EDGE('',*,*,#3620,.F.);
#8776=ORIENTED_EDGE('',*,*,#1530,.F.);
#8777=CARTESIAN_POINT('',(235.48324653358438,513.80544541220354,-210.84085992266736));
#8778=DIRECTION('',(0.0,-0.475427505180347,-0.879754901843685));
#8779=DIRECTION('',(0.0,0.879754901843685,-0.475427505180347));
#8780=AXIS2_PLACEMENT_3D('',#8777,#8778,#8779);
#8781=CIRCLE('',#8780,5.000000000000001);
#8782=EDGE_CURVE('',#2803,#1507,#8781,.T.);
#8783=ORIENTED_EDGE('',*,*,#8782,.F.);
#8784=ORIENTED_EDGE('',*,*,#2863,.F.);
#8785=EDGE_LOOP('',(#8775,#8776,#8783,#8784));
#8786=FACE_OUTER_BOUND('',#8785,.T.);
#8787=ADVANCED_FACE('',(#8786),#8774,.F.);
#8788=CARTESIAN_POINT('',(230.48324802064036,513.79407232327253,-210.86242573630142));
#8789=CARTESIAN_POINT('',(230.48204821208225,518.32390417857187,-202.15621906158123));
#8790=CARTESIAN_POINT('',(231.5703727638807,524.59878753843816,-189.06821830774919));
#8791=CARTESIAN_POINT('',(234.55006940361221,531.43724708009881,-173.936820277099));
#8792=CARTESIAN_POINT('',(236.70130646543754,535.26061293248972,-165.35818775963378));
#8793=CARTESIAN_POINT('',(238.52760486884512,538.0991316530525,-158.96073397553596));
#8794=CARTESIAN_POINT('',(240.55258505147788,540.91883904530971,-152.60577603853915));
#8795=CARTESIAN_POINT('',(242.7632234202197,543.73081133656137,-146.28990188197344));
#8796=CARTESIAN_POINT('',(245.13057036208309,546.53481707285812,-140.0430914443991));
#8797=CARTESIAN_POINT('',(248.46240730000727,550.27314670775195,-131.81209515036716));
#8798=CARTESIAN_POINT('',(252.8997580292372,554.9639450115078,-121.69109343634881));
#8799=CARTESIAN_POINT('',(258.46820619367526,560.61311362526749,-109.74597177434318));
#8800=CARTESIAN_POINT('',(264.09379840140065,566.20683567839274,-97.899137542287662));
#8801=CARTESIAN_POINT('',(269.61148268377667,571.61935355321884,-86.03116157557514));
#8802=CARTESIAN_POINT('',(274.00966711387764,575.84490850575571,-76.017768523731505));
#8803=CARTESIAN_POINT('',(277.36254885166721,578.96247035867657,-67.870477515442062));
#8804=CARTESIAN_POINT('',(279.78720119781059,581.14446516270618,-61.675980202292884));
#8805=CARTESIAN_POINT('',(282.11560557192013,583.14429145764234,-55.3844414480333));
#8806=CARTESIAN_POINT('',(284.34660075200674,584.93596766507744,-48.973170139665839));
#8807=CARTESIAN_POINT('',(286.44834934701271,586.46900968912018,-42.522329624443138));
#8808=CARTESIAN_POINT('',(289.08661102512849,588.14351986876693,-33.850033450372074));
#8809=CARTESIAN_POINT('',(292.08586499883722,589.48806113894614,-22.865525792251557));
#8810=CARTESIAN_POINT('',(294.19533109021,589.64132146492511,-13.911177327571638));
#8811=CARTESIAN_POINT('',(295.18725528542592,589.4497778763091,-9.384248935462496));
#8812=CARTESIAN_POINT('',(230.48342470501998,516.92655469660633,-212.55545705733306));
#8813=CARTESIAN_POINT('',(230.37254816283624,521.44315134195085,-203.79706991380579));
#8814=CARTESIAN_POINT('',(231.29395360415208,527.6982160980582,-190.60288596398411));
#8815=CARTESIAN_POINT('',(234.08360552193466,534.53171019467402,-175.30683062054209));
#8816=CARTESIAN_POINT('',(236.11756542386897,538.34635812906572,-166.65544519353446));
#8817=CARTESIAN_POINT('',(237.85131552472379,541.17907948148127,-160.20712319141384));
#8818=CARTESIAN_POINT('',(239.77912347718939,543.99553732232766,-153.80154511952318));
#8819=CARTESIAN_POINT('',(241.88704211019893,546.8073058353566,-147.43477559602343));
#8820=CARTESIAN_POINT('',(244.14446577534869,549.61417535856026,-141.13935405503358));
#8821=CARTESIAN_POINT('',(247.322733082892,553.36356012267379,-132.83661964417567));
#8822=CARTESIAN_POINT('',(251.55586299134919,558.08157498692879,-122.60862039351223));
#8823=CARTESIAN_POINT('',(256.8461474556255,563.76185964946819,-110.53149352527238));
#8824=CARTESIAN_POINT('',(262.17245110034037,569.3817273507168,-98.52753652605287));
#8825=CARTESIAN_POINT('',(267.37874022404799,574.80382250278024,-86.476267345095522));
#8826=CARTESIAN_POINT('',(271.50604988725877,579.00417312598802,-76.317523433366404));
#8827=CARTESIAN_POINT('',(274.64943905055952,582.08767975289459,-68.04560242396964));
#8828=CARTESIAN_POINT('',(276.92714642294101,584.24156082973195,-61.738643611216013));
#8829=CARTESIAN_POINT('',(279.11411585006175,586.20464889817936,-55.331995694567539));
#8830=CARTESIAN_POINT('',(281.20999983646311,587.95078660161903,-48.803936429756774));
#8831=CARTESIAN_POINT('',(283.18563681160316,589.43046448960934,-42.236987950463117));
#8832=CARTESIAN_POINT('',(285.67271562923321,591.02714662120013,-33.394382944903874));
#8833=CARTESIAN_POINT('',(288.50290466679257,592.25274275290485,-22.208490938486506));
#8834=CARTESIAN_POINT('',(290.49312747717914,592.29479264522422,-13.133285375457543));
#8835=CARTESIAN_POINT('',(291.43195559733545,592.04585788022337,-8.542777993948763));
#8836=CARTESIAN_POINT('',(233.84845177167313,517.95094288947143,-213.10865013068752));
#8837=CARTESIAN_POINT('',(233.65465927318328,522.52677553228341,-204.50219918844221));
#8838=CARTESIAN_POINT('',(234.42560192104656,528.86937162454592,-191.54517599463929));
#8839=CARTESIAN_POINT('',(237.00763879503523,535.79719944447231,-176.54169957038505));
#8840=CARTESIAN_POINT('',(238.92621993044804,539.6783375736926,-168.02837363665066));
#8841=CARTESIAN_POINT('',(240.57581673232607,542.56448813178088,-161.67569320303542));
#8842=CARTESIAN_POINT('',(242.42247241929925,545.43720583503068,-155.36047483382598));
#8843=CARTESIAN_POINT('',(244.4534881022328,548.30836347911838,-149.07946314860095));
#8844=CARTESIAN_POINT('',(246.64097535294005,551.17740167267004,-142.86611432489178));
#8845=CARTESIAN_POINT('',(249.73348220605595,555.01203609187212,-134.67325537358286));
#8846=CARTESIAN_POINT('',(253.87358009738813,559.84351560146956,-124.58171149142692));
#8847=CARTESIAN_POINT('',(259.09281038729483,565.6970195573532,-112.62200529465619));
#8848=CARTESIAN_POINT('',(264.38137973804839,571.52743973203076,-100.69165071471311));
#8849=CARTESIAN_POINT('',(269.57853707677759,577.20006178902827,-88.655091576385573));
#8850=CARTESIAN_POINT('',(273.72617943531839,581.65024426654315,-78.420133969344349));
#8851=CARTESIAN_POINT('',(276.88964385145505,584.94337642796802,-70.042993600085182));
#8852=CARTESIAN_POINT('',(279.17787532599868,587.25250585474828,-63.649187725145339));
#8853=CARTESIAN_POINT('',(281.37562373749398,589.37233738120869,-57.131055489446432));
#8854=CARTESIAN_POINT('',(283.48162609945592,591.27427675613171,-50.465216372873073));
#8855=CARTESIAN_POINT('',(285.46570834060537,592.90366013009407,-43.735849573353349));
#8856=CARTESIAN_POINT('',(287.9562939628488,594.68514052329363,-34.661376964489477));
#8857=CARTESIAN_POINT('',(290.78763081545571,596.11724058948721,-23.119265080257463));
#8858=CARTESIAN_POINT('',(292.77904443294898,596.27923056599002,-13.667028999090455));
#8859=CARTESIAN_POINT('',(293.71554466126395,596.07349069528584,-8.879490568773973));
#8867=(BOUNDED_SURFACE()B_SPLINE_SURFACE(3,2,((#8788,#8812,#8836),(#8789,#8813,#8837),(#8790,#8814,#8838),(#8791,#8815,#8839),(#8792,#8816,#8840),(#8793,#8817,#8841),(#8794,#8818,#8842),(#8795,#8819,#8843),(#8796,#8820,#8844),(#8797,#8821,#8845),(#8798,#8822,#8846),(#8799,#8823,#8847),(#8800,#8824,#8848),(#8801,#8825,#8849),(#8802,#8826,#8850),(#8803,#8827,#8851),(#8804,#8828,#8852),(#8805,#8829,#8853),(#8806,#8830,#8854),(#8807,#8831,#8855),(#8808,#8832,#8856),(#8809,#8833,#8857),(#8810,#8834,#8858),(#8811,#8835,#8859)),.UNSPECIFIED.,.F.,.F.,.F.)B_SPLINE_SURFACE_WITH_KNOTS((4,1,1,1,1,1,1,1,1,1,1,1,1,1,1,1,1,1,1,1,1,4),(3,3),(-0.000023424770053,0.028261927242886,0.042392890864328,0.04945837267505,0.056523854485771,0.063589336296492,0.070654818107214,0.077720299917935,0.084785781728657,0.098916745350099,0.113047708971542,0.127178672592985,0.141309636214428,0.15544059983587,0.162506081646592,0.169571563457313,0.176637045268035,0.183702527078756,0.190768008889477,0.197833490700199,0.211964454321641,0.226118842713137),(-0.000023424770053,1.000017137195706),.UNSPECIFIED.)GEOMETRIC_REPRESENTATION_ITEM()RATIONAL_B_SPLINE_SURFACE(((1.000008687484456,0.814563103089559,1.000006355587906),(1.000008553581503,0.817421300802242,1.000006257627214),(1.000008336028749,0.822065027961864,1.00000609847002),(1.000008161323909,0.825794153876103,1.000005970659493),(1.000008098213407,0.827141266015499,1.000005924489126),(1.000008072436513,0.827691481350898,1.000005905631272),(1.000008070923569,0.827723775584199,1.000005904524432),(1.000008096927073,0.827168723180328,1.00000592354807),(1.000008156859556,0.825889446794244,1.000005967393463),(1.000008281009069,0.823239439125805,1.000006058218735),(1.000008518072758,0.81817924534616,1.000006231649735),(1.000008917917151,0.809644449820153,1.000006524167805),(1.000009405718481,0.799232187740852,1.000006881033391),(1.000009946221252,0.787694998006077,1.000007276454285),(1.000010408845883,0.777820139933027,1.000007614901108),(1.000010768807187,0.770136660598829,1.000007878241517),(1.000011030061586,0.764560109020224,1.000008069369951),(1.000011279325529,0.759239497251342,1.00000825172641),(1.000011514229581,0.7542254015394,1.000008423577463),(1.000011729732294,0.749625433109688,1.000008581234888),(1.000011990771748,0.744053469606144,1.000008772206073),(1.000012267276744,0.73815138959151,1.000008974491535),(1.000012439527442,0.734474648043234,1.000009100506662),(1.000012515650704,0.732849774757569,1.0000091561969)))REPRESENTATION_ITEM('')SURFACE());
#8868=ORIENTED_EDGE('',*,*,#8782,.T.);
#8869=ORIENTED_EDGE('',*,*,#1671,.F.);
#8870=CARTESIAN_POINT('',(297.94948355560928,593.59273262310626,-9.838751648848934));
#8871=DIRECTION('',(-0.19842648853399,0.030382133824032,-0.979644759385957));
#8872=DIRECTION('',(-0.980097214978173,0.0,0.198518133156717));
#8873=AXIS2_PLACEMENT_3D('',#8870,#8871,#8872);
#8874=CIRCLE('',#8873,5.0);
#8875=EDGE_CURVE('',#4318,#1604,#8874,.T.);
#8876=ORIENTED_EDGE('',*,*,#8875,.F.);
#8877=ORIENTED_EDGE('',*,*,#4356,.F.);
#8878=EDGE_LOOP('',(#8868,#8869,#8876,#8877));
#8879=FACE_OUTER_BOUND('',#8878,.T.);
#8880=ADVANCED_FACE('',(#8879),#8867,.F.);
#8881=CARTESIAN_POINT('',(230.48324653358432,549.21058577832912,-205.3544793174008));
#8882=CARTESIAN_POINT('',(230.48324653358449,546.2726409264169,-211.57126342805168));
#8883=CARTESIAN_POINT('',(230.48324653358412,539.97906382653866,-223.72733389335852));
#8884=CARTESIAN_POINT('',(230.48324653358475,529.48551776173736,-241.26383862574119));
#8885=CARTESIAN_POINT('',(230.48324653358404,518.10345111012737,-258.21120913567046));
#8886=CARTESIAN_POINT('',(230.48324653358429,510.01560803552479,-269.17864793794689));
#8887=CARTESIAN_POINT('',(230.48324653358429,505.86712803370636,-274.59316187505698));
#8888=CARTESIAN_POINT('',(230.48324653358381,542.36593808985538,-202.11981721493277));
#8889=CARTESIAN_POINT('',(230.48324653530932,539.76143061631876,-208.14313858909952));
#8890=CARTESIAN_POINT('',(230.48324653276399,534.10914855141652,-219.99987255954451));
#8891=CARTESIAN_POINT('',(230.48324653394741,524.27867031105495,-237.54498371331238));
#8892=CARTESIAN_POINT('',(230.48324653294168,513.44319236495846,-254.55850862604424));
#8893=CARTESIAN_POINT('',(230.48324653481876,505.54820049508169,-265.73582119679668));
#8894=CARTESIAN_POINT('',(230.48324653358432,501.48858497539607,-271.23841969080434));
#8895=CARTESIAN_POINT('',(237.44603120230377,545.05285199905893,-203.38960625154277));
#8896=CARTESIAN_POINT('',(237.32127723658391,542.11417929274796,-209.48330912975683));
#8897=CARTESIAN_POINT('',(237.06701543976595,535.83129728117694,-221.40984743615638));
#8898=CARTESIAN_POINT('',(236.68453303537001,525.38375707592661,-238.65530401211089));
#8899=CARTESIAN_POINT('',(236.31402686028616,514.07007275309479,-255.36485424766792));
#8900=CARTESIAN_POINT('',(236.08278739996592,506.03724085845073,-266.20726958955584));
#8901=CARTESIAN_POINT('',(235.97272266885079,501.91722344225184,-271.56683293863699));
#8909=(BOUNDED_SURFACE()B_SPLINE_SURFACE(3,2,((#8881,#8888,#8895),(#8882,#8889,#8896),(#8883,#8890,#8897),(#8884,#8891,#8898),(#8885,#8892,#8899),(#8886,#8893,#8900),(#8887,#8894,#8901)),.UNSPECIFIED.,.F.,.F.,.F.)B_SPLINE_SURFACE_WITH_KNOTS((4,1,1,1,4),(3,3),(-0.000002595696813,0.020414355294393,0.040828710588787,0.06124306588318,0.081657421177573),(0.0,1.000002595696813),.UNSPECIFIED.)GEOMETRIC_REPRESENTATION_ITEM()RATIONAL_B_SPLINE_SURFACE(((1.0,0.551110007992741,1.000002330364643),(1.0,0.562428445279337,1.00000227160618),(1.0,0.584792824068886,1.000002155503887),(1.0,0.616591481751486,1.000001990424538),(1.0,0.645895452009315,1.000001838296093),(1.0,0.663410752607413,1.000001747367273),(1.0,0.671604910226361,1.000001704828176)))REPRESENTATION_ITEM('')SURFACE());
#8910=ORIENTED_EDGE('',*,*,#3600,.F.);
#8911=ORIENTED_EDGE('',*,*,#2906,.F.);
#8912=CARTESIAN_POINT('',(235.48324653358432,549.20946522662564,-205.35685041204408));
#8913=DIRECTION('',(2.007547E-014,-0.427281100319163,-0.904118831409923));
#8914=DIRECTION('',(0.0,0.904118831409923,-0.427281100319163));
#8915=AXIS2_PLACEMENT_3D('',#8912,#8913,#8914);
#8916=CIRCLE('',#8915,5.0);
#8917=EDGE_CURVE('',#1752,#2876,#8916,.T.);
#8918=ORIENTED_EDGE('',*,*,#8917,.F.);
#8919=ORIENTED_EDGE('',*,*,#1764,.F.);
#8920=EDGE_LOOP('',(#8910,#8911,#8918,#8919));
#8921=FACE_OUTER_BOUND('',#8920,.T.);
#8922=ADVANCED_FACE('',(#8921),#8909,.F.);
#8923=CARTESIAN_POINT('',(295.1822010965127,589.45081579793987,-9.406695165297348));
#8924=CARTESIAN_POINT('',(295.3727221623663,589.41420341518995,-8.537410306021817));
#8925=CARTESIAN_POINT('',(295.49359818657786,589.43214852088727,-7.448872039831));
#8926=CARTESIAN_POINT('',(295.46697056145285,589.54359945181079,-6.139728790059062));
#8927=CARTESIAN_POINT('',(295.41844647980861,589.61799097300695,-5.483513961586026));
#8928=CARTESIAN_POINT('',(295.33440258636779,589.71098338490731,-4.830011878105434));
#8929=CARTESIAN_POINT('',(295.17749058321402,589.8576768337166,-3.976665253147032));
#8930=CARTESIAN_POINT('',(294.89850956925551,590.0841100247618,-2.937047668310497));
#8931=CARTESIAN_POINT('',(294.51062353434469,590.36971427821891,-1.933921242992406));
#8932=CARTESIAN_POINT('',(294.13441844654898,590.63608205831486,-1.15584968946386));
#8933=CARTESIAN_POINT('',(293.7226639641471,590.92271172485869,-0.410225278091897));
#8934=CARTESIAN_POINT('',(293.1407848566231,591.32132421052393,0.468189618082055));
#8935=CARTESIAN_POINT('',(292.47317066947204,591.77598505849221,1.273913178007068));
#8936=CARTESIAN_POINT('',(291.88681615086432,592.17701777940567,1.87390879143387));
#8937=CARTESIAN_POINT('',(291.27876810570257,592.59496991571928,2.431148777172816));
#8938=CARTESIAN_POINT('',(290.47656357301355,593.15193236330856,3.052882603741528));
#8939=CARTESIAN_POINT('',(289.62283084963087,593.75620056860748,3.574477244342874));
#8940=CARTESIAN_POINT('',(288.90702314575327,594.27206313597117,3.930895251396493));
#8941=CARTESIAN_POINT('',(288.1847700005722,594.79916615414345,4.238971593627124));
#8942=CARTESIAN_POINT('',(287.26946197462775,595.48027692657672,4.536569115417766));
#8943=CARTESIAN_POINT('',(286.15323527353996,596.33408896828712,4.755733391300313));
#8944=CARTESIAN_POINT('',(285.39749484089918,596.9289541833981,4.806983358065479));
#8945=CARTESIAN_POINT('',(285.02592827088557,597.22560837891729,4.808344568233673));
#8946=CARTESIAN_POINT('',(291.42744443976278,592.04716232293822,-8.565649757376738));
#8947=CARTESIAN_POINT('',(291.50845919852634,592.03081960553493,-8.019101995939073));
#8948=CARTESIAN_POINT('',(291.54474507934754,592.05377503479019,-7.352979062013842));
#8949=CARTESIAN_POINT('',(291.50381665733289,592.14031142728618,-6.563116368425469));
#8950=CARTESIAN_POINT('',(291.46584063858023,592.19601477784727,-6.168051473226331));
#8951=CARTESIAN_POINT('',(291.41038255857916,592.26399673347055,-5.775417318836428));
#8952=CARTESIAN_POINT('',(291.31444089623699,592.36955450712617,-5.26280550631181));
#8953=CARTESIAN_POINT('',(291.15323773247428,592.52989037471718,-4.637342804874329));
#8954=CARTESIAN_POINT('',(290.93477951177493,592.72989704836812,-4.028721526075879));
#8955=CARTESIAN_POINT('',(290.72288152815241,592.91569153221053,-3.552423156367388));
#8956=CARTESIAN_POINT('',(290.49030312314017,593.11508145510334,-3.093573815218021));
#8957=CARTESIAN_POINT('',(290.15871949867409,593.39179733737797,-2.547983603218727));
#8958=CARTESIAN_POINT('',(289.77059558878966,593.70726518238189,-2.04181156187473));
#8959=CARTESIAN_POINT('',(289.42398314374361,593.98509704184517,-1.663444295117242));
#8960=CARTESIAN_POINT('',(289.06095208387433,594.27404400431908,-1.312046772293634));
#8961=CARTESIAN_POINT('',(288.57447078468726,594.65824247539956,-0.920869787739142));
#8962=CARTESIAN_POINT('',(288.04690048938437,595.07283677683188,-0.598326121724603));
#8963=CARTESIAN_POINT('',(287.59973151100445,595.42412757785064,-0.384697654256082));
#8964=CARTESIAN_POINT('',(287.14546292642456,595.78123785258879,-0.205866675593586));
#8965=CARTESIAN_POINT('',(286.56497381559734,596.23855872682066,-0.046715141597423));
#8966=CARTESIAN_POINT('',(285.85366812438997,596.80170813644736,0.039955850079719));
#8967=CARTESIAN_POINT('',(285.37341774960157,597.18415117344034,0.025390004045271));
#8968=CARTESIAN_POINT('',(285.138265430491,597.37190983099003,0.000508353269556));
#8969=CARTESIAN_POINT('',(293.71083723544552,596.07440864720058,-8.903250989309328));
#8970=CARTESIAN_POINT('',(293.83504728353057,596.08115191587319,-8.358357888640368));
#8971=CARTESIAN_POINT('',(293.92134332729552,596.1240572273407,-7.67541936520913));
#8972=CARTESIAN_POINT('',(293.92334293947187,596.22292651810562,-6.853654470243653));
#8973=CARTESIAN_POINT('',(293.90355401236536,596.28228320256449,-6.441678415225216));
#8974=CARTESIAN_POINT('',(293.86275093887252,596.35142863071007,-6.031367018681291));
#8975=CARTESIAN_POINT('',(293.78166554614143,596.45523425993827,-5.495560557111839));
#8976=CARTESIAN_POINT('',(293.6312321715402,596.60747618380367,-4.842816297718234));
#8977=CARTESIAN_POINT('',(293.41672864841121,596.7915812009353,-4.213144644098855));
#8978=CARTESIAN_POINT('',(293.20672230863158,596.96002052270694,-3.724914074986302));
#8979=CARTESIAN_POINT('',(292.97595794761821,597.13966409854299,-3.257179511880597));
#8980=CARTESIAN_POINT('',(292.64863171641389,597.38725172438023,-2.706432682084119));
#8981=CARTESIAN_POINT('',(292.27250699640035,597.66837299537667,-2.201715917952372));
#8982=CARTESIAN_POINT('',(291.9424110876414,597.91654887541881,-1.826185098547725));
#8983=CARTESIAN_POINT('',(291.60043660584211,598.17562281000278,-1.477636735005652));
#8984=CARTESIAN_POINT('',(291.15018593544482,598.52215199964508,-1.089173859810597));
#8985=CARTESIAN_POINT('',(290.67297061581451,598.90100179306819,-0.763853054713968));
#8986=CARTESIAN_POINT('',(290.27443069546769,599.2267658572631,-0.541924297735191));
#8987=CARTESIAN_POINT('',(289.87343481323643,599.56128806902382,-0.350364433953513));
#8988=CARTESIAN_POINT('',(289.36751150676486,599.99683190206883,-0.165841949072002));
#8989=CARTESIAN_POINT('',(288.7545330034003,600.5485447994464,-0.030862456423443));
#8990=CARTESIAN_POINT('',(288.34241523729941,600.9369815104335,-0.000202952749534));
#8991=CARTESIAN_POINT('',(288.14051603092275,601.13167097951202,-0.000002037314581));
#8999=(BOUNDED_SURFACE()B_SPLINE_SURFACE(3,2,((#8923,#8946,#8969),(#8924,#8947,#8970),(#8925,#8948,#8971),(#8926,#8949,#8972),(#8927,#8950,#8973),(#8928,#8951,#8974),(#8929,#8952,#8975),(#8930,#8953,#8976),(#8931,#8954,#8977),(#8932,#8955,#8978),(#8933,#8956,#8979),(#8934,#8957,#8980),(#8935,#8958,#8981),(#8936,#8959,#8982),(#8937,#8960,#8983),(#8938,#8961,#8984),(#8939,#8962,#8985),(#8940,#8963,#8986),(#8941,#8964,#8987),(#8942,#8965,#8988),(#8943,#8966,#8989),(#8944,#8967,#8990),(#8945,#8968,#8991)),.UNSPECIFIED.,.F.,.F.,.F.)B_SPLINE_SURFACE_WITH_KNOTS((4,1,1,1,1,1,1,1,1,1,1,1,1,1,1,1,1,1,1,1,4),(3,3),(0.040720718041476,0.043461222438923,0.044146348538285,0.044831474637647,0.045516600737009,0.046201726836371,0.047571979035095,0.048942231233819,0.049627357333181,0.050312483432543,0.051682735631267,0.05305298782999,0.053738113929352,0.054423240028714,0.055793492227438,0.057163744426162,0.057848870525524,0.058533996624886,0.05990424882361,0.061274501022334,0.062644753221058),(0.0,1.0),.UNSPECIFIED.)GEOMETRIC_REPRESENTATION_ITEM()RATIONAL_B_SPLINE_SURFACE(((1.0,0.732868679350075,1.0),(1.0,0.729847337516515,1.0),(1.0,0.726866750695515,1.0),(1.0,0.724667060625208,1.0),(1.0,0.723841627993231,1.0),(1.0,0.723297504365017,1.0),(1.0,0.722939997760582,1.0),(1.0,0.723128395503239,1.0),(1.0,0.724021133145303,1.0),(1.0,0.725051208314527,1.0),(1.0,0.726223849282572,1.0),(1.0,0.727871950511989,1.0),(1.0,0.729519270168197,1.0),(1.0,0.730686461511059,1.0),(1.0,0.731679284316918,1.0),(1.0,0.732520704315379,1.0),(1.0,0.732627074525396,1.0),(1.0,0.73214809445822,1.0),(1.0,0.731271498392075,1.0),(1.0,0.72939887468854,1.0),(1.0,0.725811422981599,1.0),(1.0,0.72245180203375,1.0),(1.0,0.720567977127586,1.0)))REPRESENTATION_ITEM('')SURFACE());
#9000=ORIENTED_EDGE('',*,*,#7623,.F.);
#9001=CARTESIAN_POINT('',(288.24616198137403,601.0474400785339,4.998622158554359));
#9002=DIRECTION('',(-0.782003438597506,0.623274114640564,0.000006379486818));
#9003=DIRECTION('',(-0.28142151697562,-0.353100314838706,0.892256744129148));
#9004=AXIS2_PLACEMENT_3D('',#9001,#9002,#9003);
#9005=ELLIPSE('',#9004,5.00006275774442,4.999332230679402);
#9006=EDGE_CURVE('',#4359,#7520,#9005,.F.);
#9007=ORIENTED_EDGE('',*,*,#9006,.F.);
#9008=ORIENTED_EDGE('',*,*,#4452,.F.);
#9009=ORIENTED_EDGE('',*,*,#8875,.T.);
#9010=EDGE_LOOP('',(#9000,#9007,#9008,#9009));
#9011=FACE_OUTER_BOUND('',#9010,.T.);
#9012=ADVANCED_FACE('',(#9011),#8999,.F.);
#9013=CARTESIAN_POINT('',(275.46135056927784,605.56340188690274,-5.046791141395732));
#9014=CARTESIAN_POINT('',(274.73897595443111,606.04652357765451,-9.374000259332174));
#9015=CARTESIAN_POINT('',(273.22462705347556,606.58815295817078,-17.999393631739267));
#9016=CARTESIAN_POINT('',(271.12560086014065,606.32854895956734,-28.715341528044519));
#9017=CARTESIAN_POINT('',(269.30702599894505,605.62278597359034,-37.253182731616334));
#9018=CARTESIAN_POINT('',(267.87068140481904,604.85950476681876,-43.640490916636445));
#9019=CARTESIAN_POINT('',(266.61174869039263,604.04102676736534,-48.951129888153972));
#9020=CARTESIAN_POINT('',(265.56708408791059,603.28439784441832,-53.193286611015793));
#9021=CARTESIAN_POINT('',(264.4974742178336,602.46235507320546,-57.431477475583378));
#9022=CARTESIAN_POINT('',(263.12385232857622,601.32531526705884,-62.684782821494274));
#9023=CARTESIAN_POINT('',(260.84917075069234,599.29571330473073,-71.015919240668822));
#9024=CARTESIAN_POINT('',(257.87191953262158,596.40983809960187,-81.307264602220414));
#9025=CARTESIAN_POINT('',(254.13463805495718,592.52138049042321,-93.528203275740495));
#9026=CARTESIAN_POINT('',(250.3094515237193,588.32677822620622,-105.68479571939987));
#9027=CARTESIAN_POINT('',(246.49693061372022,583.92688410081814,-117.83770323827761));
#9028=CARTESIAN_POINT('',(242.81672792115853,579.39634238073381,-130.03906891886484));
#9029=CARTESIAN_POINT('',(239.39905662206729,574.77459098303882,-142.32763003007372));
#9030=CARTESIAN_POINT('',(236.37449978349946,570.06047056498903,-154.72499146713747));
#9031=CARTESIAN_POINT('',(233.86453758241237,565.20185872696356,-167.23024286677642));
#9032=CARTESIAN_POINT('',(231.96654716822241,560.15665144936361,-179.84193387634477));
#9033=CARTESIAN_POINT('',(230.76632728425244,554.87196008817227,-192.55263136118199));
#9034=CARTESIAN_POINT('',(230.48324653358421,551.14105616476058,-201.08185748065964));
#9035=CARTESIAN_POINT('',(230.48324653358421,549.20946522662564,-205.35685041204408));
#9036=CARTESIAN_POINT('',(279.97530215096413,601.20624854257994,-6.191574922404475));
#9037=CARTESIAN_POINT('',(279.22054099647698,601.61149322369329,-10.407297330309751));
#9038=CARTESIAN_POINT('',(277.6361454271123,602.00151988049709,-18.818230496013793));
#9039=CARTESIAN_POINT('',(275.44127362053246,601.55393124213151,-29.25344449240842));
#9040=CARTESIAN_POINT('',(273.53859463760011,600.69581863064275,-37.563665370985916));
#9041=CARTESIAN_POINT('',(272.03251981191909,599.81485935364708,-43.78771252526203));
#9042=CARTESIAN_POINT('',(270.71160772271065,598.89607956560792,-48.958680094299645));
#9043=CARTESIAN_POINT('',(269.61440349845037,598.05765969937556,-53.088094401120443));
#9044=CARTESIAN_POINT('',(268.48811940426975,597.15107006938615,-57.220123644406172));
#9045=CARTESIAN_POINT('',(267.03920871746669,595.90606833096831,-62.342081054421534));
#9046=CARTESIAN_POINT('',(264.63151779148899,593.69729197047286,-70.472345058695169));
#9047=CARTESIAN_POINT('',(261.46495022175782,590.57739932759807,-80.51828284037073));
#9048=CARTESIAN_POINT('',(257.4716414921387,586.41389053195564,-92.418824957281771));
#9049=CARTESIAN_POINT('',(253.35054948873065,581.95331362379147,-104.25991901593493));
#9050=CARTESIAN_POINT('',(249.20323670731804,577.3110308277594,-116.1088293417381));
#9051=CARTESIAN_POINT('',(245.15512002321316,572.5776354477332,-128.0241364783447));
#9052=CARTESIAN_POINT('',(241.34667976258717,567.80716769191804,-140.04830924946913));
#9053=CARTESIAN_POINT('',(237.92188367168055,563.01161284129466,-152.19834629636887));
#9054=CARTESIAN_POINT('',(235.01224650847374,558.13899998127863,-164.47509921530269));
#9055=CARTESIAN_POINT('',(232.71955119583288,553.12818033216081,-176.8955191654789));
#9056=CARTESIAN_POINT('',(231.13605990635534,547.92186715241598,-189.44019188251215));
#9057=CARTESIAN_POINT('',(230.60491997200546,544.25940756036721,-197.88559990131097));
#9058=CARTESIAN_POINT('',(230.48324653358418,542.36495654689304,-202.12217693968685));
#9059=CARTESIAN_POINT('',(283.16873095984431,606.72616082912214,-6.131119612415064));
#9060=CARTESIAN_POINT('',(282.451523958542,607.12389383664663,-10.548366019694001));
#9061=CARTESIAN_POINT('',(280.94733781240063,607.47821511042753,-19.342549424960438));
#9062=CARTESIAN_POINT('',(278.86119749757989,606.9465437126396,-30.237463150017625));
#9063=CARTESIAN_POINT('',(277.05324674839136,606.00260631396316,-38.896040494084062));
#9064=CARTESIAN_POINT('',(275.6250289454855,605.05112040111328,-45.361738224183497));
#9065=CARTESIAN_POINT('',(274.37297638345274,604.06846648257999,-50.726748751356787));
#9066=CARTESIAN_POINT('',(273.3338415398552,603.17654147121061,-55.005321364576893));
#9067=CARTESIAN_POINT('',(272.26975812503542,602.21673106123103,-59.275027651146495));
#9068=CARTESIAN_POINT('',(270.90294749501942,600.90443372767049,-64.558010957692616));
#9069=CARTESIAN_POINT('',(268.63873828107069,598.58906555708347,-72.91521796008206));
#9070=CARTESIAN_POINT('',(265.6732422517947,595.33890182246171,-83.197537016409555));
#9071=CARTESIAN_POINT('',(261.9454965453225,591.01151493413067,-95.337148952200877));
#9072=CARTESIAN_POINT('',(258.12190858193117,586.38613481242749,-107.33913768691424));
#9073=CARTESIAN_POINT('',(254.29884924995565,581.5732617109685,-119.26284004136475));
#9074=CARTESIAN_POINT('',(250.59110033645993,576.65647550727385,-131.16037303589277));
#9075=CARTESIAN_POINT('',(247.12354005106761,571.68300511873599,-143.07226498319159));
#9076=CARTESIAN_POINT('',(244.02137680742467,566.65914867593369,-155.02070822953613));
#9077=CARTESIAN_POINT('',(241.40038893729775,561.53795616913112,-167.01395458977453));
#9078=CARTESIAN_POINT('',(239.35373360750094,556.27592600654202,-179.07471604060112));
#9079=CARTESIAN_POINT('',(237.96519714358953,550.82330255979946,-191.20042732976771));
#9080=CARTESIAN_POINT('',(237.52926402375945,547.01394837159239,-199.32310232174387));
#9081=CARTESIAN_POINT('',(237.44596369993687,545.0517234830852,-203.3919267700351));
#9089=(BOUNDED_SURFACE()B_SPLINE_SURFACE(3,2,((#9013,#9036,#9059),(#9014,#9037,#9060),(#9015,#9038,#9061),(#9016,#9039,#9062),(#9017,#9040,#9063),(#9018,#9041,#9064),(#9019,#9042,#9065),(#9020,#9043,#9066),(#9021,#9044,#9067),(#9022,#9045,#9068),(#9023,#9046,#9069),(#9024,#9047,#9070),(#9025,#9048,#9071),(#9026,#9049,#9072),(#9027,#9050,#9073),(#9028,#9051,#9074),(#9029,#9052,#9075),(#9030,#9053,#9076),(#9031,#9054,#9077),(#9032,#9055,#9078),(#9033,#9056,#9079),(#9034,#9057,#9080),(#9035,#9058,#9081)),.UNSPECIFIED.,.F.,.F.,.F.)B_SPLINE_SURFACE_WITH_KNOTS((4,1,1,1,1,1,1,1,1,1,1,1,1,1,1,1,1,1,1,1,4),(3,3),(-6.938894E-018,0.013456845192963,0.026913690385927,0.033642112982409,0.04037053557889,0.047098958175372,0.050463169473613,0.053827380771854,0.060555803368335,0.067284225964817,0.08074107115778,0.094197916350744,0.107654761543707,0.121111606736671,0.134568451929634,0.148025297122597,0.161482142315561,0.174938987508524,0.188395832701488,0.201852677894451,0.215309523087415),(0.0,1.0),.UNSPECIFIED.)GEOMETRIC_REPRESENTATION_ITEM()RATIONAL_B_SPLINE_SURFACE(((1.0,0.616996847028706,1.0),(1.0,0.616378167745398,1.0),(1.0,0.614921484935864,1.0),(1.0,0.612314410676218,1.0),(1.0,0.609644137842337,1.0),(1.0,0.607330301981357,1.0),(1.0,0.605131979073642,1.0),(1.0,0.603209509080469,1.0),(1.0,0.601178538806711,1.0),(1.0,0.59845839678118,1.0),(1.0,0.593744788330745,1.0),(1.0,0.587251683094113,1.0),(1.0,0.578867516854231,1.0),(1.0,0.570408249215627,1.0),(1.0,0.562480404397846,1.0),(1.0,0.555702597764066,1.0),(1.0,0.550590595750484,1.0),(1.0,0.547511473004409,1.0),(1.0,0.546437975083079,1.0),(1.0,0.546902539521224,1.0),(1.0,0.548607382770852,1.0),(1.0,0.550253180729379,1.0),(1.0,0.551115490042454,1.0)))REPRESENTATION_ITEM('')SURFACE());
#9090=ORIENTED_EDGE('',*,*,#8917,.T.);
#9091=ORIENTED_EDGE('',*,*,#4645,.F.);
#9092=CARTESIAN_POINT('',(278.90918635711267,609.18043564697678,-5.218532687358524));
#9093=DIRECTION('',(-0.15332377627324,0.099469990182886,-0.983156925766345));
#9094=DIRECTION('',(-0.988057133349385,0.0,0.154087965907126));
#9095=AXIS2_PLACEMENT_3D('',#9092,#9093,#9094);
#9096=CIRCLE('',#9095,4.999999999999998);
#9097=EDGE_CURVE('',#1767,#4455,#9096,.T.);
#9098=ORIENTED_EDGE('',*,*,#9097,.F.);
#9099=ORIENTED_EDGE('',*,*,#1872,.F.);
#9100=EDGE_LOOP('',(#9090,#9091,#9098,#9099));
#9101=FACE_OUTER_BOUND('',#9100,.T.);
#9102=ADVANCED_FACE('',(#9101),#9089,.F.);
#9103=CARTESIAN_POINT('',(283.16873095984442,606.72616082912214,-6.131119612415156));
#9104=CARTESIAN_POINT('',(283.23500960463144,606.67978218945234,-5.697031899530142));
#9105=CARTESIAN_POINT('',(283.36671074109898,606.55566207526272,-5.066723270220775));
#9106=CARTESIAN_POINT('',(283.60552991246772,606.29101501649154,-4.267671831768231));
#9107=CARTESIAN_POINT('',(283.81911369918885,606.04169450350355,-3.68569446648902));
#9108=CARTESIAN_POINT('',(284.06167759617961,605.75049283009673,-3.13895396889273));
#9109=CARTESIAN_POINT('',(284.33188341594581,605.4220955809235,-2.629082478489021));
#9110=CARTESIAN_POINT('',(284.63054970372798,605.05846794940589,-2.155110098572552));
#9111=CARTESIAN_POINT('',(284.96052543900083,604.65927191099593,-1.716335617297401));
#9112=CARTESIAN_POINT('',(285.3119484883407,604.23952379523359,-1.326901727053054));
#9113=CARTESIAN_POINT('',(285.68613341068618,603.80043162548827,-0.983952239433376));
#9114=CARTESIAN_POINT('',(286.08387402303703,603.34379092775725,-0.687639241244552));
#9115=CARTESIAN_POINT('',(286.50695566565412,602.87046292377556,-0.439264842925938));
#9116=CARTESIAN_POINT('',(286.94245826087194,602.39708819184852,-0.246570685254638));
#9117=CARTESIAN_POINT('',(287.39309190482413,601.92216483866957,-0.106902846206698));
#9118=CARTESIAN_POINT('',(287.85880900971705,601.44724283268567,-0.020935585318874));
#9119=CARTESIAN_POINT('',(288.1803198167737,601.13064514632401,-0.000655325183496));
#9120=CARTESIAN_POINT('',(288.34070094473179,600.9755222852425,-0.000031190200647));
#9121=CARTESIAN_POINT('',(279.97530215096424,601.20624854257971,-6.191574922404612));
#9122=CARTESIAN_POINT('',(280.02858293902057,601.18883188531038,-5.876236751918685));
#9123=CARTESIAN_POINT('',(280.12902892796996,601.14832613350609,-5.408037225346418));
#9124=CARTESIAN_POINT('',(280.31789542130127,601.05067695848743,-4.764530199778519));
#9125=CARTESIAN_POINT('',(280.49259861581072,600.94968538433488,-4.269529340531657));
#9126=CARTESIAN_POINT('',(280.70028668899442,600.81859944072926,-3.775038333334423));
#9127=CARTESIAN_POINT('',(280.94312920478217,600.65459117459409,-3.284926078915669));
#9128=CARTESIAN_POINT('',(281.22456445172804,600.45439597369284,-2.801422478189784));
#9129=CARTESIAN_POINT('',(281.54989993026589,600.21354809624222,-2.326888050273217));
#9130=CARTESIAN_POINT('',(281.91070654246397,599.93847366561727,-1.881370124059031));
#9131=CARTESIAN_POINT('',(282.30831094237823,599.62902874953704,-1.467446375848307));
#9132=CARTESIAN_POINT('',(282.74332102299513,599.28568220358534,-1.089908778836486));
#9133=CARTESIAN_POINT('',(283.217234458946,598.90831864332631,-0.754233189475659));
#9134=CARTESIAN_POINT('',(283.71410632159734,598.51089841746568,-0.474979946242791));
#9135=CARTESIAN_POINT('',(284.23492649856297,598.09386025653828,-0.252327200874298));
#9136=CARTESIAN_POINT('',(284.77773121660084,597.65979194939291,-0.089602108878828));
#9137=CARTESIAN_POINT('',(285.15492999960554,597.35909883535442,-0.023512184102649));
#9138=CARTESIAN_POINT('',(285.34298908282176,597.20950183865489,-0.002098449472979));
#9139=CARTESIAN_POINT('',(275.4613505692779,605.56340188690262,-5.046791141395759));
#9140=CARTESIAN_POINT('',(275.57821028539433,605.48524650522256,-4.346771488954131));
#9141=CARTESIAN_POINT('',(275.81996967283504,605.29332280679057,-3.330329022889262));
#9142=CARTESIAN_POINT('',(276.27018527567543,604.90018309861421,-2.04220525051156));
#9143=CARTESIAN_POINT('',(276.67660311361254,604.53427435930803,-1.104339603590984));
#9144=CARTESIAN_POINT('',(277.1405706739298,604.10972528661705,-0.223663288782618));
#9145=CARTESIAN_POINT('',(277.65860804784336,603.63249635651084,0.597158860629733));
#9146=CARTESIAN_POINT('',(278.23139984000841,603.10462784886397,1.359665352045026));
#9147=CARTESIAN_POINT('',(278.86347418780633,602.52478382484378,2.064959666642818));
#9148=CARTESIAN_POINT('',(279.53501786149735,601.9139270670546,2.690323825734946));
#9149=CARTESIAN_POINT('',(280.24771263041015,601.27303167767548,3.240401827849134));
#9150=CARTESIAN_POINT('',(281.00225546485598,600.60394464682111,3.715002338813575));
#9151=CARTESIAN_POINT('',(281.80116335601417,599.90709035836448,4.112091859832368));
#9152=CARTESIAN_POINT('',(282.61938601519847,599.20631249168548,4.419390006369795));
#9153=CARTESIAN_POINT('',(283.46158382031581,598.49893274389603,4.641264103253417));
#9154=CARTESIAN_POINT('',(284.32721976456332,597.78678172407194,4.776750148918289));
#9155=CARTESIAN_POINT('',(284.9214494969242,597.30852783085891,4.807589478900854));
#9156=CARTESIAN_POINT('',(285.21703358562138,597.07328988525592,4.807763523722184));
#9164=(BOUNDED_SURFACE()B_SPLINE_SURFACE(3,2,((#9103,#9121,#9139),(#9104,#9122,#9140),(#9105,#9123,#9141),(#9106,#9124,#9142),(#9107,#9125,#9143),(#9108,#9126,#9144),(#9109,#9127,#9145),(#9110,#9128,#9146),(#9111,#9129,#9147),(#9112,#9130,#9148),(#9113,#9131,#9149),(#9114,#9132,#9150),(#9115,#9133,#9151),(#9116,#9134,#9152),(#9117,#9135,#9153),(#9118,#9136,#9154),(#9119,#9137,#9155),(#9120,#9138,#9156)),.UNSPECIFIED.,.F.,.F.,.F.)B_SPLINE_SURFACE_WITH_KNOTS((4,1,1,1,1,1,1,1,1,1,1,1,1,1,1,4),(3,3),(0.041006029751775,0.043181062944401,0.044268579540714,0.045356096137028,0.046443612733341,0.047531129329654,0.048618645925967,0.049706162522281,0.050793679118594,0.051881195714907,0.05296871231122,0.054056228907533,0.055143745503847,0.05623126210016,0.057318778696473,0.058406295292786),(0.0,1.0),.UNSPECIFIED.)GEOMETRIC_REPRESENTATION_ITEM()RATIONAL_B_SPLINE_SURFACE(((1.0,0.616996847028696,1.0),(1.0,0.618042902445342,1.0),(1.0,0.621040201815723,1.0),(1.0,0.627410525038543,1.0),(1.0,0.633322243614265,1.0),(1.0,0.640066215556863,1.0),(1.0,0.647445780680432,1.0),(1.0,0.655328407465144,1.0),(1.0,0.663620398768846,1.0),(1.0,0.67192285955265,1.0),(1.0,0.680144555477106,1.0),(1.0,0.688179671994429,1.0),(1.0,0.695930659272785,1.0),(1.0,0.703071471381237,1.0),(1.0,0.709597151236427,1.0),(1.0,0.715447646521855,1.0),(1.0,0.718866503281779,1.0),(1.0,0.720419284270621,1.0)))REPRESENTATION_ITEM('')SURFACE());
#9165=ORIENTED_EDGE('',*,*,#7526,.F.);
#9166=ORIENTED_EDGE('',*,*,#7005,.F.);
#9167=ORIENTED_EDGE('',*,*,#9097,.T.);
#9168=ORIENTED_EDGE('',*,*,#4533,.F.);
#9169=ORIENTED_EDGE('',*,*,#9006,.T.);
#9170=EDGE_LOOP('',(#9165,#9166,#9167,#9168,#9169));
#9171=FACE_OUTER_BOUND('',#9170,.T.);
#9172=ADVANCED_FACE('',(#9171),#9164,.F.);
#9173=CARTESIAN_POINT('',(233.84787781748832,324.07885387665192,-122.72869639659814));
#9174=CARTESIAN_POINT('',(233.97038216113529,317.88356028214685,-122.94554979930336));
#9175=CARTESIAN_POINT('',(234.21576901706067,305.5481079865117,-122.92191702739362));
#9176=CARTESIAN_POINT('',(234.69120207009865,281.07669371652651,-121.34472372822302));
#9177=CARTESIAN_POINT('',(235.01353429887774,262.92443915808678,-118.73497175171414));
#9178=CARTESIAN_POINT('',(235.20350066159574,250.89158152556882,-116.58324947781335));
#9179=CARTESIAN_POINT('',(230.48324653358429,324.04607790914662,-121.56462447658143));
#9180=CARTESIAN_POINT('',(230.48324653540644,317.82283261085428,-121.83848169244477));
#9181=CARTESIAN_POINT('',(230.48324653276632,305.41402754187334,-121.93336932133167));
#9182=CARTESIAN_POINT('',(230.48324653397626,280.73952413529935,-120.62704838657585));
#9183=CARTESIAN_POINT('',(230.48324653419357,262.78234368266362,-118.27166894656332));
#9184=CARTESIAN_POINT('',(230.48324653358429,250.93836926488262,-116.32291175553448));
#9185=CARTESIAN_POINT('',(230.48324653358432,323.94586819135429,-118.00557412738675));
#9186=CARTESIAN_POINT('',(230.48324653358432,317.86274581429672,-118.1768523952379));
#9187=CARTESIAN_POINT('',(230.48324653358463,305.73965204677495,-118.0811683660267));
#9188=CARTESIAN_POINT('',(230.48324653358395,281.63773123772904,-116.42463062171045));
#9189=CARTESIAN_POINT('',(230.48324653358429,263.69617595186514,-113.81233493440497));
#9190=CARTESIAN_POINT('',(230.48324653358429,251.77462359423541,-111.66980069390704));
#9198=(BOUNDED_SURFACE()B_SPLINE_SURFACE(3,2,((#9173,#9179,#9185),(#9174,#9180,#9186),(#9175,#9181,#9187),(#9176,#9182,#9188),(#9177,#9183,#9189),(#9178,#9184,#9190)),.UNSPECIFIED.,.F.,.F.,.F.)B_SPLINE_SURFACE_WITH_KNOTS((4,1,1,4),(3,3),(0.0,0.018111188857235,0.03622237771447,0.072444755428939),(0.0,1.0),.UNSPECIFIED.)GEOMETRIC_REPRESENTATION_ITEM()RATIONAL_B_SPLINE_SURFACE(((1.0,0.814577725947377,1.0),(1.0,0.807058226077287,1.0),(1.0,0.79178503876908,1.0),(1.0,0.761319303046311,1.0),(1.0,0.739690542940776,1.0),(1.0,0.726618598164712,1.0)))REPRESENTATION_ITEM('')SURFACE());
#9199=ORIENTED_EDGE('',*,*,#3656,.F.);
#9200=ORIENTED_EDGE('',*,*,#1951,.F.);
#9201=CARTESIAN_POINT('',(235.48324653358438,323.94586819135418,-118.00557412738671));
#9202=DIRECTION('',(0.0,-0.99960384669069,-0.028145153777799));
#9203=DIRECTION('',(0.0,0.028145153777799,-0.99960384669069));
#9204=AXIS2_PLACEMENT_3D('',#9201,#9202,#9203);
#9205=CIRCLE('',#9204,5.000000000000001);
#9206=EDGE_CURVE('',#2732,#1928,#9205,.T.);
#9207=ORIENTED_EDGE('',*,*,#9206,.F.);
#9208=ORIENTED_EDGE('',*,*,#2792,.F.);
#9209=EDGE_LOOP('',(#9199,#9200,#9207,#9208));
#9210=FACE_OUTER_BOUND('',#9209,.T.);
#9211=ADVANCED_FACE('',(#9210),#9198,.F.);
#9212=CARTESIAN_POINT('',(230.48324802064027,323.92150510445708,-118.00650765027818));
#9213=CARTESIAN_POINT('',(230.48204821208316,333.72621717943855,-117.57635377086417));
#9214=CARTESIAN_POINT('',(231.5703727638822,348.19820000132222,-116.46656179382603));
#9215=CARTESIAN_POINT('',(234.55006940361204,364.72160486056111,-114.8231424634168));
#9216=CARTESIAN_POINT('',(236.70130646543754,374.06260147669713,-113.84495816090276));
#9217=CARTESIAN_POINT('',(238.52760486884506,381.02221833352712,-113.1044605899615));
#9218=CARTESIAN_POINT('',(240.55258505147793,387.93562704308101,-112.36891985440154));
#9219=CARTESIAN_POINT('',(242.76322342021979,394.81132065539731,-111.64622221507942));
#9220=CARTESIAN_POINT('',(245.13057036208301,401.62322005511089,-110.95115719628296));
#9221=CARTESIAN_POINT('',(248.46240730000693,410.62063676164541,-110.07314748080503));
#9222=CARTESIAN_POINT('',(252.89975802923706,421.73108050960889,-109.07499711887783));
#9223=CARTESIAN_POINT('',(258.46820619367543,434.9004436270817,-107.99475981765248));
#9224=CARTESIAN_POINT('',(264.09379840140042,447.95696405302755,-106.91564810134066));
#9225=CARTESIAN_POINT('',(269.61148268377684,460.94119166911668,-105.66903809602127));
#9226=CARTESIAN_POINT('',(274.0096671138777,471.72582190636047,-104.32177950408351));
#9227=CARTESIAN_POINT('',(277.36254885166704,480.34036381802395,-102.94802176243766));
#9228=CARTESIAN_POINT('',(279.78720119781076,486.79595325690036,-101.74043603707823));
#9229=CARTESIAN_POINT('',(282.11560557192001,493.24449879445183,-100.32656703451936));
#9230=CARTESIAN_POINT('',(284.34660075200668,499.69266072176907,-98.672568491330551));
#9231=CARTESIAN_POINT('',(286.44834934701282,506.04577349573788,-96.774801571608435));
#9232=CARTESIAN_POINT('',(289.08661102512747,514.39345738143697,-93.888821839049143));
#9233=CARTESIAN_POINT('',(292.08586499884495,524.57859069661242,-89.560974906353266));
#9234=CARTESIAN_POINT('',(294.19533109018715,532.40991410408742,-85.216528009845035));
#9235=CARTESIAN_POINT('',(295.18725528542211,536.23457729863173,-82.787182200027161));
#9236=CARTESIAN_POINT('',(230.48342470502041,324.02153815769964,-121.56583262300039));
#9237=CARTESIAN_POINT('',(230.37254816260216,333.86482224375789,-121.09812648415641));
#9238=CARTESIAN_POINT('',(231.29395360418272,348.41885310301763,-119.91807949111804));
#9239=CARTESIAN_POINT('',(234.08360552193875,365.08237265714257,-118.18803130348766));
#9240=CARTESIAN_POINT('',(236.11756542386732,374.48201618194412,-117.16592060768419));
#9241=CARTESIAN_POINT('',(237.85131552472453,381.48278752379844,-116.39496825965293));
#9242=CARTESIAN_POINT('',(239.77912347718913,388.43840978039486,-115.63130326257011));
#9243=CARTESIAN_POINT('',(241.88704211019945,395.35807818430322,-114.88298146266428));
#9244=CARTESIAN_POINT('',(244.14446577534846,402.21350792793305,-114.16609100437185));
#9245=CARTESIAN_POINT('',(247.322733082892,411.27857923066898,-113.26178625322812));
#9246=CARTESIAN_POINT('',(251.55586299134899,422.4952938437587,-112.23370735577365));
#9247=CARTESIAN_POINT('',(256.84614745562567,435.79453484765162,-111.11441474014046));
#9248=CARTESIAN_POINT('',(262.17245110034008,449.00020040553625,-109.97938443571933));
#9249=CARTESIAN_POINT('',(267.37874022404839,462.14795324012135,-108.64942198866433));
#9250=CARTESIAN_POINT('',(271.50604988725854,473.04585884982367,-107.2076603772996));
#9251=CARTESIAN_POINT('',(274.64943905055986,481.75130589551264,-105.74209494424008));
#9252=CARTESIAN_POINT('',(276.92714642294106,488.29023298639811,-104.4539312671352));
#9253=CARTESIAN_POINT('',(279.11411585006203,494.82009686954262,-102.95069144595196));
#9254=CARTESIAN_POINT('',(281.20999983646192,501.34663088199625,-101.19886142323307));
#9255=CARTESIAN_POINT('',(283.18563681160822,507.77361403441262,-99.196825823996278));
#9256=CARTESIAN_POINT('',(285.67271562920905,516.2298756706183,-96.158290608978746));
#9257=CARTESIAN_POINT('',(288.50290466696316,526.52994037817746,-91.626741990383096));
#9258=CARTESIAN_POINT('',(290.49312747684996,534.41032388620226,-87.125555484373436));
#9259=CARTESIAN_POINT('',(291.43195559733323,538.26135251248513,-84.614717962916345));
#9260=CARTESIAN_POINT('',(233.84845177167443,324.05465299941329,-122.72957535803491));
#9261=CARTESIAN_POINT('',(233.65465927249716,333.79597447145181,-122.38913719886482));
#9262=CARTESIAN_POINT('',(234.4256019212082,348.18838376301136,-121.40347494403915));
#9263=CARTESIAN_POINT('',(237.00763879502142,364.64568940100582,-119.90141161696576));
#9264=CARTESIAN_POINT('',(238.92621993045049,373.95901499496864,-119.00591286560447));
#9265=CARTESIAN_POINT('',(240.57581673232536,380.90367291163955,-118.32905235124679));
#9266=CARTESIAN_POINT('',(242.42247241929934,387.8091713014482,-117.65928967555821));
#9267=CARTESIAN_POINT('',(244.45348810223288,394.68426580436335,-117.00527929099542));
#9268=CARTESIAN_POINT('',(246.64097535294005,401.4997028250454,-116.38326483918479));
#9269=CARTESIAN_POINT('',(249.73348220605587,410.51224401610295,-115.60772618478541));
#9270=CARTESIAN_POINT('',(253.87358009738807,421.66751713625422,-114.74613823688298));
#9271=CARTESIAN_POINT('',(259.09281038729489,434.95167850239784,-113.83556826544566));
#9272=CARTESIAN_POINT('',(264.38137973804851,448.19887873212343,-112.91968296148224));
#9273=CARTESIAN_POINT('',(269.57853707677759,461.4591557485673,-111.81403819974632));
#9274=CARTESIAN_POINT('',(273.72617943531884,472.54798028167949,-110.55053047323014));
#9275=CARTESIAN_POINT('',(276.88964385145482,481.44936273323833,-109.21389639841388));
#9276=CARTESIAN_POINT('',(279.17787532599903,488.14112576119271,-108.01675820516203));
#9277=CARTESIAN_POINT('',(281.37562373749398,494.84590962576414,-106.59352004097103));
#9278=CARTESIAN_POINT('',(283.48162609945575,501.56966532571914,-104.90772829782271));
#9279=CARTESIAN_POINT('',(285.46570834060691,508.21215961246469,-102.95413229242833));
#9280=CARTESIAN_POINT('',(287.95629396284102,516.96162361430447,-99.95970326480419));
#9281=CARTESIAN_POINT('',(290.78763081551836,527.67343575232167,-95.428882361130974));
#9282=CARTESIAN_POINT('',(292.77904443281096,535.94030730981649,-90.843051754381008));
#9283=CARTESIAN_POINT('',(293.71554466126094,539.9835672764417,-88.271106585293751));
#9291=(BOUNDED_SURFACE()B_SPLINE_SURFACE(3,2,((#9212,#9236,#9260),(#9213,#9237,#9261),(#9214,#9238,#9262),(#9215,#9239,#9263),(#9216,#9240,#9264),(#9217,#9241,#9265),(#9218,#9242,#9266),(#9219,#9243,#9267),(#9220,#9244,#9268),(#9221,#9245,#9269),(#9222,#9246,#9270),(#9223,#9247,#9271),(#9224,#9248,#9272),(#9225,#9249,#9273),(#9226,#9250,#9274),(#9227,#9251,#9275),(#9228,#9252,#9276),(#9229,#9253,#9277),(#9230,#9254,#9278),(#9231,#9255,#9279),(#9232,#9256,#9280),(#9233,#9257,#9281),(#9234,#9258,#9282),(#9235,#9259,#9283)),.UNSPECIFIED.,.F.,.F.,.F.)B_SPLINE_SURFACE_WITH_KNOTS((4,1,1,1,1,1,1,1,1,1,1,1,1,1,1,1,1,1,1,1,1,4),(3,3),(-0.000023424770034,0.028261927242885,0.042392890864328,0.049458372675049,0.056523854485771,0.063589336296492,0.070654818107214,0.077720299917935,0.084785781728656,0.098916745350099,0.113047708971542,0.127178672592985,0.141309636214427,0.15544059983587,0.162506081646591,0.169571563457313,0.176637045268034,0.183702527078755,0.190768008889477,0.197833490700198,0.211964454321641,0.226118842713117),(-0.000023424770034,1.000017137195705),.UNSPECIFIED.)GEOMETRIC_REPRESENTATION_ITEM()RATIONAL_B_SPLINE_SURFACE(((1.000008687484449,0.814563103089811,1.000006355587906),(1.0000085535815,0.817421300704459,1.000006257627217),(1.000008336028742,0.822065027984723,1.000006098470018),(1.000008161323903,0.825794153874152,1.000005970659492),(1.0000080982134,0.827141266015875,1.000005924489125),(1.000008072436506,0.827691481350802,1.000005905631271),(1.000008070923562,0.827723775584228,1.000005904524432),(1.000008096927067,0.827168723180337,1.000005923548069),(1.00000815685955,0.82588944679425,1.000005967393462),(1.000008281009063,0.823239439125799,1.000006058218734),(1.000008518072751,0.818179245346159,1.000006231649734),(1.000008917917143,0.809644449820156,1.000006524167804),(1.000009405718473,0.799232187740855,1.00000688103339),(1.000009946221243,0.787694998006085,1.000007276454284),(1.000010408845874,0.777820139933012,1.000007614901107),(1.000010768807178,0.770136660598843,1.000007878241516),(1.000011030061577,0.764560109020208,1.000008069369951),(1.00001127932552,0.759239497251359,1.000008251726409),(1.000011514229572,0.754225401539352,1.000008423577462),(1.000011729732284,0.749625433109837,1.000008581234888),(1.000011990771738,0.744053469605329,1.000008772206072),(1.000012267276733,0.738151389598144,1.000008974491534),(1.000012439527433,0.734474648029301,1.000009100506662),(1.000012515650693,0.732849774757652,1.000009156196899)))REPRESENTATION_ITEM('')SURFACE());
#9292=ORIENTED_EDGE('',*,*,#9206,.T.);
#9293=ORIENTED_EDGE('',*,*,#2092,.F.);
#9294=CARTESIAN_POINT('',(297.94948355560928,537.91244377616283,-86.602337614166686));
#9295=DIRECTION('',(-0.198426488533961,-0.833206181400537,-0.516134079405746));
#9296=DIRECTION('',(0.0,0.526605217036438,-0.850109960763904));
#9297=AXIS2_PLACEMENT_3D('',#9294,#9295,#9296);
#9298=CIRCLE('',#9297,5.0);
#9299=EDGE_CURVE('',#3987,#2025,#9298,.T.);
#9300=ORIENTED_EDGE('',*,*,#9299,.F.);
#9301=ORIENTED_EDGE('',*,*,#4025,.F.);
#9302=EDGE_LOOP('',(#9292,#9293,#9300,#9301));
#9303=FACE_OUTER_BOUND('',#9302,.T.);
#9304=ADVANCED_FACE('',(#9303),#9291,.F.);
#9305=CARTESIAN_POINT('',(230.48324653358458,346.39978334908443,-145.92413480672835));
#9306=CARTESIAN_POINT('',(230.48324653358441,339.54691795569977,-146.48819198536776));
#9307=CARTESIAN_POINT('',(230.48324653358438,325.87266357290048,-147.11582956838635));
#9308=CARTESIAN_POINT('',(230.48324653358461,305.43883195055071,-146.79640446682279));
#9309=CARTESIAN_POINT('',(230.48324653358452,285.0709452357392,-145.41293085389813));
#9310=CARTESIAN_POINT('',(230.48324653358429,271.52894308107813,-143.89237269059851));
#9311=CARTESIAN_POINT('',(230.48324653358429,264.76559646159961,-143.00694059049906));
#9312=CARTESIAN_POINT('',(230.48324653358446,345.77875905837493,-138.37916497751243));
#9313=CARTESIAN_POINT('',(230.483246533547,339.26015599616329,-139.13525602484614));
#9314=CARTESIAN_POINT('',(230.48324653351972,326.16578214424237,-140.16860315664354));
#9315=CARTESIAN_POINT('',(230.48324653385032,306.05603105158889,-140.42771484428516));
#9316=CARTESIAN_POINT('',(230.48324653262864,285.90414729661381,-139.55067813809808));
#9317=CARTESIAN_POINT('',(230.48324653559109,272.27681473022903,-138.30207090006317));
#9318=CARTESIAN_POINT('',(230.48324653358426,265.48161688714993,-137.53763997834693));
#9319=CARTESIAN_POINT('',(237.44603120219199,346.02254644976006,-141.34099519872535));
#9320=CARTESIAN_POINT('',(237.3212772368974,339.27590860357128,-141.84288142062647));
#9321=CARTESIAN_POINT('',(237.06701543950663,325.80578244491528,-142.36501514257873));
#9322=CARTESIAN_POINT('',(236.68453303543555,305.64700884976537,-141.93990820583218));
#9323=CARTESIAN_POINT('',(236.31402686006001,285.51927169835824,-140.49674528960884));
#9324=CARTESIAN_POINT('',(236.08278740032085,272.11304862660893,-138.96131647552028));
#9325=CARTESIAN_POINT('',(235.97272266881916,265.41152190502038,-138.0730584035617));
#9333=(BOUNDED_SURFACE()B_SPLINE_SURFACE(3,2,((#9305,#9312,#9319),(#9306,#9313,#9320),(#9307,#9314,#9321),(#9308,#9315,#9322),(#9309,#9316,#9323),(#9310,#9317,#9324),(#9311,#9318,#9325)),.UNSPECIFIED.,.F.,.F.,.F.)B_SPLINE_SURFACE_WITH_KNOTS((4,1,1,1,4),(3,3),(-0.00000259569252,0.020414355294393,0.040828710588787,0.06124306588318,0.081657421177574),(0.0,1.000002595692519),.UNSPECIFIED.)GEOMETRIC_REPRESENTATION_ITEM()RATIONAL_B_SPLINE_SURFACE(((0.999999999999999,0.551110008001864,1.000002330360788),(1.0,0.562428445156903,1.000002271602423),(1.0,0.584792824134295,1.000002155500321),(1.0,0.61659148173179,1.000001990421246),(1.0,0.645895452034809,1.000001838293052),(1.0,0.663410752567209,1.000001747364383),(1.0,0.671604910227773,1.000001704825356)))REPRESENTATION_ITEM('')SURFACE());
#9334=ORIENTED_EDGE('',*,*,#3636,.F.);
#9335=ORIENTED_EDGE('',*,*,#2835,.F.);
#9336=CARTESIAN_POINT('',(235.48324653358452,346.39716964936019,-145.92434992745243));
#9337=DIRECTION('',(2.167432E-014,-0.996630426200476,-0.082023128271592));
#9338=DIRECTION('',(0.0,0.082023128271592,-0.996630426200476));
#9339=AXIS2_PLACEMENT_3D('',#9336,#9337,#9338);
#9340=CIRCLE('',#9339,5.0);
#9341=EDGE_CURVE('',#2173,#2805,#9340,.T.);
#9342=ORIENTED_EDGE('',*,*,#9341,.F.);
#9343=ORIENTED_EDGE('',*,*,#2185,.F.);
#9344=EDGE_LOOP('',(#9334,#9335,#9342,#9343));
#9345=FACE_OUTER_BOUND('',#9344,.T.);
#9346=ADVANCED_FACE('',(#9345),#9333,.F.);
#9347=CARTESIAN_POINT('',(295.18220109651281,536.21565725420498,-82.799304181434422));
#9348=CARTESIAN_POINT('',(295.37272216226785,536.95017383408026,-82.332954498317093));
#9349=CARTESIAN_POINT('',(295.49359818658803,537.90184817845022,-81.804226282546523));
#9350=CARTESIAN_POINT('',(295.46697056145206,539.0913249554053,-81.246173995124764));
#9351=CARTESIAN_POINT('',(295.41844647980901,539.69681942780153,-80.982491528069232));
#9352=CARTESIAN_POINT('',(295.33440258636784,540.30926503947148,-80.736274277394358));
#9353=CARTESIAN_POINT('',(295.17749058321465,541.12163161932381,-80.436641218152246));
#9354=CARTESIAN_POINT('',(294.89850956925591,542.13518345353521,-80.112929321439381));
#9355=CARTESIAN_POINT('',(294.51062353434548,543.14671854779692,-79.858706647703286));
#9356=CARTESIAN_POINT('',(294.13441844655006,543.95373216916209,-79.700352135251165));
#9357=CARTESIAN_POINT('',(293.72266396414852,544.74277668436423,-79.57576850227079));
#9358=CARTESIAN_POINT('',(293.1407848566248,545.70281254234578,-79.48176959303494));
#9359=CARTESIAN_POINT('',(292.47317066947363,546.62792003765242,-79.472655657519539));
#9360=CARTESIAN_POINT('',(291.88681615086642,547.34804784149571,-79.519962374865742));
#9361=CARTESIAN_POINT('',(291.2787681057053,548.03960789330711,-79.60329954960946));
#9362=CARTESIAN_POINT('',(290.47656357301634,548.85652640530191,-79.774776264891102));
#9363=CARTESIAN_POINT('',(289.62283084963411,549.61037471719078,-80.037290561078066));
#9364=CARTESIAN_POINT('',(288.90702314575674,550.17697304934632,-80.305831645749649));
#9365=CARTESIAN_POINT('',(288.18477000057675,550.70732649710953,-80.608278078782334));
#9366=CARTESIAN_POINT('',(287.26946197462775,551.3056088973035,-81.049338549607057));
#9367=CARTESIAN_POINT('',(286.15323527355946,551.92231674866059,-81.679179329834994));
#9368=CARTESIAN_POINT('',(285.3974948408719,552.26413312941463,-82.16872273458678));
#9369=CARTESIAN_POINT('',(285.0259282708904,552.41363906973493,-82.424952198946997));
#9370=CARTESIAN_POINT('',(291.42744443976278,538.24219720569977,-84.627283525150162));
#9371=CARTESIAN_POINT('',(291.5084591985742,538.70735009270891,-84.339856436022359));
#9372=CARTESIAN_POINT('',(291.54474507934214,539.29570719024491,-84.02667495391708));
#9373=CARTESIAN_POINT('',(291.5038166573338,540.02301654463008,-83.706686321380175));
#9374=CARTESIAN_POINT('',(291.46584063858018,540.39300445529841,-83.557394390442028));
#9375=CARTESIAN_POINT('',(291.41038255857933,540.76702658520435,-83.419951413816008));
#9376=CARTESIAN_POINT('',(291.31444089623733,541.2637403239587,-83.255061221106104));
#9377=CARTESIAN_POINT('',(291.15323773247434,541.8855748463186,-83.08118480485939));
#9378=CARTESIAN_POINT('',(290.93477951177528,542.5126596718668,-82.95008502576809));
#9379=CARTESIAN_POINT('',(290.72288152815321,543.01804340173692,-82.87283858380431));
#9380=CARTESIAN_POINT('',(290.49030312314113,543.51511354912805,-82.816090651713523));
#9381=CARTESIAN_POINT('',(290.1587194986754,544.12596647391297,-82.782938529394073));
#9382=CARTESIAN_POINT('',(289.7705955887904,544.72205824290381,-82.803055676572825));
#9383=CARTESIAN_POINT('',(289.42398314374492,545.18864983760807,-82.854481491469599));
#9384=CARTESIAN_POINT('',(289.06095208387592,545.63744250043658,-82.92901813990602));
#9385=CARTESIAN_POINT('',(288.57447078468903,546.1683109419771,-83.066155283679848));
#9386=CARTESIAN_POINT('',(288.0469004893867,546.65493910129203,-83.263932647976731));
#9387=CARTESIAN_POINT('',(287.59973151100655,547.01559218160037,-83.461345172040694));
#9388=CARTESIAN_POINT('',(287.14546292642723,547.34901948947288,-83.681196252586602));
#9389=CARTESIAN_POINT('',(286.56497381560109,547.7155091980992,-83.99767198033507));
#9390=CARTESIAN_POINT('',(285.85366812438133,548.07214318340471,-84.442038179442719));
#9391=CARTESIAN_POINT('',(285.37341774963971,548.25075030937921,-84.780526487778047));
#9392=CARTESIAN_POINT('',(285.13826543049402,548.32308149637856,-84.95557108053562));
#9393=CARTESIAN_POINT('',(293.71083723544575,539.96344912462837,-88.283781765225271));
#9394=CARTESIAN_POINT('',(293.83504728336294,540.4387120263234,-88.01717505664692));
#9395=CARTESIAN_POINT('',(293.92134332731337,541.0516067927573,-87.712862884862886));
#9396=CARTESIAN_POINT('',(293.92334293947016,541.81271071309732,-87.387603754809575));
#9397=CARTESIAN_POINT('',(293.90355401236582,542.19917078472633,-87.23302012392989));
#9398=CARTESIAN_POINT('',(293.86275093887252,542.58908359166742,-87.087746122986317));
#9399=CARTESIAN_POINT('',(293.78166554614171,543.10500841351268,-86.909741204169464));
#9400=CARTESIAN_POINT('',(293.63123217154043,543.74642248625435,-86.715214448061019));
#9401=CARTESIAN_POINT('',(293.41672864841161,544.38378664289758,-86.559818243051637));
#9402=CARTESIAN_POINT('',(293.20672230863227,544.89082637953868,-86.461575690145423));
#9403=CARTESIAN_POINT('',(292.97595794761889,545.38571818133425,-86.383284308893508));
#9404=CARTESIAN_POINT('',(292.64863171641497,545.98647273991003,-86.322328067632498));
#9405=CARTESIAN_POINT('',(292.27250699640126,546.5641309148624,-86.313427847794287));
#9406=CARTESIAN_POINT('',(291.94241108764254,547.01343808439151,-86.3405890548146));
#9407=CARTESIAN_POINT('',(291.6004366058437,547.44482678895861,-86.390679481851592));
#9408=CARTESIAN_POINT('',(291.1501859354463,547.95451010212537,-86.496551125636813));
#9409=CARTESIAN_POINT('',(290.67297061581655,548.42567108043102,-86.661984268411089));
#9410=CARTESIAN_POINT('',(290.27443069546916,548.78074905390133,-86.833139845154363));
#9411=CARTESIAN_POINT('',(289.87343481324098,549.11390586816469,-87.02706464678127));
#9412=CARTESIAN_POINT('',(289.36751150674911,549.4914789441483,-87.311995428192105));
#9413=CARTESIAN_POINT('',(288.75453300346817,549.88423106252549,-87.722303066703688));
#9414=CARTESIAN_POINT('',(288.34241523716184,550.10500132690868,-88.043369374067368));
#9415=CARTESIAN_POINT('',(288.14051603092537,550.20252005942757,-88.211874942609697));
#9423=(BOUNDED_SURFACE()B_SPLINE_SURFACE(3,2,((#9347,#9370,#9393),(#9348,#9371,#9394),(#9349,#9372,#9395),(#9350,#9373,#9396),(#9351,#9374,#9397),(#9352,#9375,#9398),(#9353,#9376,#9399),(#9354,#9377,#9400),(#9355,#9378,#9401),(#9356,#9379,#9402),(#9357,#9380,#9403),(#9358,#9381,#9404),(#9359,#9382,#9405),(#9360,#9383,#9406),(#9361,#9384,#9407),(#9362,#9385,#9408),(#9363,#9386,#9409),(#9364,#9387,#9410),(#9365,#9388,#9411),(#9366,#9389,#9412),(#9367,#9390,#9413),(#9368,#9391,#9414),(#9369,#9392,#9415)),.UNSPECIFIED.,.F.,.F.,.F.)B_SPLINE_SURFACE_WITH_KNOTS((4,1,1,1,1,1,1,1,1,1,1,1,1,1,1,1,1,1,1,1,4),(3,3),(0.040720718041475,0.043461222438922,0.044146348538284,0.044831474637646,0.045516600737008,0.046201726836369,0.047571979035093,0.048942231233816,0.049627357333178,0.05031248343254,0.051682735631263,0.053052987829987,0.053738113929349,0.05442324002871,0.055793492227434,0.057163744426157,0.057848870525519,0.058533996624881,0.059904248823604,0.061274501022328,0.062644753221051),(0.0,1.0),.UNSPECIFIED.)GEOMETRIC_REPRESENTATION_ITEM()RATIONAL_B_SPLINE_SURFACE(((1.0,0.732868679350063,1.0),(1.0,0.729847337533949,1.0),(1.0,0.726866750693609,1.0),(1.0,0.724667060625424,1.0),(1.0,0.723841627993176,1.0),(1.0,0.723297504365031,1.0),(1.0,0.722939997760577,1.0),(1.0,0.723128395503231,1.0),(1.0,0.724021133145305,1.0),(1.0,0.725051208314525,1.0),(1.0,0.726223849282585,1.0),(1.0,0.727871950511985,1.0),(1.0,0.729519270168182,1.0),(1.0,0.730686461511068,1.0),(1.0,0.731679284316917,1.0),(1.0,0.732520704315378,1.0),(1.0,0.732627074525394,1.0),(1.0,0.732148094458255,1.0),(1.0,0.731271498391835,1.0),(1.0,0.729398874690578,1.0),(1.0,0.725811422974233,1.0),(1.0,0.72245180204962,1.0),(1.0,0.720567977127605,1.0)))REPRESENTATION_ITEM('')SURFACE());
#9424=ORIENTED_EDGE('',*,*,#7758,.F.);
#9425=CARTESIAN_POINT('',(288.24616198136982,554.48934014655606,-85.639616744636143));
#9426=DIRECTION('',(-0.782003438598833,0.311642582117168,-0.53976802705509));
#9427=DIRECTION('',(-0.281421503704544,0.596166867349931,0.751922205767886));
#9428=AXIS2_PLACEMENT_3D('',#9425,#9426,#9427);
#9429=ELLIPSE('',#9428,5.000062757753996,4.999332230693454);
#9430=EDGE_CURVE('',#4028,#7655,#9429,.F.);
#9431=ORIENTED_EDGE('',*,*,#9430,.F.);
#9432=ORIENTED_EDGE('',*,*,#4121,.F.);
#9433=ORIENTED_EDGE('',*,*,#9299,.T.);
#9434=EDGE_LOOP('',(#9424,#9431,#9432,#9433));
#9435=FACE_OUTER_BOUND('',#9434,.T.);
#9436=ADVANCED_FACE('',(#9435),#9423,.F.);
#9437=CARTESIAN_POINT('',(275.46135056927795,548.04773794144717,-94.573261043189248));
#9438=CARTESIAN_POINT('',(274.73897595334159,544.54182576259814,-97.155261260946787));
#9439=CARTESIAN_POINT('',(273.22462705399363,537.34283067560955,-101.93702274793034));
#9440=CARTESIAN_POINT('',(271.12560086007682,527.93274557215466,-107.07017303916011));
#9441=CARTESIAN_POINT('',(269.30702599895699,520.18587670343709,-110.72788496593466));
#9442=CARTESIAN_POINT('',(267.8706814048158,514.27266495001493,-113.26051814317024));
#9443=CARTESIAN_POINT('',(266.6117486903936,509.264277690629,-115.20701488895926));
#9444=CARTESIAN_POINT('',(265.5670840879103,505.21214774032109,-116.67283338187956));
#9445=CARTESIAN_POINT('',(264.49747421783405,501.13074539991351,-118.08001889129633));
#9446=CARTESIAN_POINT('',(263.12385232857605,496.01272961344364,-119.72196620701448));
#9447=CARTESIAN_POINT('',(260.84917075069222,487.78295285088109,-122.12984755765447));
#9448=CARTESIAN_POINT('',(257.87191953262197,477.42744872609342,-124.77627899863748));
#9449=CARTESIAN_POINT('',(254.13463805495735,464.8995765721441,-127.51924526430949));
#9450=CARTESIAN_POINT('',(250.30945152371947,452.27435756037255,-129.96490936655559));
#9451=CARTESIAN_POINT('',(246.49693061372031,439.54968385648755,-132.23094303944609));
#9452=CARTESIAN_POINT('',(242.81672792115896,426.7177203561925,-134.40806165724052));
#9453=CARTESIAN_POINT('',(239.39905662206658,413.76463855908469,-136.54978809246879));
#9454=CARTESIAN_POINT('',(236.3744997835002,400.67114840564847,-138.66592077245366));
#9455=CARTESIAN_POINT('',(233.86453758241197,387.41197709390144,-140.71086519348106));
#9456=CARTESIAN_POINT('',(231.96654716822277,373.96732865589513,-142.64743302825767));
#9457=CARTESIAN_POINT('',(230.7663272842521,360.31719605450968,-144.42610480164899));
#9458=CARTESIAN_POINT('',(230.48324653358449,351.06521759647774,-145.45966028233275));
#9459=CARTESIAN_POINT('',(230.48324653358446,346.39716964936036,-145.92434992745243));
#9460=CARTESIAN_POINT('',(279.97530215096441,544.87774943309182,-91.372247449325499));
#9461=CARTESIAN_POINT('',(279.22054099445415,541.42944907275023,-93.831060844667917));
#9462=CARTESIAN_POINT('',(277.63614542797734,534.34038061018737,-98.374300416619917));
#9463=CARTESIAN_POINT('',(275.44127362044185,525.07942587658886,-103.20428428468857));
#9464=CARTESIAN_POINT('',(273.53859463761461,517.45350717879683,-106.6162474030145));
#9465=CARTESIAN_POINT('',(272.03251981191607,511.62284459038676,-108.96533786658961));
#9466=CARTESIAN_POINT('',(270.71160772271105,506.68526541942208,-110.75513501418123));
#9467=CARTESIAN_POINT('',(269.61440349845037,502.68987779384969,-112.0937492643953));
#9468=CARTESIAN_POINT('',(268.48811940426987,498.65814068499049,-113.37463423566152));
#9469=CARTESIAN_POINT('',(267.03920871746669,493.59989458160527,-114.85740980744222));
#9470=CARTESIAN_POINT('',(264.63151779148882,485.45449123418251,-117.00968537011137));
#9471=CARTESIAN_POINT('',(261.46495022175804,475.19450758897648,-119.33074797514041));
#9472=CARTESIAN_POINT('',(257.4716414921387,462.80658139910315,-121.67531464768865));
#9473=CARTESIAN_POINT('',(253.35054948873045,450.3216046816263,-123.73288875901102));
#9474=CARTESIAN_POINT('',(249.20323670731878,437.73900593430176,-125.6370090889972));
#9475=CARTESIAN_POINT('',(245.15512002321191,425.05334957009075,-127.49542201204127));
#9476=CARTESIAN_POINT('',(241.34667976259206,412.25487661290413,-129.37616213313493));
#9477=CARTESIAN_POINT('',(237.92188367166068,399.33485844802732,-131.29810833068967));
#9478=CARTESIAN_POINT('',(235.01224650854988,386.2665721143419,-133.21667827063504));
#9479=CARTESIAN_POINT('',(232.71955119554991,373.00476308688553,-135.08739113557667));
#9480=CARTESIAN_POINT('',(231.13605990740183,359.53760124321997,-136.85092802123793));
#9481=CARTESIAN_POINT('',(230.6049199697627,350.39243355444512,-137.90184898143545));
#9482=CARTESIAN_POINT('',(230.48324653358441,345.77622470950308,-138.37949479820239));
#9483=CARTESIAN_POINT('',(283.16873095984459,547.69006141060765,-96.122404061138539));
#9484=CARTESIAN_POINT('',(282.45152395767354,544.06348030811648,-98.675474154353893));
#9485=CARTESIAN_POINT('',(280.94733781281383,536.62465471460121,-103.37941707950547));
#9486=CARTESIAN_POINT('',(278.86119749752891,526.92354695628387,-108.36643300569216));
#9487=CARTESIAN_POINT('',(277.05324674840108,518.95303031654635,-111.87824791080936));
#9488=CARTESIAN_POINT('',(275.62502894548294,512.87782887262438,-114.28708580400425));
#9489=CARTESIAN_POINT('',(274.37297638345342,507.74026650526451,-116.11858781100895));
#9490=CARTESIAN_POINT('',(273.33384153985503,503.58895142459301,-117.48544439950234));
#9491=CARTESIAN_POINT('',(272.26975812503559,499.41137210873728,-118.7890773449285));
#9492=CARTESIAN_POINT('',(270.90294749501942,494.18002569071797,-120.29408617001927));
#9493=CARTESIAN_POINT('',(268.63873828107069,485.78478803667042,-122.46752201637163));
#9494=CARTESIAN_POINT('',(265.6732422517947,475.25495665676254,-124.79395718389412));
#9495=CARTESIAN_POINT('',(261.94549654532267,462.5780508841172,-127.11613617449119));
#9496=CARTESIAN_POINT('',(258.12190858193117,449.87133368306911,-129.11143385429355));
#9497=CARTESIAN_POINT('',(254.29884924995616,437.13866798622109,-130.90521466046374));
#9498=CARTESIAN_POINT('',(250.59110033645896,424.37670906874843,-132.59591940035116));
#9499=CARTESIAN_POINT('',(247.12354005107213,411.5739728409867,-134.24471367255904));
#9500=CARTESIAN_POINT('',(244.02137680740674,398.71438923256096,-135.86814799128982));
#9501=CARTESIAN_POINT('',(241.4003889373669,385.76733695740177,-137.42968836288026));
#9502=CARTESIAN_POINT('',(239.35373360724199,372.69139607050454,-138.90301729188729));
#9503=CARTESIAN_POINT('',(237.96519714455667,359.46391033251689,-140.24376251478344));
#9504=CARTESIAN_POINT('',(237.52926402167546,350.52479034679101,-141.00610251062025));
#9505=CARTESIAN_POINT('',(237.44596369993704,346.01997256806658,-141.34117813416688));
#9513=(BOUNDED_SURFACE()B_SPLINE_SURFACE(3,2,((#9437,#9460,#9483),(#9438,#9461,#9484),(#9439,#9462,#9485),(#9440,#9463,#9486),(#9441,#9464,#9487),(#9442,#9465,#9488),(#9443,#9466,#9489),(#9444,#9467,#9490),(#9445,#9468,#9491),(#9446,#9469,#9492),(#9447,#9470,#9493),(#9448,#9471,#9494),(#9449,#9472,#9495),(#9450,#9473,#9496),(#9451,#9474,#9497),(#9452,#9475,#9498),(#9453,#9476,#9499),(#9454,#9477,#9500),(#9455,#9478,#9501),(#9456,#9479,#9502),(#9457,#9480,#9503),(#9458,#9481,#9504),(#9459,#9482,#9505)),.UNSPECIFIED.,.F.,.F.,.F.)B_SPLINE_SURFACE_WITH_KNOTS((4,1,1,1,1,1,1,1,1,1,1,1,1,1,1,1,1,1,1,1,4),(3,3),(0.0,0.013456845192963,0.026913690385927,0.033642112982408,0.04037053557889,0.047098958175372,0.050463169473613,0.053827380771854,0.060555803368335,0.067284225964817,0.08074107115778,0.094197916350744,0.107654761543707,0.121111606736671,0.134568451929634,0.148025297122597,0.161482142315561,0.174938987508524,0.188395832701488,0.201852677894451,0.215309523087414),(0.0,1.0),.UNSPECIFIED.)GEOMETRIC_REPRESENTATION_ITEM()RATIONAL_B_SPLINE_SURFACE(((1.0,0.61699684702869,1.0),(1.0,0.616378167826943,1.0),(1.0,0.614921484897033,1.0),(1.0,0.61231441068106,1.0),(1.0,0.609644137841401,1.0),(1.0,0.607330301981604,1.0),(1.0,0.605131979073644,1.0),(1.0,0.603209509080457,1.0),(1.0,0.60117853880674,1.0),(1.0,0.598458396781162,1.0),(1.0,0.593744788330742,1.0),(1.0,0.587251683094131,1.0),(1.0,0.578867516854232,1.0),(1.0,0.570408249215629,1.0),(1.0,0.562480404397853,1.0),(1.0,0.555702597764075,1.0),(1.0,0.550590595750423,1.0),(1.0,0.547511473004478,1.0),(1.0,0.546437975082885,1.0),(1.0,0.546902539521891,1.0),(1.0,0.548607382768364,1.0),(1.0,0.550253180734737,1.0),(1.0,0.551115490042461,1.0)))REPRESENTATION_ITEM('')SURFACE());
#9514=ORIENTED_EDGE('',*,*,#9341,.T.);
#9515=ORIENTED_EDGE('',*,*,#4314,.F.);
#9516=CARTESIAN_POINT('',(278.90918635711279,549.70752227979528,-97.791574938740737));
#9517=DIRECTION('',(-0.153323776273248,-0.801703878528844,-0.57772200129571));
#9518=DIRECTION('',(0.0,0.584634718463786,-0.811296644863499));
#9519=AXIS2_PLACEMENT_3D('',#9516,#9517,#9518);
#9520=CIRCLE('',#9519,4.999999999999999);
#9521=EDGE_CURVE('',#2188,#4124,#9520,.T.);
#9522=ORIENTED_EDGE('',*,*,#9521,.F.);
#9523=ORIENTED_EDGE('',*,*,#2293,.F.);
#9524=EDGE_LOOP('',(#9514,#9515,#9522,#9523));
#9525=FACE_OUTER_BOUND('',#9524,.T.);
#9526=ADVANCED_FACE('',(#9525),#9513,.F.);
#9527=CARTESIAN_POINT('',(283.16873095984454,547.69006141060765,-96.122404061138567));
#9528=CARTESIAN_POINT('',(283.23500960454032,548.04280307729198,-95.86519512469097));
#9529=CARTESIAN_POINT('',(283.36671074111911,548.52660630578202,-95.442549637854114));
#9530=CARTESIAN_POINT('',(283.60552991246351,549.08628162094396,-94.81383284273366));
#9531=CARTESIAN_POINT('',(283.8191136991889,549.46562854722561,-94.306926262154974));
#9532=CARTESIAN_POINT('',(284.06167759617807,549.79351887071414,-93.781367966564332));
#9533=CARTESIAN_POINT('',(284.33188341594456,550.07088190948377,-93.242031861045689));
#9534=CARTESIAN_POINT('',(284.6305497037261,550.29954021542414,-92.690134904675503));
#9535=CARTESIAN_POINT('',(284.96052543899856,550.47993204353634,-92.125033753685571));
#9536=CARTESIAN_POINT('',(285.31194848833769,550.60731762770183,-91.56680427712287));
#9537=CARTESIAN_POINT('',(285.68613341068317,550.68477451132242,-91.015064559711419));
#9538=CARTESIAN_POINT('',(286.08387402303333,550.71306874636048,-90.471445615980173));
#9539=CARTESIAN_POINT('',(286.50695566565037,550.69150328296405,-89.937344341050505));
#9540=CARTESIAN_POINT('',(286.94245826086569,550.62169395270485,-89.431042718856361));
#9541=CARTESIAN_POINT('',(287.39309190482379,550.50518817282432,-88.949913110630121));
#9542=CARTESIAN_POINT('',(287.85880900969255,550.34217700165186,-88.49563495818272));
#9543=CARTESIAN_POINT('',(288.18031981680815,550.20144137895284,-88.211313188960673));
#9544=CARTESIAN_POINT('',(288.34070094472554,550.12442046515707,-88.076660783054948));
#9545=CARTESIAN_POINT('',(279.97530215096435,544.87774943309182,-91.372247449325599));
#9546=CARTESIAN_POINT('',(280.028582939209,545.1421319703876,-91.199495096501821));
#9547=CARTESIAN_POINT('',(280.12902892792732,545.52735177913985,-90.930316323076781));
#9548=CARTESIAN_POINT('',(280.317895421309,546.03582062315513,-90.523996144085004));
#9549=CARTESIAN_POINT('',(280.49259861580782,546.41400815510701,-90.18903444567465));
#9550=CARTESIAN_POINT('',(280.70028668899391,546.77670695747315,-89.828265184835502));
#9551=CARTESIAN_POINT('',(280.9431292047808,547.11915248743981,-89.441173732722788));
#9552=CARTESIAN_POINT('',(281.22456445172634,547.43778128803865,-89.02604780266401));
#9553=CARTESIAN_POINT('',(281.54989993026379,547.72831621885928,-88.580200208386586));
#9554=CARTESIAN_POINT('',(281.91070654246107,547.97660884549043,-88.119219800427317));
#9555=CARTESIAN_POINT('',(282.3083109423751,548.18035486862914,-87.644270767924837));
#9556=CARTESIAN_POINT('',(282.74332102299104,548.33563874555068,-87.15815513832375));
#9557=CARTESIAN_POINT('',(283.21723445894173,548.43766055323738,-86.663510913996461));
#9558=CARTESIAN_POINT('',(283.71410632158995,548.48079084303913,-86.179708280807702));
#9559=CARTESIAN_POINT('',(284.23492649856422,548.46509469627813,-85.707216266412217));
#9560=CARTESIAN_POINT('',(284.77773121656566,548.38898460624546,-85.249939539453266));
#9561=CARTESIAN_POINT('',(285.15492999966159,548.29587360292066,-84.956486701552919));
#9562=CARTESIAN_POINT('',(285.34298908281448,548.23961994281649,-84.816225034774789));
#9563=CARTESIAN_POINT('',(275.4613505692779,548.04773794144739,-94.573261043189262));
#9564=CARTESIAN_POINT('',(275.57821028567014,548.61489505235522,-94.155566670909678));
#9565=CARTESIAN_POINT('',(275.81996967277246,549.39919820074363,-93.481134639547491));
#9566=CARTESIAN_POINT('',(276.27018527568646,550.31817625664178,-92.496603778820514));
#9567=CARTESIAN_POINT('',(276.67660311360777,550.94743736258056,-91.710784691659896));
#9568=CARTESIAN_POINT('',(277.14057067392849,551.49785088736451,-90.902776252151298));
#9569=CARTESIAN_POINT('',(277.65860804784046,551.97008925569298,-90.079072800553703));
#9570=CARTESIAN_POINT('',(278.23139984000517,552.36650499398525,-89.240672017366421));
#9571=CARTESIAN_POINT('',(278.86347418780196,552.68738577556189,-88.385865205034463));
#9572=CARTESIAN_POINT('',(279.53501786149212,552.92353864505787,-87.544165655169877));
#9573=CARTESIAN_POINT('',(280.24771263040429,553.07947247426239,-86.714094965743101));
#9574=CARTESIAN_POINT('',(281.00225546484893,553.15594505798015,-85.897348344198704));
#9575=CARTESIAN_POINT('',(281.80116335600621,553.15140752653201,-85.095310067149683));
#9576=CARTESIAN_POINT('',(282.61938601518943,553.06714659462864,-84.334769558928869));
#9577=CARTESIAN_POINT('',(283.46158382030615,552.90560532508573,-83.611223678773939));
#9578=CARTESIAN_POINT('',(284.32721976455235,552.66686417255073,-82.926739781461237));
#9579=CARTESIAN_POINT('',(284.92144949691306,552.45444486921474,-82.497140095443555));
#9580=CARTESIAN_POINT('',(285.21703358560978,552.33697662360316,-82.293331036237191));
#9588=(BOUNDED_SURFACE()B_SPLINE_SURFACE(3,2,((#9527,#9545,#9563),(#9528,#9546,#9564),(#9529,#9547,#9565),(#9530,#9548,#9566),(#9531,#9549,#9567),(#9532,#9550,#9568),(#9533,#9551,#9569),(#9534,#9552,#9570),(#9535,#9553,#9571),(#9536,#9554,#9572),(#9537,#9555,#9573),(#9538,#9556,#9574),(#9539,#9557,#9575),(#9540,#9558,#9576),(#9541,#9559,#9577),(#9542,#9560,#9578),(#9543,#9561,#9579),(#9544,#9562,#9580)),.UNSPECIFIED.,.F.,.F.,.F.)B_SPLINE_SURFACE_WITH_KNOTS((4,1,1,1,1,1,1,1,1,1,1,1,1,1,1,4),(3,3),(0.041006029751774,0.043181062944399,0.044268579540711,0.045356096137024,0.046443612733336,0.047531129329648,0.04861864592596,0.049706162522273,0.050793679118585,0.051881195714897,0.05296871231121,0.054056228907522,0.055143745503834,0.056231262100147,0.057318778696459,0.058406295292771),(0.0,1.0),.UNSPECIFIED.)GEOMETRIC_REPRESENTATION_ITEM()RATIONAL_B_SPLINE_SURFACE(((1.0,0.616996847028691,1.0),(1.0,0.618042902444518,1.0),(1.0,0.62104020181591,1.0),(1.0,0.627410525038495,1.0),(1.0,0.633322243614257,1.0),(1.0,0.640066215556842,1.0),(1.0,0.647445780680378,1.0),(1.0,0.655328407465129,1.0),(1.0,0.663620398768773,1.0),(1.0,0.671922859552604,1.0),(1.0,0.680144555477015,1.0),(1.0,0.688179671994382,1.0),(1.0,0.69593065927267,1.0),(1.0,0.703071471381302,1.0),(1.0,0.709597151235855,1.0),(1.0,0.715447646523706,1.0),(1.0,0.718866503277547,1.0),(1.0,0.720419284270558,1.0)))REPRESENTATION_ITEM('')SURFACE());
#9589=ORIENTED_EDGE('',*,*,#7661,.F.);
#9590=ORIENTED_EDGE('',*,*,#7108,.F.);
#9591=ORIENTED_EDGE('',*,*,#9521,.T.);
#9592=ORIENTED_EDGE('',*,*,#4202,.F.);
#9593=ORIENTED_EDGE('',*,*,#9430,.T.);
#9594=EDGE_LOOP('',(#9589,#9590,#9591,#9592,#9593));
#9595=FACE_OUTER_BOUND('',#9594,.T.);
#9596=ADVANCED_FACE('',(#9595),#9588,.F.);
#9597=CARTESIAN_POINT('',(233.84787781748827,305.3899444195643,90.358555678868001));
#9598=CARTESIAN_POINT('',(233.97038216094751,302.10449706515698,95.61541061684494));
#9599=CARTESIAN_POINT('',(234.21576901701428,295.95723750035341,106.31004205432274));
#9600=CARTESIAN_POINT('',(234.69120207070605,285.08741982817094,128.29150512957679));
#9601=CARTESIAN_POINT('',(235.01353429598123,278.2714040579159,145.31669470317749));
#9602=CARTESIAN_POINT('',(235.20350066159583,274.11842139329946,156.81331622798871));
#9603=CARTESIAN_POINT('',(230.48324653358438,306.38167229037828,90.968976459369571));
#9604=CARTESIAN_POINT('',(230.48324653377927,303.03288233279881,96.221536376145963));
#9605=CARTESIAN_POINT('',(230.48324653329843,296.74630470515831,106.92043297751536));
#9606=CARTESIAN_POINT('',(230.483246534659,285.54036011451547,128.9423402260482));
#9607=CARTESIAN_POINT('',(230.48324652897441,278.60158831635965,145.67140439248521));
#9608=CARTESIAN_POINT('',(230.48324653358435,274.36727434401325,156.9029657182968));
#9609=CARTESIAN_POINT('',(230.48324653358438,309.41379544723253,92.835285795281123));
#9610=CARTESIAN_POINT('',(230.48324653358438,306.22390292678881,98.017785176603596));
#9611=CARTESIAN_POINT('',(230.48324653358452,300.24522084412649,108.56453436293179));
#9612=CARTESIAN_POINT('',(230.48324653358452,289.62886420883513,130.2656789371047));
#9613=CARTESIAN_POINT('',(230.48324653358438,282.92040098932131,147.10966944266582));
#9614=CARTESIAN_POINT('',(230.48324653358438,278.81511389468938,158.50530375586624));
#9622=(BOUNDED_SURFACE()B_SPLINE_SURFACE(3,2,((#9597,#9603,#9609),(#9598,#9604,#9610),(#9599,#9605,#9611),(#9600,#9606,#9612),(#9601,#9607,#9613),(#9602,#9608,#9614)),.UNSPECIFIED.,.F.,.F.,.F.)B_SPLINE_SURFACE_WITH_KNOTS((4,1,1,4),(3,3),(0.0,0.018111188857235,0.03622237771447,0.072444755428939),(0.0,1.0),.UNSPECIFIED.)GEOMETRIC_REPRESENTATION_ITEM()RATIONAL_B_SPLINE_SURFACE(((1.0,0.814577725947384,1.0),(1.0,0.807058226005678,1.0),(1.0,0.791785038792243,1.0),(1.0,0.761319303073716,1.0),(1.0,0.739690542734359,1.0),(1.0,0.726618598164715,1.0)))REPRESENTATION_ITEM('')SURFACE());
#9623=ORIENTED_EDGE('',*,*,#3448,.F.);
#9624=ORIENTED_EDGE('',*,*,#2372,.F.);
#9625=CARTESIAN_POINT('',(235.48324653358438,309.41379544723242,92.835285795281109));
#9626=DIRECTION('',(0.0,-0.524176341510337,0.851609748065884));
#9627=DIRECTION('',(0.0,-0.851609748065884,-0.524176341510337));
#9628=AXIS2_PLACEMENT_3D('',#9625,#9626,#9627);
#9629=CIRCLE('',#9628,5.000000000000001);
#9630=EDGE_CURVE('',#5722,#2349,#9629,.T.);
#9631=ORIENTED_EDGE('',*,*,#9630,.F.);
#9632=ORIENTED_EDGE('',*,*,#5894,.F.);
#9633=EDGE_LOOP('',(#9623,#9624,#9631,#9632));
#9634=FACE_OUTER_BOUND('',#9633,.T.);
#9635=ADVANCED_FACE('',(#9634),#9622,.F.);
#9636=CARTESIAN_POINT('',(230.48324802064033,309.40080544924126,92.855918086012096));
#9637=CARTESIAN_POINT('',(230.48204821208262,314.67568567292466,84.57986529230655));
#9638=CARTESIAN_POINT('',(231.57037276388169,322.8727851300298,72.601656513548733));
#9639=CARTESIAN_POINT('',(234.5500694036119,332.55773044862309,59.113677813714887));
#9640=CARTESIAN_POINT('',(236.70130646543757,338.07536121227378,51.513229598725694));
#9641=CARTESIAN_POINT('',(238.52760486884503,342.19645934856027,45.856273385576891));
#9642=CARTESIAN_POINT('',(240.55258505147782,346.29016066585137,40.236856184138063));
#9643=CARTESIAN_POINT('',(242.76322342021967,350.35388198691726,34.643679666895231));
#9644=CARTESIAN_POINT('',(245.13057036208323,354.36177565033393,29.091934248116956));
#9645=CARTESIAN_POINT('',(248.4624073000069,359.62086272197428,21.738947669563096));
#9646=CARTESIAN_POINT('',(252.89975802923718,366.04050816618155,12.616096317471605));
#9647=CARTESIAN_POINT('',(258.46820619367543,373.56070266989514,1.75121195669172));
#9648=CARTESIAN_POINT('',(264.09379840140053,381.02350104271517,-9.016510559052126));
#9649=CARTESIAN_POINT('',(269.6114826837769,388.59521078397802,-19.637876520445346));
#9650=CARTESIAN_POINT('',(274.00966711387758,395.154286068685,-28.304010980351073));
#9651=CARTESIAN_POINT('',(277.36254885166721,400.65126612742756,-35.077544246994833));
#9652=CARTESIAN_POINT('',(279.78720119781036,404.92486076227453,-40.064455834784425));
#9653=CARTESIAN_POINT('',(282.11560557192081,409.37358000488905,-44.94212558648492));
#9654=CARTESIAN_POINT('',(284.34660075200435,414.03006572477267,-49.699398351665835));
#9655=CARTESIAN_POINT('',(286.44834934702095,418.85013647469418,-54.252471947157829));
#9656=CARTESIAN_POINT('',(289.08661102508563,425.52331018076762,-60.038788388711708));
#9657=CARTESIAN_POINT('',(292.08586499918357,434.36390222560539,-66.695449113811975));
#9658=CARTESIAN_POINT('',(294.19533108947763,442.04196530755161,-71.305350682862795));
#9659=CARTESIAN_POINT('',(295.18725528542791,446.05817209040873,-73.402933264547045));
#9660=CARTESIAN_POINT('',(230.48342470501734,306.36835612916371,90.989624434322337));
#9661=CARTESIAN_POINT('',(230.37254816387235,311.69504356793959,82.698943429453777));
#9662=CARTESIAN_POINT('',(231.29395360387804,319.99400967357747,70.684806473394431));
#9663=CARTESIAN_POINT('',(234.08360552196677,329.82403513049621,57.118799316962246));
#9664=CARTESIAN_POINT('',(236.11756542386183,335.40903072097052,49.489524585873554));
#9665=CARTESIAN_POINT('',(237.85131552472592,339.57708071039571,43.812154931754613));
#9666=CARTESIAN_POINT('',(239.77912347718865,343.71624512614943,38.170241856956046));
#9667=CARTESIAN_POINT('',(241.88704211019933,347.82414501702755,32.551794133359628));
#9668=CARTESIAN_POINT('',(244.14446577534846,351.87270523745445,26.973263050662712));
#9669=CARTESIAN_POINT('',(247.32273308289192,357.18839177607526,19.574833390948363));
#9670=CARTESIAN_POINT('',(251.55586299134896,363.68709152491078,10.374913037739248));
#9671=CARTESIAN_POINT('',(256.84614745562578,371.30604786626446,-0.582921214867114));
#9672=CARTESIAN_POINT('',(262.17245110034003,378.89184572289997,-11.451847909665522));
#9673=CARTESIAN_POINT('',(267.37874022404804,386.61750340542142,-22.173154643568079));
#9674=CARTESIAN_POINT('',(271.50604988725843,393.3150583919159,-30.890136943932394));
#9675=CARTESIAN_POINT('',(274.64943905055952,398.9369988106979,-37.696492520269487));
#9676=CARTESIAN_POINT('',(276.92714642294101,403.32204482474685,-42.715287655918743));
#9677=CARTESIAN_POINT('',(279.11411585006158,407.88882063944084,-47.618695751381836));
#9678=CARTESIAN_POINT('',(281.20999983646334,412.66921694846485,-52.394924993482483));
#9679=CARTESIAN_POINT('',(283.18563681160265,417.61652221285721,-56.959837873507468));
#9680=CARTESIAN_POINT('',(285.67271562923293,424.47610171761926,-62.763907664203671));
#9681=CARTESIAN_POINT('',(288.50290466682134,433.55057029253896,-69.418251050855659));
#9682=CARTESIAN_POINT('',(290.49312747707768,441.3889039104983,-73.992270111098293));
#9683=CARTESIAN_POINT('',(291.43195559733431,445.48886730034297,-76.071939968941422));
#9684=CARTESIAN_POINT('',(233.84845177166949,305.37708277800812,90.379074772641815));
#9685=CARTESIAN_POINT('',(233.65465927460099,310.54257160735227,82.113061991134686));
#9686=CARTESIAN_POINT('',(234.42560192071625,318.59238480651635,70.141701050233166));
#9687=CARTESIAN_POINT('',(237.0076387950634,328.12186262461705,56.640287953451363));
#9688=CARTESIAN_POINT('',(238.92621993044287,333.55405008935696,49.022460771041054));
#9689=CARTESIAN_POINT('',(240.5758167323275,337.61255744794039,43.346640851790958));
#9690=CARTESIAN_POINT('',(242.4224724192988,341.64533813449862,37.701185158268181));
#9691=CARTESIAN_POINT('',(244.45348810223288,345.64927499332623,32.074183857606549));
#9692=CARTESIAN_POINT('',(246.64097535294019,349.59567382045645,26.482849485707888));
#9693=CARTESIAN_POINT('',(249.73348220605578,354.77358059231159,19.065529188798482));
#9694=CARTESIAN_POINT('',(253.87358009738819,361.09737420286513,9.835573254544482));
#9695=CARTESIAN_POINT('',(259.09281038729495,368.52803161312545,-1.213562970788396));
#9696=CARTESIAN_POINT('',(264.38137973804851,375.94481166817303,-12.228032246768215));
#9697=CARTESIAN_POINT('',(269.57853707677759,383.53246662761921,-23.15894662335992));
#9698=CARTESIAN_POINT('',(273.72617943531861,390.17110868321657,-32.13039650388491));
#9699=CARTESIAN_POINT('',(276.88964385145493,395.77935897335061,-39.170902798327973));
#9700=CARTESIAN_POINT('',(279.17787532599897,400.16199257452467,-44.367570480015942));
#9701=CARTESIAN_POINT('',(281.37562373749381,404.74694491263404,-49.462464551522814));
#9702=CARTESIAN_POINT('',(283.48162609945661,409.56876123767267,-54.442511924953095));
#9703=CARTESIAN_POINT('',(285.46570834060287,414.5818721504312,-59.218282719058763));
#9704=CARTESIAN_POINT('',(287.95629396286324,421.54985575919142,-65.298326300395274));
#9705=CARTESIAN_POINT('',(290.78763081534009,430.82956783010752,-72.30961728021289));
#9706=CARTESIAN_POINT('',(292.77904443318937,438.93444941361781,-77.17602275665952));
#9707=CARTESIAN_POINT('',(293.71554466126122,443.18344924923571,-79.391616016497267));
#9715=(BOUNDED_SURFACE()B_SPLINE_SURFACE(3,2,((#9636,#9660,#9684),(#9637,#9661,#9685),(#9638,#9662,#9686),(#9639,#9663,#9687),(#9640,#9664,#9688),(#9641,#9665,#9689),(#9642,#9666,#9690),(#9643,#9667,#9691),(#9644,#9668,#9692),(#9645,#9669,#9693),(#9646,#9670,#9694),(#9647,#9671,#9695),(#9648,#9672,#9696),(#9649,#9673,#9697),(#9650,#9674,#9698),(#9651,#9675,#9699),(#9652,#9676,#9700),(#9653,#9677,#9701),(#9654,#9678,#9702),(#9655,#9679,#9703),(#9656,#9680,#9704),(#9657,#9681,#9705),(#9658,#9682,#9706),(#9659,#9683,#9707)),.UNSPECIFIED.,.F.,.F.,.F.)B_SPLINE_SURFACE_WITH_KNOTS((4,1,1,1,1,1,1,1,1,1,1,1,1,1,1,1,1,1,1,1,1,4),(3,3),(-0.000023424770046,0.028261927242885,0.042392890864328,0.049458372675049,0.056523854485771,0.063589336296492,0.070654818107214,0.077720299917935,0.084785781728656,0.098916745350099,0.113047708971542,0.127178672592984,0.141309636214427,0.15544059983587,0.162506081646591,0.169571563457313,0.176637045268034,0.183702527078755,0.190768008889477,0.197833490700198,0.211964454321641,0.226118842713129),(-0.000023424770045,1.000017137195711),.UNSPECIFIED.)GEOMETRIC_REPRESENTATION_ITEM()RATIONAL_B_SPLINE_SURFACE(((1.000008687484453,0.814563103089896,1.000006355587907),(1.000008553581506,0.817421300669382,1.00000625762722),(1.000008336028745,0.822065027992905,1.000006098470021),(1.000008161323907,0.825794153873448,1.000005970659494),(1.000008098213404,0.827141266016001,1.000005924489127),(1.00000807243651,0.827691481350759,1.000005905631273),(1.000008070923566,0.827723775584235,1.000005904524434),(1.000008096927071,0.827168723180328,1.000005923548072),(1.000008156859554,0.82588944679425,1.000005967393464),(1.000008281009067,0.823239439125793,1.000006058218737),(1.000008518072755,0.818179245346158,1.000006231649736),(1.000008917917148,0.809644449820147,1.000006524167806),(1.000009405718478,0.799232187740852,1.000006881033393),(1.000009946221248,0.787694998006081,1.000007276454287),(1.000010408845879,0.777820139933005,1.00000761490111),(1.000010768807183,0.770136660598835,1.000007878241519),(1.000011030061583,0.764560109020209,1.000008069369954),(1.000011279325525,0.759239497251339,1.000008251726412),(1.000011514229578,0.754225401539425,1.000008423577466),(1.00001172973229,0.749625433109536,1.000008581234891),(1.000011990771744,0.744053469606936,1.000008772206076),(1.00001226727674,0.738151389585136,1.000008974491538),(1.000012439527437,0.734474648056644,1.000009100506664),(1.0000125156507,0.732849774757503,1.000009156196903)))REPRESENTATION_ITEM('')SURFACE());
#9716=ORIENTED_EDGE('',*,*,#9630,.T.);
#9717=ORIENTED_EDGE('',*,*,#2513,.F.);
#9718=CARTESIAN_POINT('',(297.94948355560933,443.59308382113591,-76.763585965316452));
#9719=DIRECTION('',(-0.19842648853404,-0.863588315224548,0.463510679980167));
#9720=DIRECTION('',(0.0,-0.472914213513469,-0.881108476100949));
#9721=AXIS2_PLACEMENT_3D('',#9718,#9719,#9720);
#9722=CIRCLE('',#9721,5.000000000000002);
#9723=EDGE_CURVE('',#5731,#2446,#9722,.T.);
#9724=ORIENTED_EDGE('',*,*,#9723,.F.);
#9725=ORIENTED_EDGE('',*,*,#5769,.F.);
#9726=EDGE_LOOP('',(#9716,#9717,#9724,#9725));
#9727=FACE_OUTER_BOUND('',#9726,.T.);
#9728=ADVANCED_FACE('',(#9727),#9715,.F.);
#9729=CARTESIAN_POINT('',(230.48324653358432,296.46257024335233,59.430344510751723));
#9730=CARTESIAN_POINT('',(230.48324653358435,292.54764969997927,65.083071443200794));
#9731=CARTESIAN_POINT('',(230.48324653358418,285.16697241612803,76.611504324591039));
#9732=CARTESIAN_POINT('',(230.48324653358452,275.22668685677661,94.467434158979074));
#9733=CARTESIAN_POINT('',(230.48324653358438,266.24086679397158,112.79827828179666));
#9734=CARTESIAN_POINT('',(230.48324653358463,260.78670771306793,125.28627524725449));
#9735=CARTESIAN_POINT('',(230.48324653358463,258.17184109597582,131.58622128455869));
#9736=CARTESIAN_POINT('',(230.4832465335829,302.68619364099357,63.740652237706605));
#9737=CARTESIAN_POINT('',(230.48324653711899,298.77209805239522,69.007882562016874));
#9738=CARTESIAN_POINT('',(230.48324653214803,291.33000626005753,79.831269404659068));
#9739=CARTESIAN_POINT('',(230.48324653351645,281.05073341018544,97.117268867497728));
#9740=CARTESIAN_POINT('',(230.4832465351447,271.73432759827944,115.0078304902771));
#9741=CARTESIAN_POINT('',(230.4832465300822,266.00198690491641,127.43375029491577));
#9742=CARTESIAN_POINT('',(230.48324653358466,263.26640457984348,133.7007797124941));
#9743=CARTESIAN_POINT('',(237.44603120231193,300.24306712322647,62.048611052846013));
#9744=CARTESIAN_POINT('',(237.32127723769221,296.43510198013138,67.64042770905894));
#9745=CARTESIAN_POINT('',(237.06701543935571,289.24785783407935,79.044832293416817));
#9746=CARTESIAN_POINT('',(236.68453303517202,279.53662444171835,96.715395806329411));
#9747=CARTESIAN_POINT('',(236.31402686150491,270.72257161334647,114.86810895784669));
#9748=CARTESIAN_POINT('',(236.08278739726438,265.34918043636554,127.24595311447855));
#9749=CARTESIAN_POINT('',(235.97272266885352,262.76767113085032,133.4937745350729));
#9757=(BOUNDED_SURFACE()B_SPLINE_SURFACE(3,2,((#9729,#9736,#9743),(#9730,#9737,#9744),(#9731,#9738,#9745),(#9732,#9739,#9746),(#9733,#9740,#9747),(#9734,#9741,#9748),(#9735,#9742,#9749)),.UNSPECIFIED.,.F.,.F.,.F.)B_SPLINE_SURFACE_WITH_KNOTS((4,1,1,1,4),(3,3),(-0.000002595697147,0.020414355294393,0.040828710588787,0.06124306588318,0.081657421177574),(0.0,1.000002595697147),.UNSPECIFIED.)GEOMETRIC_REPRESENTATION_ITEM()RATIONAL_B_SPLINE_SURFACE(((1.0,0.551110007992015,1.000002330364943),(1.0,0.56242844532119,1.000002271606472),(1.0,0.584792824053969,1.000002155504164),(1.0,0.616591481738941,1.000001990424794),(1.0,0.645895452073452,1.00000183829633),(1.0,0.663410752465697,1.000001747367499),(1.0,0.671604910226262,1.000001704828395)))REPRESENTATION_ITEM('')SURFACE());
#9758=ORIENTED_EDGE('',*,*,#3672,.F.);
#9759=ORIENTED_EDGE('',*,*,#2764,.F.);
#9760=CARTESIAN_POINT('',(235.48324653358441,296.46107709081616,59.43250048459268));
#9761=DIRECTION('',(-6.937660E-015,-0.569349325881293,0.822095703138337));
#9762=DIRECTION('',(0.0,-0.822095703138337,-0.569349325881293));
#9763=AXIS2_PLACEMENT_3D('',#9760,#9761,#9762);
#9764=CIRCLE('',#9763,5.000000000000002);
#9765=EDGE_CURVE('',#2594,#2734,#9764,.T.);
#9766=ORIENTED_EDGE('',*,*,#9765,.F.);
#9767=ORIENTED_EDGE('',*,*,#2606,.F.);
#9768=EDGE_LOOP('',(#9758,#9759,#9766,#9767));
#9769=FACE_OUTER_BOUND('',#9768,.T.);
#9770=ADVANCED_FACE('',(#9769),#9757,.F.);
#9771=CARTESIAN_POINT('',(295.1822010965127,446.03821412434462,-73.392609016135907));
#9772=CARTESIAN_POINT('',(295.37272216211977,446.80934308691678,-73.795544192377463));
#9773=CARTESIAN_POINT('',(295.49359818660429,447.74307232564837,-74.355354242705189));
#9774=CARTESIAN_POINT('',(295.4669705614499,448.82109817167526,-75.106445205065995));
#9775=CARTESIAN_POINT('',(295.4184464798094,449.3522011228759,-75.498977566481898));
#9776=CARTESIAN_POINT('',(295.33440258636728,449.8716543226459,-75.906262399288323));
#9777=CARTESIAN_POINT('',(295.17749058321425,450.53732745368939,-76.459975965004546));
#9778=CARTESIAN_POINT('',(294.89850956925477,451.32444609685621,-77.175881653128556));
#9779=CARTESIAN_POINT('',(294.51062353434367,452.05037693766036,-77.92478540471086));
#9780=CARTESIAN_POINT('',(294.13441844654807,452.59102277893084,-78.544502445787927));
#9781=CARTESIAN_POINT('',(293.7226639641458,453.09343762758834,-79.165543224179402));
#9782=CARTESIAN_POINT('',(293.14078485662156,453.65486099990534,-79.949959211118497));
#9783=CARTESIAN_POINT('',(292.47317066946977,454.12530764724386,-80.746568835527682));
#9784=CARTESIAN_POINT('',(291.88681615086193,454.44440273017369,-81.39387116630148));
#9785=CARTESIAN_POINT('',(291.27876810569956,454.71801064567103,-82.034448326784585));
#9786=CARTESIAN_POINT('',(290.47656357301048,454.97796671007688,-82.82765886863541));
#9787=CARTESIAN_POINT('',(289.62283084962701,455.12754681666559,-83.611767805424435));
#9788=CARTESIAN_POINT('',(288.90702314574935,455.17828258145778,-84.236726897149595));
#9789=CARTESIAN_POINT('',(288.18477000056811,455.18153301105144,-84.847249672415401));
#9790=CARTESIAN_POINT('',(287.26946197462206,455.09870463877809,-85.585907665014759));
#9791=CARTESIAN_POINT('',(286.15323527353831,454.86160044856439,-86.434912721195019));
#9792=CARTESIAN_POINT('',(285.39749484088628,454.60855161385825,-86.975706092541117));
#9793=CARTESIAN_POINT('',(285.02592827088023,454.46140335889731,-87.233296767186786));
#9794=CARTESIAN_POINT('',(291.42744443976773,445.46840755084145,-76.061633767768498));
#9795=CARTESIAN_POINT('',(291.50845919147957,445.94990315509176,-76.320754445749685));
#9796=CARTESIAN_POINT('',(291.5447450801214,446.51530482349688,-76.673695891243398));
#9797=CARTESIAN_POINT('',(291.50381665724092,447.15607778543648,-77.143569953037115));
#9798=CARTESIAN_POINT('',(291.46584063860496,447.47036234552763,-77.389342917191655));
#9799=CARTESIAN_POINT('',(291.41038255857256,447.77640251981609,-77.644534094985005));
#9800=CARTESIAN_POINT('',(291.31444089624091,448.16755848491277,-77.99225571478982));
#9801=CARTESIAN_POINT('',(291.15323773247229,448.6290571396828,-78.44384199998585));
#9802=CARTESIAN_POINT('',(290.93477951177476,449.05613529158023,-78.921363499691765));
#9803=CARTESIAN_POINT('',(290.72288152815185,449.37572453760799,-79.320415427437055));
#9804=CARTESIAN_POINT('',(290.49030312313954,449.67340476210649,-79.722516836495601));
#9805=CARTESIAN_POINT('',(290.15871949867318,450.00754180461672,-80.234954926176101));
#9806=CARTESIAN_POINT('',(289.77059558878824,450.28816572860399,-80.761244114698499));
#9807=CARTESIAN_POINT('',(289.42398314374236,450.47692546384525,-81.191037196353349));
#9808=CARTESIAN_POINT('',(289.06095208387239,450.63677116419967,-81.616971367613644));
#9809=CARTESIAN_POINT('',(288.57447078468539,450.78344113465954,-82.145285495942218));
#9810=CARTESIAN_POINT('',(288.04690048938232,450.85547499254125,-82.66560652625418));
#9811=CARTESIAN_POINT('',(287.59973151100201,450.86483727183128,-83.076647517786967));
#9812=CARTESIAN_POINT('',(287.14546292642149,450.84115430496655,-83.475329576993232));
#9813=CARTESIAN_POINT('',(286.5649738155991,450.75032313934707,-83.950956838758486));
#9814=CARTESIAN_POINT('',(285.8536681243632,450.54380771507533,-84.481994029460481));
#9815=CARTESIAN_POINT('',(285.37341774965779,450.339971803943,-84.805916491967793));
#9816=CARTESIAN_POINT('',(285.13826543048759,450.22454433346746,-84.956079433808611));
#9817=CARTESIAN_POINT('',(293.71083723544217,443.16241314551013,-79.380530775909648));
#9818=CARTESIAN_POINT('',(293.83504728820162,443.63093277491828,-79.65881717516794));
#9819=CARTESIAN_POINT('',(293.92134332678114,444.20092223389332,-80.037443518864748));
#9820=CARTESIAN_POINT('',(293.92334293953292,444.86315686302532,-80.533949284658121));
#9821=CARTESIAN_POINT('',(293.90355401234905,445.19026025025505,-80.791341708678715));
#9822=CARTESIAN_POINT('',(293.86275093887667,445.51102762903508,-81.056379104310736));
#9823=CARTESIAN_POINT('',(293.7816655461391,445.9231468216575,-81.414180647053044));
#9824=CARTESIAN_POINT('',(293.63123217154049,446.4123189705316,-81.872398150343443));
#9825=CARTESIAN_POINT('',(293.41672864841064,446.86557811004366,-82.346673598952194));
#9826=CARTESIAN_POINT('',(293.20672230863119,447.20417852491386,-82.736661615159264));
#9827=CARTESIAN_POINT('',(292.97595794761742,447.51942675087298,-83.126104797012758));
#9828=CARTESIAN_POINT('',(292.64863171641304,447.87259368361225,-83.615895385548939));
#9829=CARTESIAN_POINT('',(292.27250699639922,448.16913058756774,-84.11171192984213));
#9830=CARTESIAN_POINT('',(291.94241108763998,448.3702618770551,-84.514403956267458));
#9831=CARTESIAN_POINT('',(291.60043660584046,448.54257664703761,-84.913042746846997));
#9832=CARTESIAN_POINT('',(291.15018593544329,448.7057307705627,-85.407377265827563));
#9833=CARTESIAN_POINT('',(290.67297061581235,448.79804195544375,-85.898131213698861));
#9834=CARTESIAN_POINT('',(290.2744306954653,448.8273558647208,-86.291215547421118));
#9835=CARTESIAN_POINT('',(289.87343481323569,448.82599046721873,-86.676700212829246));
#9836=CARTESIAN_POINT('',(289.36751150674928,448.768019710185,-87.146153479128003));
#9837=CARTESIAN_POINT('',(288.75453300344481,448.6090589310686,-87.691440610263754));
#9838=CARTESIAN_POINT('',(288.34241523719481,448.44139248474858,-88.043166421363196));
#9839=CARTESIAN_POINT('',(288.14051603091991,448.34422174799505,-88.21187290529879));
#9847=(BOUNDED_SURFACE()B_SPLINE_SURFACE(3,2,((#9771,#9794,#9817),(#9772,#9795,#9818),(#9773,#9796,#9819),(#9774,#9797,#9820),(#9775,#9798,#9821),(#9776,#9799,#9822),(#9777,#9800,#9823),(#9778,#9801,#9824),(#9779,#9802,#9825),(#9780,#9803,#9826),(#9781,#9804,#9827),(#9782,#9805,#9828),(#9783,#9806,#9829),(#9784,#9807,#9830),(#9785,#9808,#9831),(#9786,#9809,#9832),(#9787,#9810,#9833),(#9788,#9811,#9834),(#9789,#9812,#9835),(#9790,#9813,#9836),(#9791,#9814,#9837),(#9792,#9815,#9838),(#9793,#9816,#9839)),.UNSPECIFIED.,.F.,.F.,.F.)B_SPLINE_SURFACE_WITH_KNOTS((4,1,1,1,1,1,1,1,1,1,1,1,1,1,1,1,1,1,1,1,4),(3,3),(0.040720718041476,0.043461222438925,0.044146348538287,0.044831474637649,0.045516600737011,0.046201726836373,0.047571979035097,0.048942231233821,0.049627357333183,0.050312483432546,0.05168273563127,0.053052987829994,0.053738113929356,0.054423240028718,0.055793492227442,0.057163744426166,0.057848870525529,0.058533996624891,0.059904248823615,0.061274501022339,0.062644753221063),(0.0,1.0),.UNSPECIFIED.)GEOMETRIC_REPRESENTATION_ITEM()RATIONAL_B_SPLINE_SURFACE(((1.0,0.732868679350526,1.0),(1.0,0.729847336889357,1.0),(1.0,0.726866750764485,1.0),(1.0,0.724667060617054,1.0),(1.0,0.723841627995411,1.0),(1.0,0.723297504364446,1.0),(1.0,0.722939997760913,1.0),(1.0,0.72312839550313,1.0),(1.0,0.72402113314532,1.0),(1.0,0.725051208314523,1.0),(1.0,0.726223849282595,1.0),(1.0,0.727871950511997,1.0),(1.0,0.729519270168186,1.0),(1.0,0.730686461511086,1.0),(1.0,0.731679284316912,1.0),(1.0,0.732520704315384,1.0),(1.0,0.732627074525387,1.0),(1.0,0.732148094458251,1.0),(1.0,0.731271498391846,1.0),(1.0,0.729398874690367,1.0),(1.0,0.725811422974933,1.0),(1.0,0.722451802047989,1.0),(1.0,0.720567977127553,1.0)))REPRESENTATION_ITEM('')SURFACE());
#9848=ORIENTED_EDGE('',*,*,#7893,.F.);
#9849=CARTESIAN_POINT('',(288.24616198137312,452.715272736092,-90.638238903219872));
#9850=DIRECTION('',(-0.782003438597479,-0.311631532523773,-0.539774406542774));
#9851=DIRECTION('',(-0.281421496960749,0.949267166050303,-0.140334559204774));
#9852=AXIS2_PLACEMENT_3D('',#9849,#9850,#9851);
#9853=ELLIPSE('',#9852,5.000062757734016,4.999332230716473);
#9854=EDGE_CURVE('',#3791,#7790,#9853,.F.);
#9855=ORIENTED_EDGE('',*,*,#9854,.F.);
#9856=ORIENTED_EDGE('',*,*,#5863,.F.);
#9857=ORIENTED_EDGE('',*,*,#9723,.T.);
#9858=EDGE_LOOP('',(#9848,#9855,#9856,#9857));
#9859=FACE_OUTER_BOUND('',#9858,.T.);
#9860=ADVANCED_FACE('',(#9859),#9847,.F.);
#9861=CARTESIAN_POINT('',(275.46135056927784,441.7577087226241,-89.526469901792524));
#9862=CARTESIAN_POINT('',(274.73897595527342,437.76867485471553,-87.781260999880317));
#9863=CARTESIAN_POINT('',(273.22462705307424,430.02805038471308,-83.937629117015163));
#9864=CARTESIAN_POINT('',(271.12560086019067,420.87756928076647,-78.354831511011994));
#9865=CARTESIAN_POINT('',(269.30702599893539,413.83646339790829,-73.474702234336476));
#9866=CARTESIAN_POINT('',(267.87068140482194,408.68653285128147,-69.620027226527583));
#9867=CARTESIAN_POINT('',(266.61174869039246,404.49662359134209,-66.255885000804568));
#9868=CARTESIAN_POINT('',(265.56708408791042,401.20112256398386,-63.479546770862669));
#9869=CARTESIAN_POINT('',(264.49747421783354,397.94176299478698,-60.64854141571189));
#9870=CARTESIAN_POINT('',(263.12385232857622,393.96078701446521,-57.037183385519441));
#9871=CARTESIAN_POINT('',(260.84917075069194,387.76061221423026,-51.113928316984556));
#9872=CARTESIAN_POINT('',(257.87191953262203,380.2909832945719,-43.469014396416021));
#9873=CARTESIAN_POINT('',(254.13463805495738,371.65156874980107,-33.991041988568021));
#9874=CARTESIAN_POINT('',(250.30945152371913,363.22095200224692,-24.280113647154444));
#9875=CARTESIAN_POINT('',(246.49693061372065,354.8961724237497,-14.39323980116782));
#9876=CARTESIAN_POINT('',(242.81672792115845,346.5947506435412,-4.36899273837435));
#9877=CARTESIAN_POINT('',(239.39905662206712,338.26342024412008,5.777841937605807));
#9878=CARTESIAN_POINT('',(236.37449978349974,329.88405050876497,16.059070694685808));
#9879=CARTESIAN_POINT('',(233.8645375824122,321.48349103492569,26.519377673292084));
#9880=CARTESIAN_POINT('',(231.96654716822255,313.08404987496078,37.194500848103701));
#9881=CARTESIAN_POINT('',(230.76632728425216,304.71860863311849,48.12652655947474));
#9882=CARTESIAN_POINT('',(230.48324653358432,299.19753410260222,55.622197198455375));
#9883=CARTESIAN_POINT('',(230.48324653358432,296.46107709081616,59.432500484592723));
#9884=CARTESIAN_POINT('',(279.97530215096418,442.94487355859133,-85.180672526919949));
#9885=CARTESIAN_POINT('',(279.22054099663796,439.09132852026772,-83.42376351265132));
#9886=CARTESIAN_POINT('',(277.63614542701828,431.61223339664343,-79.556069921090938));
#9887=CARTESIAN_POINT('',(275.44127362054701,422.79886730261632,-73.950839792263864));
#9888=CARTESIAN_POINT('',(273.53859463759676,416.03106121622898,-69.052582032024162));
#9889=CARTESIAN_POINT('',(272.03251981192034,411.08135790481862,-65.177625341328906));
#9890=CARTESIAN_POINT('',(270.71160772271082,407.06255852189406,-61.796454919879558));
#9891=CARTESIAN_POINT('',(269.61440349845026,403.90559076255494,-59.005654863273911));
#9892=CARTESIAN_POINT('',(268.48811940426987,400.78044328368316,-56.154510591254187));
#9893=CARTESIAN_POINT('',(267.03920871746658,396.96719891871743,-52.515328753019972));
#9894=CARTESIAN_POINT('',(264.63151779148899,391.03057193179006,-46.537340311415242));
#9895=CARTESIAN_POINT('',(261.46495022175799,383.89048092945814,-38.812465134768807));
#9896=CARTESIAN_POINT('',(257.4716414921387,375.66606353522792,-29.256489690405949));
#9897=CARTESIAN_POINT('',(253.35054948873042,367.64166372591558,-19.472969743074437));
#9898=CARTESIAN_POINT('',(249.20323670731887,359.70134777462317,-9.528179747259909));
#9899=CARTESIAN_POINT('',(245.15512002321202,351.74908679043654,0.528714466309373));
#9900=CARTESIAN_POINT('',(241.34667976258919,343.72108158907287,10.672147116321533));
#9901=CARTESIAN_POINT('',(237.92188367167566,335.59661827480124,20.900237965718297));
#9902=CARTESIAN_POINT('',(235.01224650848187,327.40094480115897,31.258420944566847));
#9903=CARTESIAN_POINT('',(232.71955119583413,319.14995542285516,41.808128030128927));
#9904=CARTESIAN_POINT('',(231.13605990626692,310.88910675832085,52.589263861016306));
#9905=CARTESIAN_POINT('',(230.604919972256,305.40639866391069,59.98375091957584));
#9906=CARTESIAN_POINT('',(230.48324653358429,302.68464083069142,63.742682141485531));
#9907=CARTESIAN_POINT('',(283.16873095984442,440.23727324956468,-89.991284448722382));
#9908=CARTESIAN_POINT('',(282.45152395873924,436.21295914510677,-88.127108134319315));
#9909=CARTESIAN_POINT('',(280.9473378123065,428.41981226960803,-84.036867654705588));
#9910=CARTESIAN_POINT('',(278.86119749759183,419.25037591205233,-78.128969855653438));
#9911=CARTESIAN_POINT('',(277.05324674838897,412.2237966706013,-72.982207416727903));
#9912=CARTESIAN_POINT('',(275.62502894548646,407.10008113960794,-68.925347579818691));
#9913=CARTESIAN_POINT('',(274.37297638345274,402.94517269076186,-65.391839059650977));
#9914=CARTESIAN_POINT('',(273.33384153985503,399.68578262146343,-62.480123034924389));
#9915=CARTESIAN_POINT('',(272.26975812503542,396.46801371558524,-59.514049693781018));
#9916=CARTESIAN_POINT('',(270.90294749501948,392.54896463112789,-55.736075212325893));
#9917=CARTESIAN_POINT('',(268.63873828107052,386.46909514766662,-49.552304056288492));
#9918=CARTESIAN_POINT('',(265.67324225179493,379.18942750238148,-41.596420167483579));
#9919=CARTESIAN_POINT('',(261.94549654532273,370.83990861806672,-31.778987222289395));
#9920=CARTESIAN_POINT('',(258.12190858193111,362.75857153872204,-21.77229616737818));
#9921=CARTESIAN_POINT('',(254.29884924995616,354.83877894333341,-11.642374619098305));
#9922=CARTESIAN_POINT('',(250.59110033645942,346.99360622955601,-1.435546364457316));
#9923=CARTESIAN_POINT('',(247.12354005106928,339.16434039032868,8.827551310634231));
#9924=CARTESIAN_POINT('',(244.02137680741831,331.32861322471854,19.152560238245883));
#9925=CARTESIAN_POINT('',(241.40038893732213,323.50275345631098,29.58426622690007));
#9926=CARTESIAN_POINT('',(239.35373360740931,315.68884273219589,40.17169874869662));
#9927=CARTESIAN_POINT('',(237.96519714393133,307.9139804402302,50.9566648150522));
#9928=CARTESIAN_POINT('',(237.52926402302262,302.78421464450645,58.316999810980256));
#9929=CARTESIAN_POINT('',(237.4459636999369,300.24162175306293,62.050748635869233));
#9937=(BOUNDED_SURFACE()B_SPLINE_SURFACE(3,2,((#9861,#9884,#9907),(#9862,#9885,#9908),(#9863,#9886,#9909),(#9864,#9887,#9910),(#9865,#9888,#9911),(#9866,#9889,#9912),(#9867,#9890,#9913),(#9868,#9891,#9914),(#9869,#9892,#9915),(#9870,#9893,#9916),(#9871,#9894,#9917),(#9872,#9895,#9918),(#9873,#9896,#9919),(#9874,#9897,#9920),(#9875,#9898,#9921),(#9876,#9899,#9922),(#9877,#9900,#9923),(#9878,#9901,#9924),(#9879,#9902,#9925),(#9880,#9903,#9926),(#9881,#9904,#9927),(#9882,#9905,#9928),(#9883,#9906,#9929)),.UNSPECIFIED.,.F.,.F.,.F.)B_SPLINE_SURFACE_WITH_KNOTS((4,1,1,1,1,1,1,1,1,1,1,1,1,1,1,1,1,1,1,1,4),(3,3),(-1.110223E-016,0.013456845192963,0.026913690385927,0.033642112982408,0.04037053557889,0.047098958175372,0.050463169473613,0.053827380771854,0.060555803368335,0.067284225964817,0.08074107115778,0.094197916350744,0.107654761543707,0.121111606736671,0.134568451929634,0.148025297122598,0.161482142315561,0.174938987508524,0.188395832701488,0.201852677894451,0.215309523087415),(0.0,1.0),.UNSPECIFIED.)GEOMETRIC_REPRESENTATION_ITEM()RATIONAL_B_SPLINE_SURFACE(((1.0,0.616996847028693,1.0),(1.0,0.616378167759272,1.0),(1.0,0.614921484929242,1.0),(1.0,0.612314410677058,1.0),(1.0,0.609644137842162,1.0),(1.0,0.6073303019814,1.0),(1.0,0.605131979073656,1.0),(1.0,0.603209509080448,1.0),(1.0,0.601178538806733,1.0),(1.0,0.598458396781167,1.0),(1.0,0.593744788330728,1.0),(1.0,0.587251683094141,1.0),(1.0,0.578867516854234,1.0),(1.0,0.570408249215612,1.0),(1.0,0.562480404397852,1.0),(1.0,0.555702597764096,1.0),(1.0,0.550590595750298,1.0),(1.0,0.547511473004988,1.0),(1.0,0.546437975080975,1.0),(1.0,0.546902539529048,1.0),(1.0,0.548607382741639,1.0),(1.0,0.550253180792337,1.0),(1.0,0.551115490042462,1.0)))REPRESENTATION_ITEM('')SURFACE());
#9938=ORIENTED_EDGE('',*,*,#9765,.T.);
#9939=ORIENTED_EDGE('',*,*,#3983,.F.);
#9940=CARTESIAN_POINT('',(278.90918635711279,439.80045930089807,-92.573042251381139));
#9941=DIRECTION('',(-0.153323776273224,-0.901173868711715,0.405434924470597));
#9942=DIRECTION('',(0.0,-0.410286145224937,-0.91195684055577));
#9943=AXIS2_PLACEMENT_3D('',#9940,#9941,#9942);
#9944=CIRCLE('',#9943,4.999999999999999);
#9945=EDGE_CURVE('',#2609,#3793,#9944,.T.);
#9946=ORIENTED_EDGE('',*,*,#9945,.F.);
#9947=ORIENTED_EDGE('',*,*,#2714,.F.);
#9948=EDGE_LOOP('',(#9938,#9939,#9946,#9947));
#9949=FACE_OUTER_BOUND('',#9948,.T.);
#9950=ADVANCED_FACE('',(#9949),#9937,.F.);
#9951=CARTESIAN_POINT('',(283.16873095984442,440.23727324956485,-89.991284448722325));
#9952=CARTESIAN_POINT('',(283.23500960465259,440.63639355607404,-90.168163225026547));
#9953=CARTESIAN_POINT('',(283.36671074109432,441.24431689856516,-90.375826367661517));
#9954=CARTESIAN_POINT('',(283.60552991246846,442.06863927253994,-90.546161010957803));
#9955=CARTESIAN_POINT('',(283.81911369918902,442.69730671180179,-90.621231795664769));
#9956=CARTESIAN_POINT('',(284.06167759617966,443.31639870869884,-90.642413997667873));
#9957=CARTESIAN_POINT('',(284.33188341594609,443.92215899664131,-90.612949382552898));
#9958=CARTESIAN_POINT('',(284.63054970372821,444.51444493409997,-90.535024806098576));
#9959=CARTESIAN_POINT('',(284.96052543900134,445.0940328006219,-90.40869813638335));
#9960=CARTESIAN_POINT('',(285.3119484883411,445.64116650054899,-90.239902550064514));
#9961=CARTESIAN_POINT('',(285.68613341068692,446.15771555391512,-90.031112320271916));
#9962=CARTESIAN_POINT('',(286.08387402303742,446.64265048668375,-89.783806374729537));
#9963=CARTESIAN_POINT('',(286.50695566565554,447.09441302726879,-89.498079498117121));
#9964=CARTESIAN_POINT('',(286.94245826087166,447.4979784289348,-89.184472033597203));
#9965=CARTESIAN_POINT('',(287.39309190482913,447.85639600223698,-88.843010264407738));
#9966=CARTESIAN_POINT('',(287.85880900970392,448.1683068370312,-88.474699372888296));
#9967=CARTESIAN_POINT('',(288.18031981680531,448.34416890073487,-88.210657863700817));
#9968=CARTESIAN_POINT('',(288.34070094473327,448.42227084799174,-88.076629592847056));
#9969=CARTESIAN_POINT('',(279.97530215096424,442.94487355859161,-85.180672526920006));
#9970=CARTESIAN_POINT('',(280.02858293918888,443.22667275350898,-85.32325834431245));
#9971=CARTESIAN_POINT('',(280.12902892793215,443.65239831363374,-85.522279097788328));
#9972=CARTESIAN_POINT('',(280.31789542130815,444.25851633276358,-85.75946594429432));
#9973=CARTESIAN_POINT('',(280.49259861580941,444.73769543884913,-85.919505105143529));
#9974=CARTESIAN_POINT('',(280.70028668899488,445.23148018482618,-86.053226851497811));
#9975=CARTESIAN_POINT('',(280.94312920478222,445.73793398092698,-86.1562476538044));
#9976=CARTESIAN_POINT('',(281.22456445172838,446.25675798242764,-86.224625324471106));
#9977=CARTESIAN_POINT('',(281.54989993026635,446.78814079069912,-86.253312158109324));
#9978=CARTESIAN_POINT('',(281.91070654246442,447.31150784795443,-86.237849676363908));
#9979=CARTESIAN_POINT('',(282.30831094237908,447.82469878717473,-86.176824392071126));
#9980=CARTESIAN_POINT('',(282.74332102299542,448.32332921004644,-86.068246359482004));
#9981=CARTESIAN_POINT('',(283.21723445894833,448.80271457799364,-85.909277724514226));
#9982=CARTESIAN_POINT('',(283.71410632159376,449.24326509365096,-85.704728334559434));
#9983=CARTESIAN_POINT('',(284.23492649858008,449.64460710783129,-85.454889065527937));
#9984=CARTESIAN_POINT('',(284.77773121654582,450.00256532488828,-85.160337430576746));
#9985=CARTESIAN_POINT('',(285.15492999972537,450.21014743573681,-84.932974517425222));
#9986=CARTESIAN_POINT('',(285.34298908282329,450.30349077223946,-84.814126585294275));
#9987=CARTESIAN_POINT('',(275.4613505692779,441.75770872262405,-89.526469901792396));
#9988=CARTESIAN_POINT('',(275.57821028548631,442.40302121564787,-89.808795181945342));
#9989=CARTESIAN_POINT('',(275.81996967281447,443.37924806193587,-90.150805616658118));
#9990=CARTESIAN_POINT('',(276.2701852756793,444.69136582612776,-90.454398528305987));
#9991=CARTESIAN_POINT('',(276.67660311361198,445.68653567134982,-90.606445088065243));
#9992=CARTESIAN_POINT('',(277.1405706739302,446.66149826883094,-90.679112963364346));
#9993=CARTESIAN_POINT('',(277.6586080478437,447.61096556726409,-90.676231661178107));
#9994=CARTESIAN_POINT('',(278.2313998400092,448.53524981320385,-90.600337369405452));
#9995=CARTESIAN_POINT('',(278.86347418780713,449.4359746188008,-90.450824871670576));
#9996=CARTESIAN_POINT('',(279.53501786149832,450.28298424608545,-90.234489480897366));
#9997=CARTESIAN_POINT('',(280.24771263041151,451.07981346466858,-89.954496793583758));
#9998=CARTESIAN_POINT('',(281.00225546485694,451.82537307924059,-89.612350683003484));
#9999=CARTESIAN_POINT('',(281.80116335601622,452.51768983624709,-89.207401926972238));
#10000=CARTESIAN_POINT('',(282.61938601519915,453.13420677102664,-88.75415956528974));
#10001=CARTESIAN_POINT('',(283.46158382032132,453.68004524925334,-88.252487782013574));
#10002=CARTESIAN_POINT('',(284.32721976455247,454.15345511660922,-87.703489930382204));
#10003=CARTESIAN_POINT('',(284.92144949695438,454.4192897063175,-87.304729574304815));
#10004=CARTESIAN_POINT('',(285.21703358562377,454.53705940642317,-87.101094559948763));
#10012=(BOUNDED_SURFACE()B_SPLINE_SURFACE(3,2,((#9951,#9969,#9987),(#9952,#9970,#9988),(#9953,#9971,#9989),(#9954,#9972,#9990),(#9955,#9973,#9991),(#9956,#9974,#9992),(#9957,#9975,#9993),(#9958,#9976,#9994),(#9959,#9977,#9995),(#9960,#9978,#9996),(#9961,#9979,#9997),(#9962,#9980,#9998),(#9963,#9981,#9999),(#9964,#9982,#10000),(#9965,#9983,#10001),(#9966,#9984,#10002),(#9967,#9985,#10003),(#9968,#9986,#10004)),.UNSPECIFIED.,.F.,.F.,.F.)B_SPLINE_SURFACE_WITH_KNOTS((4,1,1,1,1,1,1,1,1,1,1,1,1,1,1,4),(3,3),(0.041006029751775,0.043181062944402,0.044268579540715,0.045356096137028,0.046443612733342,0.047531129329655,0.048618645925969,0.049706162522282,0.050793679118595,0.051881195714909,0.052968712311222,0.054056228907536,0.055143745503849,0.056231262100162,0.057318778696476,0.058406295292789),(0.0,1.0),.UNSPECIFIED.)GEOMETRIC_REPRESENTATION_ITEM()RATIONAL_B_SPLINE_SURFACE(((1.0,0.616996847028694,1.0),(1.0,0.618042902435413,1.0),(1.0,0.621040201817958,1.0),(1.0,0.627410525038136,1.0),(1.0,0.63332224361437,1.0),(1.0,0.640066215556844,1.0),(1.0,0.647445780680441,1.0),(1.0,0.65532840746518,1.0),(1.0,0.663620398768846,1.0),(1.0,0.67192285955267,1.0),(1.0,0.680144555477106,1.0),(1.0,0.688179671994444,1.0),(1.0,0.695930659272842,1.0),(1.0,0.703071471381094,1.0),(1.0,0.709597151237024,1.0),(1.0,0.715447646519723,1.0),(1.0,0.718866503286411,1.0),(1.0,0.720419284270616,1.0)))REPRESENTATION_ITEM('')SURFACE());
#10013=ORIENTED_EDGE('',*,*,#7796,.F.);
#10014=ORIENTED_EDGE('',*,*,#7211,.F.);
#10015=ORIENTED_EDGE('',*,*,#9945,.T.);
#10016=ORIENTED_EDGE('',*,*,#3871,.F.);
#10017=ORIENTED_EDGE('',*,*,#9854,.T.);
#10018=EDGE_LOOP('',(#10013,#10014,#10015,#10016,#10017));
#10019=FACE_OUTER_BOUND('',#10018,.T.);
#10020=ADVANCED_FACE('',(#10019),#10012,.F.);
#10021=CARTESIAN_POINT('',(391.40511796584985,544.8016244425163,-8.472634852900118));
#10022=DIRECTION('',(0.0,0.0,1.0));
#10023=DIRECTION('',(1.0,0.0,0.0));
#10024=AXIS2_PLACEMENT_3D('',#10021,#10022,#10023);
#10025=PLANE('',#10024);
#10026=ORIENTED_EDGE('',*,*,#151,.T.);
#10027=CARTESIAN_POINT('',(316.69667832656432,544.8016244425163,-8.472634852900118));
#10028=DIRECTION('',(-1.0,0.0,0.0));
#10029=VECTOR('',#10028,174.23889814477371);
#10030=LINE('',#10027,#10029);
#10031=EDGE_CURVE('',#146,#196,#10030,.T.);
#10032=ORIENTED_EDGE('',*,*,#10031,.T.);
#10033=ORIENTED_EDGE('',*,*,#203,.T.);
#10034=CARTESIAN_POINT('',(316.69667832656432,536.82283475502334,-8.472634852900109));
#10035=DIRECTION('',(-1.0,0.0,0.0));
#10036=VECTOR('',#10035,174.23889814477374);
#10037=LINE('',#10034,#10036);
#10038=EDGE_CURVE('',#144,#198,#10037,.T.);
#10039=ORIENTED_EDGE('',*,*,#10038,.F.);
#10040=EDGE_LOOP('',(#10026,#10032,#10033,#10039));
#10041=FACE_OUTER_BOUND('',#10040,.T.);
#10042=ADVANCED_FACE('',(#10041),#10025,.T.);
#10043=CARTESIAN_POINT('',(391.40511796584985,544.8016244425163,-8.472634852900118));
#10044=DIRECTION('',(0.0,-1.0,0.0));
#10045=DIRECTION('',(0.0,0.0,-1.0));
#10046=AXIS2_PLACEMENT_3D('',#10043,#10044,#10045);
#10047=PLANE('',#10046);
#10048=ORIENTED_EDGE('',*,*,#174,.T.);
#10049=CARTESIAN_POINT('',(316.69667832656432,544.8016244425163,8.472634852900118));
#10050=DIRECTION('',(-1.0,0.0,0.0));
#10051=VECTOR('',#10050,174.23889814477371);
#10052=LINE('',#10049,#10051);
#10053=EDGE_CURVE('',#163,#206,#10052,.T.);
#10054=ORIENTED_EDGE('',*,*,#10053,.T.);
#10055=ORIENTED_EDGE('',*,*,#211,.T.);
#10056=ORIENTED_EDGE('',*,*,#10031,.F.);
#10057=EDGE_LOOP('',(#10048,#10054,#10055,#10056));
#10058=FACE_OUTER_BOUND('',#10057,.T.);
#10059=ADVANCED_FACE('',(#10058),#10047,.T.);
#10060=CARTESIAN_POINT('',(391.40511796584985,544.8016244425163,8.472634852900118));
#10061=DIRECTION('',(0.0,0.0,-1.0));
#10062=DIRECTION('',(-1.0,0.0,0.0));
#10063=AXIS2_PLACEMENT_3D('',#10060,#10061,#10062);
#10064=PLANE('',#10063);
#10065=ORIENTED_EDGE('',*,*,#168,.T.);
#10066=CARTESIAN_POINT('',(316.69667832656427,536.82283475502334,8.472634852900116));
#10067=DIRECTION('',(-1.0,0.0,0.0));
#10068=VECTOR('',#10067,174.23889814477366);
#10069=LINE('',#10066,#10068);
#10070=EDGE_CURVE('',#154,#214,#10069,.T.);
#10071=ORIENTED_EDGE('',*,*,#10070,.T.);
#10072=ORIENTED_EDGE('',*,*,#219,.T.);
#10073=ORIENTED_EDGE('',*,*,#10053,.F.);
#10074=EDGE_LOOP('',(#10065,#10071,#10072,#10073));
#10075=FACE_OUTER_BOUND('',#10074,.T.);
#10076=ADVANCED_FACE('',(#10075),#10064,.T.);
#10077=CARTESIAN_POINT('',(391.40511796584985,499.27337266807967,0.0));
#10078=DIRECTION('',(-1.0,0.0,0.0));
#10079=DIRECTION('',(0.0,0.0,1.0));
#10080=AXIS2_PLACEMENT_3D('',#10077,#10078,#10079);
#10081=CYLINDRICAL_SURFACE('',#10080,38.493475348030096);
#10082=ORIENTED_EDGE('',*,*,#160,.T.);
#10083=ORIENTED_EDGE('',*,*,#10038,.T.);
#10084=ORIENTED_EDGE('',*,*,#226,.T.);
#10085=ORIENTED_EDGE('',*,*,#10070,.F.);
#10086=EDGE_LOOP('',(#10082,#10083,#10084,#10085));
#10087=FACE_OUTER_BOUND('',#10086,.T.);
#10088=ADVANCED_FACE('',(#10087),#10081,.F.);
#10089=CLOSED_SHELL('',(#126,#178,#230,#432,#623,#842,#1041,#1254,#1462,#1675,#1883,#2096,#2304,#2517,#2725,#2796,#2867,#2938,#3009,#3080,#3424,#3678,#3712,#3732,#3752,#3772,#3784,#5870,#5921,#5941,#5961,#5981,#6001,#6021,#6033,#6136,#6271,#6310,#6421,#6463,#6553,#6640,#6710,#6813,#6916,#7019,#7122,#7225,#7360,#7495,#7630,#7765,#7900,#7939,#8032,#8074,#8164,#8254,#8324,#8363,#8456,#8498,#8588,#8678,#8748,#8787,#8880,#8922,#9012,#9102,#9172,#9211,#9304,#9346,#9436,#9526,#9596,#9635,#9728,#9770,#9860,#9950,#10020,#10042,#10059,#10076,#10088));
#10090=MANIFOLD_SOLID_BREP('forma_1',#10089);
#10091=COLOUR_RGB('',0.792156875133514,0.819607853889465,0.933333337306976);
#10092=FILL_AREA_STYLE_COLOUR('',#10091);
#10093=FILL_AREA_STYLE('',(#10092));
#10094=SURFACE_STYLE_FILL_AREA(#10093);
#10095=SURFACE_SIDE_STYLE('',(#10094));
#10096=SURFACE_STYLE_USAGE(.BOTH.,#10095);
#10097=PRESENTATION_STYLE_ASSIGNMENT((#10096));
#10098=STYLED_ITEM('',(#10097,#10106),#10090);
#10099=MECHANICAL_DESIGN_GEOMETRIC_PRESENTATION_REPRESENTATION('',(#10098),#67);
#10100=COLOUR_RGB('\X2\FFFDFFFD\X0\ \X2\FFFDFFFDFFFDFFFDFFFDFFFDFFFDFFFDFFFD\X0\',0.75,0.75,0.75);
#10101=FILL_AREA_STYLE_COLOUR('\X2\FFFDFFFD\X0\ \X2\FFFDFFFDFFFDFFFDFFFDFFFDFFFDFFFDFFFD\X0\',#10100);
#10102=FILL_AREA_STYLE('\X2\FFFDFFFD\X0\ \X2\FFFDFFFDFFFDFFFDFFFDFFFDFFFDFFFDFFFD\X0\',(#10101));
#10103=SURFACE_STYLE_FILL_AREA(#10102);
#10104=SURFACE_SIDE_STYLE('\X2\FFFDFFFD\X0\ \X2\FFFDFFFDFFFDFFFDFFFDFFFDFFFDFFFDFFFD\X0\',(#10103));
#10105=SURFACE_STYLE_USAGE(.BOTH.,#10104);
#10106=PRESENTATION_STYLE_ASSIGNMENT((#10105));
#10107=ADVANCED_BREP_SHAPE_REPRESENTATION('ABSR',(#10090),#36);
#10108=SHAPE_REPRESENTATION_RELATIONSHIP('SRR','None',#10107,#41);
ENDSEC;
END-ISO-10303-21;
